subfigure,M,constellation,receiver,loss_db_per_arm_code,end_to_end_loss_db_midpoint,hashing_bound_bits_per_attempt,optimized_spacing_d,source_dataset,loss_db,vacuum_rate,raw_rate,raw_minus_vacuum,vacuum_d,raw_d,source_file,raw_success_probability,raw_average_target_fidelity,raw_useful_outcomes,raw_candidate_seconds,note,source_label,source_priority,vacuum_candidate_source,raw_candidate_source,vacuum_candidate_seconds,vacuum_bracket_min,vacuum_bracket_max,raw_bracket_min,raw_bracket_max,vacuum_optimizer_success,raw_optimizer_success,vacuum_optimizer_nfev,raw_optimizer_nfev,cache_evaluations,vacuum_boundary_peak,raw_boundary_peak,seconds
Fig. 1(c),2,2-QAM,full_state_raw_label_srm,0.0,0.0,1.0,5.95382694915,merged_2_4_8_16_raw_label_srm,0.0,0.99999998477,1.0,1.52299791667e-08,6.0,5.95382694915,results/raw_label_vs_vacuum_omit_srm_qam_ultradense_m2_0_0p25db/raw_label_minus_vacuum_omit_srm.csv,,,,,,,,,,,,,,,,,,,,,,
Fig. 1(c),2,2-QAM,full_state_raw_label_srm,0.01,0.02,0.939411105043,2.2700217954,merged_2_4_8_16_raw_label_srm,0.01,0.908161686232,0.939411105043,0.0312494188111,2.87497501367,2.2700217954,results/raw_label_vs_vacuum_omit_srm_qam_ultradense_m2_0_0p25db/raw_label_minus_vacuum_omit_srm.csv,,,,,,,,,,,,,,,,,,,,,,
Fig. 1(c),2,2-QAM,full_state_raw_label_srm,0.02,0.04,0.901300440841,2.14308468085,merged_2_4_8_16_raw_label_srm,0.02,0.85563397593,0.901300440841,0.0456664649112,2.66426012849,2.14308468085,results/raw_label_vs_vacuum_omit_srm_qam_ultradense_m2_0_0p25db/raw_label_minus_vacuum_omit_srm.csv,,,,,,,,,,,,,,,,,,,,,,
Fig. 1(c),2,2-QAM,full_state_raw_label_srm,0.03,0.06,0.869883268406,2.06753939152,merged_2_4_8_16_raw_label_srm,0.03,0.814526033968,0.869883268406,0.0553572344383,2.5346853605,2.06753939152,results/raw_label_vs_vacuum_omit_srm_qam_ultradense_m2_0_0p25db/raw_label_minus_vacuum_omit_srm.csv,,,,,,,,,,,,,,,,,,,,,,
Fig. 1(c),2,2-QAM,full_state_raw_label_srm,0.04,0.08,0.842422690765,2.01351878567,merged_2_4_8_16_raw_label_srm,0.04,0.78005903878,0.842422690765,0.0623636519845,2.43968246453,2.01351878567,results/raw_label_vs_vacuum_omit_srm_qam_ultradense_m2_0_0p25db/raw_label_minus_vacuum_omit_srm.csv,,,,,,,,,,,,,,,,,,,,,,
Fig. 1(c),2,2-QAM,full_state_raw_label_srm,0.05,0.1,0.817711000695,1.97146625929,merged_2_4_8_16_raw_label_srm,0.05,0.750134677896,0.817711000695,0.0675763227997,2.36416367465,1.97146625929,results/raw_label_vs_vacuum_omit_srm_qam_ultradense_m2_0_0p25db/raw_label_minus_vacuum_omit_srm.csv,,,,,,,,,,,,,,,,,,,,,,
Fig. 1(c),2,2-QAM,full_state_raw_label_srm,0.06,0.12,0.7950735757,1.93706733311,merged_2_4_8_16_raw_label_srm,0.06,0.723586531235,0.7950735757,0.071487044465,2.30125172517,1.93706733311,results/raw_label_vs_vacuum_omit_srm_qam_ultradense_m2_0_0p25db/raw_label_minus_vacuum_omit_srm.csv,,,,,,,,,,,,,,,,,,,,,,
Fig. 1(c),2,2-QAM,full_state_raw_label_srm,0.07,0.14,0.774083197484,1.90799487138,merged_2_4_8_16_raw_label_srm,0.07,0.699679688579,0.774083197484,0.0744035089046,2.24720494884,1.90799487138,results/raw_label_vs_vacuum_omit_srm_qam_ultradense_m2_0_0p25db/raw_label_minus_vacuum_omit_srm.csv,,,,,,,,,,,,,,,,,,,,,,
Fig. 1(c),2,2-QAM,full_state_raw_label_srm,0.08,0.16,0.754446941918,1.88284950643,merged_2_4_8_16_raw_label_srm,0.08,0.677912946991,0.754446941918,0.0765339949271,2.19975636951,1.88284950643,results/raw_label_vs_vacuum_omit_srm_qam_ultradense_m2_0_0p25db/raw_label_minus_vacuum_omit_srm.csv,,,,,,,,,,,,,,,,,,,,,,
Fig. 1(c),2,2-QAM,full_state_raw_label_srm,0.09,0.18,0.735952552344,1.86072111883,merged_2_4_8_16_raw_label_srm,0.09,0.657925161207,0.735952552344,0.0780273911372,2.15742309931,1.86072111883,results/raw_label_vs_vacuum_omit_srm_qam_ultradense_m2_0_0p25db/raw_label_minus_vacuum_omit_srm.csv,,,,,,,,,,,,,,,,,,,,,,
Fig. 1(c),2,2-QAM,full_state_raw_label_srm,0.1,0.2,0.718439820313,1.84098663433,merged_2_4_8_16_raw_label_srm,0.1,0.63944533254,0.718439820313,0.0789944877728,2.11917689856,1.84098663433,results/raw_label_vs_vacuum_omit_srm_qam_ultradense_m2_0_0p25db/raw_label_minus_vacuum_omit_srm.csv,,,,,,,,,,,,,,,,,,,,,,
Fig. 1(c),2,2-QAM,full_state_raw_label_srm,0.11,0.22,0.701783963671,1.82319509152,merged_2_4_8_16_raw_label_srm,0.11,0.622263660479,0.701783963671,0.0795203031919,2.08428068463,1.82319509152,results/raw_label_vs_vacuum_omit_srm_qam_ultradense_m2_0_0p25db/raw_label_minus_vacuum_omit_srm.csv,,,,,,,,,,,,,,,,,,,,,,
Fig. 1(c),2,2-QAM,full_state_raw_label_srm,0.12,0.24,0.68588533611,1.80701653946,merged_2_4_8_16_raw_label_srm,0.12,0.606213646576,0.68588533611,0.0796716895338,2.05217864922,1.80701653946,results/raw_label_vs_vacuum_omit_srm_qam_ultradense_m2_0_0p25db/raw_label_minus_vacuum_omit_srm.csv,,,,,,,,,,,,,,,,,,,,,,
Fig. 1(c),2,2-QAM,full_state_raw_label_srm,0.13,0.26,0.670662729493,1.79219689889,merged_2_4_8_16_raw_label_srm,0.13,0.591160463951,0.670662729493,0.079502265542,2.02244953482,1.79219689889,results/raw_label_vs_vacuum_omit_srm_qam_ultradense_m2_0_0p25db/raw_label_minus_vacuum_omit_srm.csv,,,,,,,,,,,,,,,,,,,,,,
Fig. 1(c),2,2-QAM,full_state_raw_label_srm,0.14,0.28,0.656048835006,1.77853848349,merged_2_4_8_16_raw_label_srm,0.14,0.57699308803,0.656048835006,0.0790557469762,1.99476060404,1.77853848349,results/raw_label_vs_vacuum_omit_srm_qam_ultradense_m2_0_0p25db/raw_label_minus_vacuum_omit_srm.csv,,,,,,,,,,,,,,,,,,,,,,
Fig. 1(c),2,2-QAM,full_state_raw_label_srm,0.15,0.3,0.641987063186,1.76588511953,merged_2_4_8_16_raw_label_srm,0.15,0.563618792419,0.641987063186,0.0783682707674,1.96884652552,1.76588511953,results/raw_label_vs_vacuum_omit_srm_qam_ultradense_m2_0_0p25db/raw_label_minus_vacuum_omit_srm.csv,,,,,,,,,,,,,,,,,,,,,,
Fig. 1(c),2,2-QAM,full_state_raw_label_srm,0.16,0.32,0.628429252873,1.75410630811,merged_2_4_8_16_raw_label_srm,0.16,0.550959190325,0.628429252873,0.0774700625475,1.94448931934,1.75410630811,results/raw_label_vs_vacuum_omit_srm_qam_ultradense_m2_0_0p25db/raw_label_minus_vacuum_omit_srm.csv,,,,,,,,,,,,,,,,,,,,,,
Fig. 1(c),2,2-QAM,full_state_raw_label_srm,0.17,0.34,0.615333980821,1.74310118856,merged_2_4_8_16_raw_label_srm,0.17,0.538947319209,0.615333980821,0.0763866616119,1.92151409573,1.74310118856,results/raw_label_vs_vacuum_omit_srm_qam_ultradense_m2_0_0p25db/raw_label_minus_vacuum_omit_srm.csv,,,,,,,,,,,,,,,,,,,,,,
Fig. 1(c),2,2-QAM,full_state_raw_label_srm,0.18,0.36,0.602665288643,1.73278196168,merged_2_4_8_16_raw_label_srm,0.18,0.527525449389,0.602665288643,0.0751398392535,1.89977017894,1.73278196168,results/raw_label_vs_vacuum_omit_srm_qam_ultradense_m2_0_0p25db/raw_label_minus_vacuum_omit_srm.csv,,,,,,,,,,,,,,,,,,,,,,
Fig. 1(c),2,2-QAM,full_state_raw_label_srm,0.19,0.38,0.590391706718,1.72307595287,merged_2_4_8_16_raw_label_srm,0.19,0.516643407229,0.590391706718,0.0737482994889,1.87913200635,1.72307595287,results/raw_label_vs_vacuum_omit_srm_qam_ultradense_m2_0_0p25db/raw_label_minus_vacuum_omit_srm.csv,,,,,,,,,,,,,,,,,,,,,,
Fig. 1(c),2,2-QAM,full_state_raw_label_srm,0.2,0.4,0.57848549394,1.71392057138,merged_2_4_8_16_raw_label_srm,0.2,0.50625727182,0.57848549394,0.0722282221192,1.85949469043,1.71392057138,results/raw_label_vs_vacuum_omit_srm_qam_ultradense_m2_0_0p25db/raw_label_minus_vacuum_omit_srm.csv,,,,,,,,,,,,,,,,,,,,,,
Fig. 1(c),2,2-QAM,full_state_raw_label_srm,0.21,0.42,0.566922037248,1.70526640053,merged_2_4_8_16_raw_label_srm,0.21,0.496328347822,0.566922037248,0.0705936894259,1.84076302055,1.70526640053,results/raw_label_vs_vacuum_omit_srm_qam_ultradense_m2_0_0p25db/raw_label_minus_vacuum_omit_srm.csv,,,,,,,,,,,,,,,,,,,,,,
Fig. 1(c),2,2-QAM,full_state_raw_label_srm,0.22,0.44,0.555679371409,1.69706340475,merged_2_4_8_16_raw_label_srm,0.22,0.486822345842,0.555679371409,0.0688570255665,1.82286227875,1.69706340475,results/raw_label_vs_vacuum_omit_srm_qam_ultradense_m2_0_0p25db/raw_label_minus_vacuum_omit_srm.csv,,,,,,,,,,,,,,,,,,,,,,
Fig. 1(c),2,2-QAM,full_state_raw_label_srm,0.23,0.46,0.544737790659,1.68927733763,merged_2_4_8_16_raw_label_srm,0.23,0.477708721133,0.544737790659,0.0670290695262,1.80571936235,1.68927733763,results/raw_label_vs_vacuum_omit_srm_qam_ultradense_m2_0_0p25db/raw_label_minus_vacuum_omit_srm.csv,,,,,,,,,,,,,,,,,,,,,,
Fig. 1(c),2,2-QAM,full_state_raw_label_srm,0.24,0.48,0.534079531429,1.681867579,merged_2_4_8_16_raw_label_srm,0.24,0.468960134615,0.534079531429,0.0651193968144,1.78927705068,1.681867579,results/raw_label_vs_vacuum_omit_srm_qam_ultradense_m2_0_0p25db/raw_label_minus_vacuum_omit_srm.csv,,,,,,,,,,,,,,,,,,,,,,
Fig. 1(c),2,2-QAM,full_state_raw_label_srm,0.25,0.5,0.523688510758,1.67480861687,merged_2_4_8_16_raw_label_srm,0.25,0.460552009601,0.523688510758,0.0631365011564,1.77347741321,1.67480861687,results/raw_label_vs_vacuum_omit_srm_qam_ultradense_m2_0_0p25db/raw_label_minus_vacuum_omit_srm.csv,,,,,,,,,,,,,,,,,,,,,,
Fig. 1(c),2,2-QAM,full_state_raw_label_srm,0.3,0.6,0.47527205302,1.64391684701,merged_2_4_8_16_raw_label_srm,0.3,0.42290984539,0.47527205302,0.0523622076301,1.70266352526,1.64391684701,results/raw_label_vs_vacuum_omit_srm_qam_dense_0_2db/raw_label_minus_vacuum_omit_srm.csv,,,,,,,,,,,,,,,,,,,,,,
Fig. 1(c),2,2-QAM,full_state_raw_label_srm,0.4,0.8,0.392270357782,1.59788389966,merged_2_4_8_16_raw_label_srm,0.4,0.36395002354,0.392270357782,0.028320334242,1.59053517894,1.59788389966,results/raw_label_vs_vacuum_omit_srm_qam_dense_0_2db/raw_label_minus_vacuum_omit_srm.csv,,,,,,,,,,,,,,,,,,,,,,
Fig. 1(c),2,2-QAM,full_state_raw_label_srm,0.5,1.0,0.32250877657,1.56544332127,merged_2_4_8_16_raw_label_srm,0.5,0.319432778641,0.32250877657,0.00307599792815,1.50383713709,1.56544332127,results/raw_label_vs_vacuum_omit_srm_qam_dense_0_2db/raw_label_minus_vacuum_omit_srm.csv,,,,,,,,,,,,,,,,,,,,,,
Fig. 1(c),2,2-QAM,full_state_raw_label_srm,0.6,1.2,0.262237511132,1.54215064295,merged_2_4_8_16_raw_label_srm,0.6,0.284380830628,0.262237511132,-0.0221433194959,1.4336465554,1.54215064295,results/raw_label_vs_vacuum_omit_srm_qam_dense_0_2db/raw_label_minus_vacuum_omit_srm.csv,,,,,,,,,,,,,,,,,,,,,,
Fig. 1(c),2,2-QAM,full_state_raw_label_srm,0.7,1.4,0.209162398754,1.5259638627,merged_2_4_8_16_raw_label_srm,0.7,0.255947835736,0.209162398754,-0.0467854369823,1.37505140691,1.5259638627,results/raw_label_vs_vacuum_omit_srm_qam_ultradense_m2_0p7_0p8db/raw_label_minus_vacuum_omit_srm.csv,,,,,,,,,,,,,,,,,,,,,,
Fig. 1(c),2,2-QAM,full_state_raw_label_srm,0.705,1.41,0.206667955296,1.52532451558,merged_2_4_8_16_raw_label_srm,0.705,0.254665043866,0.206667955296,-0.0479970885701,1.37236675316,1.52532451558,results/raw_label_vs_vacuum_omit_srm_qam_ultradense_m2_0p7_0p8db/raw_label_minus_vacuum_omit_srm.csv,,,,,,,,,,,,,,,,,,,,,,
Fig. 1(c),2,2-QAM,full_state_raw_label_srm,0.71,1.42,0.204187455039,1.52470111053,merged_2_4_8_16_raw_label_srm,0.71,0.253394073876,0.204187455039,-0.0492066188372,1.36970318294,1.52470111053,results/raw_label_vs_vacuum_omit_srm_qam_ultradense_m2_0p7_0p8db/raw_label_minus_vacuum_omit_srm.csv,,,,,,,,,,,,,,,,,,,,,,
Fig. 1(c),2,2-QAM,full_state_raw_label_srm,0.715,1.43,0.201720747159,1.52409365879,merged_2_4_8_16_raw_label_srm,0.715,0.252134756494,0.201720747159,-0.0504140093352,1.36706042578,1.52409365879,results/raw_label_vs_vacuum_omit_srm_qam_ultradense_m2_0p7_0p8db/raw_label_minus_vacuum_omit_srm.csv,,,,,,,,,,,,,,,,,,,,,,
Fig. 1(c),2,2-QAM,full_state_raw_label_srm,0.72,1.44,0.19926768344,1.52350217985,merged_2_4_8_16_raw_label_srm,0.72,0.250886925801,0.19926768344,-0.0516192423618,1.36443612453,1.52350217985,results/raw_label_vs_vacuum_omit_srm_qam_ultradense_m2_0p7_0p8db/raw_label_minus_vacuum_omit_srm.csv,,,,,,,,,,,,,,,,,,,,,,
Fig. 1(c),2,2-QAM,full_state_raw_label_srm,0.725,1.45,0.196828118212,1.52292670171,merged_2_4_8_16_raw_label_srm,0.725,0.249650419146,0.196828118212,-0.0528223009335,1.36183395602,1.52292670171,results/raw_label_vs_vacuum_omit_srm_qam_ultradense_m2_0p7_0p8db/raw_label_minus_vacuum_omit_srm.csv,,,,,,,,,,,,,,,,,,,,,,
Fig. 1(c),2,2-QAM,full_state_raw_label_srm,0.73,1.46,0.194401908301,1.52236726094,merged_2_4_8_16_raw_label_srm,0.73,0.248425077059,0.194401908301,-0.0540231687577,1.3592515967,1.52236726094,results/raw_label_vs_vacuum_omit_srm_qam_ultradense_m2_0p7_0p8db/raw_label_minus_vacuum_omit_srm.csv,,,,,,,,,,,,,,,,,,,,,,
Fig. 1(c),2,2-QAM,full_state_raw_label_srm,0.735,1.47,0.191988912969,1.52182390298,merged_2_4_8_16_raw_label_srm,0.735,0.247210743176,0.191988912969,-0.0552218302065,1.35668879267,1.52182390298,results/raw_label_vs_vacuum_omit_srm_qam_ultradense_m2_0p7_0p8db/raw_label_minus_vacuum_omit_srm.csv,,,,,,,,,,,,,,,,,,,,,,
Fig. 1(c),2,2-QAM,full_state_raw_label_srm,0.74,1.48,0.189588993866,1.52129668228,merged_2_4_8_16_raw_label_srm,0.74,0.246007264158,0.189588993866,-0.0564182702915,1.35414529529,1.52129668228,results/raw_label_vs_vacuum_omit_srm_qam_ultradense_m2_0p7_0p8db/raw_label_minus_vacuum_omit_srm.csv,,,,,,,,,,,,,,,,,,,,,,
Fig. 1(c),2,2-QAM,full_state_raw_label_srm,0.745,1.49,0.187202014977,1.52078566251,merged_2_4_8_16_raw_label_srm,0.745,0.244814489615,0.187202014977,-0.0576124746383,1.35162086085,1.52078566251,results/raw_label_vs_vacuum_omit_srm_qam_ultradense_m2_0p7_0p8db/raw_label_minus_vacuum_omit_srm.csv,,,,,,,,,,,,,,,,,,,,,,
Fig. 1(c),2,2-QAM,full_state_raw_label_srm,0.75,1.5,0.184827842575,1.52029091681,merged_2_4_8_16_raw_label_srm,0.75,0.243632272037,0.184827842575,-0.0588044294627,1.3491152505,1.52029091681,results/raw_label_vs_vacuum_omit_srm_qam_ultradense_m2_0p7_0p8db/raw_label_minus_vacuum_omit_srm.csv,,,,,,,,,,,,,,,,,,,,,,
Fig. 1(c),2,2-QAM,full_state_raw_label_srm,0.755,1.51,0.183536400447,1.17684621836,merged_2_4_8_16_raw_label_srm,0.755,0.242460466717,0.183536400447,-0.0589240662697,1.34662823017,1.17684621836,results/raw_label_vs_vacuum_omit_srm_qam_ultradense_m2_0p7_0p8db/raw_label_minus_vacuum_omit_srm.csv,,,,,,,,,,,,,,,,,,,,,,
Fig. 1(c),2,2-QAM,full_state_raw_label_srm,0.76,1.52,0.182839114557,1.17517986424,merged_2_4_8_16_raw_label_srm,0.76,0.241298931686,0.182839114557,-0.0584598171292,1.34416292361,1.17517986424,results/raw_label_vs_vacuum_omit_srm_qam_ultradense_m2_0p7_0p8db/raw_label_minus_vacuum_omit_srm.csv,,,,,,,,,,,,,,,,,,,,,,
Fig. 1(c),2,2-QAM,full_state_raw_label_srm,0.765,1.53,0.182146747464,1.17352501108,merged_2_4_8_16_raw_label_srm,0.765,0.240147527648,0.182146747464,-0.0580007801841,1.34171204333,1.17352501108,results/raw_label_vs_vacuum_omit_srm_qam_ultradense_m2_0p7_0p8db/raw_label_minus_vacuum_omit_srm.csv,,,,,,,,,,,,,,,,,,,,,,
Fig. 1(c),2,2-QAM,full_state_raw_label_srm,0.77,1.54,0.181459242357,1.17188152099,merged_2_4_8_16_raw_label_srm,0.77,0.239006117908,0.181459242357,-0.0575468755509,1.33927957175,1.17188152099,results/raw_label_vs_vacuum_omit_srm_qam_ultradense_m2_0p7_0p8db/raw_label_minus_vacuum_omit_srm.csv,,,,,,,,,,,,,,,,,,,,,,
Fig. 1(c),2,2-QAM,full_state_raw_label_srm,0.775,1.55,0.180776543378,1.17024925865,merged_2_4_8_16_raw_label_srm,0.775,0.237874568319,0.180776543378,-0.0570980249409,1.33686476545,1.17024925865,results/raw_label_vs_vacuum_omit_srm_qam_ultradense_m2_0p7_0p8db/raw_label_minus_vacuum_omit_srm.csv,,,,,,,,,,,,,,,,,,,,,,
Fig. 1(c),2,2-QAM,full_state_raw_label_srm,0.78,1.56,0.180098595594,1.16862809126,merged_2_4_8_16_raw_label_srm,0.78,0.236752747213,0.180098595594,-0.0566541516194,1.33446741185,1.16862809126,results/raw_label_vs_vacuum_omit_srm_qam_ultradense_m2_0p7_0p8db/raw_label_minus_vacuum_omit_srm.csv,,,,,,,,,,,,,,,,,,,,,,
Fig. 1(c),2,2-QAM,full_state_raw_label_srm,0.785,1.57,0.179425344981,1.16701788843,merged_2_4_8_16_raw_label_srm,0.785,0.235640525348,0.179425344981,-0.0562151803669,1.33208730247,1.16701788843,results/raw_label_vs_vacuum_omit_srm_qam_ultradense_m2_0p7_0p8db/raw_label_minus_vacuum_omit_srm.csv,,,,,,,,,,,,,,,,,,,,,,
Fig. 1(c),2,2-QAM,full_state_raw_label_srm,0.79,1.58,0.178756738404,1.16541852216,merged_2_4_8_16_raw_label_srm,0.79,0.234537775846,0.178756738404,-0.0557810374422,1.32972423274,1.16541852216,results/raw_label_vs_vacuum_omit_srm_qam_ultradense_m2_0p7_0p8db/raw_label_minus_vacuum_omit_srm.csv,,,,,,,,,,,,,,,,,,,,,,
Fig. 1(c),2,2-QAM,full_state_raw_label_srm,0.795,1.59,0.178092723592,1.16382986678,merged_2_4_8_16_raw_label_srm,0.795,0.233444374138,0.178092723592,-0.0553516505459,1.32737834572,1.16382986678,results/raw_label_vs_vacuum_omit_srm_qam_ultradense_m2_0p7_0p8db/raw_label_minus_vacuum_omit_srm.csv,,,,,,,,,,,,,,,,,,,,,,
Fig. 1(c),2,2-QAM,full_state_raw_label_srm,0.8,1.6,0.177433249129,1.16225380725,merged_2_4_8_16_raw_label_srm,0.8,0.232360197913,0.177433249129,-0.0549269487844,1.32504876282,1.16225380725,results/raw_label_vs_vacuum_omit_srm_qam_ultradense_m2_0p7_0p8db/raw_label_minus_vacuum_omit_srm.csv,,,,,,,,,,,,,,,,,,,,,,
Fig. 1(c),2,2-QAM,full_state_raw_label_srm,0.9,1.8,0.165124850249,1.13273068649,merged_2_4_8_16_raw_label_srm,0.9,0.212443594205,0.165124850249,-0.0473187439559,1.28166702966,1.13273068649,results/raw_label_vs_vacuum_omit_srm_qam_dense_0_2db/raw_label_minus_vacuum_omit_srm.csv,,,,,,,,,,,,,,,,,,,,,,
Fig. 1(c),2,2-QAM,full_state_raw_label_srm,1.0,2.0,0.15427493572,1.10655316036,merged_2_4_8_16_raw_label_srm,1.0,0.195384214425,0.15427493572,-0.0411092787051,1.24353321603,1.10655316036,results/raw_label_vs_vacuum_omit_srm_qam_dense_0_2db/raw_label_minus_vacuum_omit_srm.csv,,,,,,,,,,,,,,,,,,,,,,
Fig. 1(c),2,2-QAM,full_state_raw_label_srm,1.1,2.2,0.144624326548,1.08310495219,merged_2_4_8_16_raw_label_srm,1.1,0.180597582253,0.144624326548,-0.0359732557043,1.209659082,1.08310495219,results/raw_label_vs_vacuum_omit_srm_qam_dense_0_2db/raw_label_minus_vacuum_omit_srm.csv,,,,,,,,,,,,,,,,,,,,,,
Fig. 1(c),2,2-QAM,full_state_raw_label_srm,1.2,2.4,0.135975025079,1.06192502559,merged_2_4_8_16_raw_label_srm,1.2,0.16765164492,0.135975025079,-0.0316766198413,1.17930503133,1.06192502559,results/raw_label_vs_vacuum_omit_srm_qam_dense_0_2db/raw_label_minus_vacuum_omit_srm.csv,,,,,,,,,,,,,,,,,,,,,,
Fig. 1(c),2,2-QAM,full_state_raw_label_srm,1.3,2.6,0.128172466802,1.04266120576,merged_2_4_8_16_raw_label_srm,1.3,0.156219312109,0.128172466802,-0.0280468453072,1.15190446747,1.04266120576,results/raw_label_vs_vacuum_omit_srm_qam_dense_0_2db/raw_label_minus_vacuum_omit_srm.csv,,,,,,,,,,,,,,,,,,,,,,
Fig. 1(c),2,2-QAM,full_state_raw_label_srm,1.4,2.8,0.12109378874,1.02503345786,merged_2_4_8_16_raw_label_srm,1.4,0.146047926221,0.12109378874,-0.0249541374811,1.12701501701,1.02503345786,results/raw_label_vs_vacuum_omit_srm_qam_dense_0_2db/raw_label_minus_vacuum_omit_srm.csv,,,,,,,,,,,,,,,,,,,,,,
Fig. 1(c),2,2-QAM,full_state_raw_label_srm,1.5,3.0,0.114639811357,1.00882133908,merged_2_4_8_16_raw_label_srm,1.5,0.136938935688,0.114639811357,-0.0222991243307,1.10428301728,1.00882133908,results/raw_label_vs_vacuum_omit_srm_qam_dense_0_2db/raw_label_minus_vacuum_omit_srm.csv,,,,,,,,,,,,,,,,,,,,,,
Fig. 1(c),2,2-QAM,full_state_raw_label_srm,1.6,3.2,0.108729402467,0.993846298014,merged_2_4_8_16_raw_label_srm,1.6,0.128733961955,0.108729402467,-0.0200045594875,1.08342264168,0.993846298014,results/raw_label_vs_vacuum_omit_srm_qam_dense_0_2db/raw_label_minus_vacuum_omit_srm.csv,,,,,,,,,,,,,,,,,,,,,,
Fig. 1(c),2,2-QAM,full_state_raw_label_srm,1.7,3.4,0.103295419438,0.979959453614,merged_2_4_8_16_raw_label_srm,1.7,0.121305007838,0.103295419438,-0.0180095884004,1.06419933045,0.979959453614,results/raw_label_vs_vacuum_omit_srm_qam_dense_0_2db/raw_label_minus_vacuum_omit_srm.csv,,,,,,,,,,,,,,,,,,,,,,
Fig. 1(c),2,2-QAM,full_state_raw_label_srm,1.8,3.6,0.0982817266093,0.967037205792,merged_2_4_8_16_raw_label_srm,1.8,0.114547425704,0.0982817266093,-0.0162656990943,1.04641692615,0.967037205792,results/raw_label_vs_vacuum_omit_srm_qam_dense_0_2db/raw_label_minus_vacuum_omit_srm.csv,,,,,,,,,,,,,,,,,,,,,,
Fig. 1(c),2,2-QAM,full_state_raw_label_srm,1.9,3.8,0.0936409630409,0.954975699517,merged_2_4_8_16_raw_label_srm,1.9,0.1083747708,0.0936409630409,-0.0147338077589,1.0299157009,0.954975699517,results/raw_label_vs_vacuum_omit_srm_qam_dense_0_2db/raw_label_minus_vacuum_omit_srm.csv,,,,,,,,,,,,,,,,,,,,,,
Fig. 1(c),2,2-QAM,full_state_raw_label_srm,2.0,4.0,0.0893328449869,0.943686637328,merged_2_4_8_16_raw_label_srm,2.0,0.102714970508,0.0893328449869,-0.013382125521,1.01455539827,0.943686637328,results/raw_label_vs_vacuum_omit_srm_qam_dense_0_2db/raw_label_minus_vacuum_omit_srm.csv,,,,,,,,,,,,,,,,,,,,,,
Fig. 1(c),2,2-QAM,full_state_raw_label_srm,2.5,5.0,0.0717240985119,0.896502126091,merged_2_4_8_16_raw_label_srm,2.5,0.0802785416717,0.0717240985119,-0.0085544431598,0.951252531403,0.896502126091,results/raw_label_vs_vacuum_omit_srm_qam/raw_label_minus_vacuum_omit_srm.csv,,,,,,,,,,,,,,,,,,,,,,
Fig. 1(c),2,2-QAM,full_state_raw_label_srm,3.0,6.0,0.0587875693321,0.860590762743,merged_2_4_8_16_raw_label_srm,3.0,0.0644985945601,0.0587875693321,-0.00571102522799,0.904076322224,0.860590762743,results/raw_label_vs_vacuum_omit_srm_qam/raw_label_minus_vacuum_omit_srm.csv,,,,,,,,,,,,,,,,,,,,,,
Fig. 1(c),2,2-QAM,full_state_raw_label_srm,3.5,7.0,0.0489182310683,0.832344950973,merged_2_4_8_16_raw_label_srm,3.5,0.0528536045672,0.0489182310683,-0.00393537349891,0.867596235131,0.832344950973,results/raw_label_vs_vacuum_omit_srm_qam/raw_label_minus_vacuum_omit_srm.csv,,,,,,,,,,,,,,,,,,,,,,
Fig. 1(c),2,2-QAM,full_state_raw_label_srm,4.0,8.0,0.0411771646147,0.809601421512,merged_2_4_8_16_raw_label_srm,4.0,0.0439549354875,0.0411771646147,-0.00277777087275,0.838627488441,0.809601421512,results/raw_label_vs_vacuum_omit_srm_qam/raw_label_minus_vacuum_omit_srm.csv,,,,,,,,,,,,,,,,,,,,,,
Fig. 1(c),2,2-QAM,full_state_raw_label_srm,4.5,9.0,0.0349753383815,0.790961980916,merged_2_4_8_16_raw_label_srm,4.5,0.0369732088781,0.0349753383815,-0.00199787049654,0.815160350435,0.790961980916,results/raw_label_vs_vacuum_omit_srm_qam/raw_label_minus_vacuum_omit_srm.csv,,,,,,,,,,,,,,,,,,,,,,
Fig. 1(c),2,2-QAM,full_state_raw_label_srm,5.0,10.0,0.0299231689256,0.775479764872,merged_2_4_8_16_raw_label_srm,5.0,0.0313818517112,0.0299231689256,-0.00145868278553,0.795852080339,0.775479764872,results/raw_label_vs_vacuum_omit_srm_qam/raw_label_minus_vacuum_omit_srm.csv,,,,,,,,,,,,,,,,,,,,,,
Fig. 1(c),2,2-QAM,full_state_raw_label_srm,5.5,11.0,0.0257520544453,0.762479551484,merged_2_4_8_16_raw_label_srm,5.5,0.0268301542377,0.0257520544453,-0.00107809979243,0.779771174563,0.762479551484,results/raw_label_vs_vacuum_omit_srm_qam/raw_label_minus_vacuum_omit_srm.csv,,,,,,,,,,,,,,,,,,,,,,
Fig. 1(c),2,2-QAM,full_state_raw_label_srm,6.0,12.0,0.022270471068,0.751467582974,merged_2_4_8_16_raw_label_srm,6.0,0.023075351135,0.022270471068,-0.000804880067007,0.766243715676,0.751467582974,results/raw_label_vs_vacuum_omit_srm_qam/raw_label_minus_vacuum_omit_srm.csv,,,,,,,,,,,,,,,,,,,,,,
Fig. 1(c),2,2-QAM,full_state_raw_label_srm,6.5,13.0,0.0193380017583,0.74207295232,merged_2_4_8_16_raw_label_srm,6.5,0.0199439716231,0.0193380017583,-0.000605969864736,0.754770461838,0.74207295232,results/raw_label_vs_vacuum_omit_srm_qam/raw_label_minus_vacuum_omit_srm.csv,,,,,,,,,,,,,,,,,,,,,,
Fig. 1(c),2,2-QAM,full_state_raw_label_srm,7.0,14.0,0.0168492600662,0.734010256569,merged_2_4_8_16_raw_label_srm,7.0,0.0173087130376,0.0168492600662,-0.000459452971347,0.744973510732,0.734010256569,results/raw_label_vs_vacuum_omit_srm_qam/raw_label_minus_vacuum_omit_srm.csv,,,,,,,,,,,,,,,,,,,,,,
Fig. 1(c),2,2-QAM,full_state_raw_label_srm,7.5,15.0,0.0147235554329,0.727055966833,merged_2_4_8_16_raw_label_srm,7.5,0.0150740128936,0.0147235554329,-0.000350457460771,0.73656018309,0.727055966833,results/raw_label_vs_vacuum_omit_srm_qam/raw_label_minus_vacuum_omit_srm.csv,,,,,,,,,,,,,,,,,,,,,,
Fig. 1(c),2,2-QAM,full_state_raw_label_srm,8.0,16.0,0.0128980330725,0.721032246715,merged_2_4_8_16_raw_label_srm,8.0,0.0131667239648,0.0128980330725,-0.000268690892341,0.72930017555,0.721032246715,results/raw_label_vs_vacuum_omit_srm_qam/raw_label_minus_vacuum_omit_srm.csv,,,,,,,,,,,,,,,,,,,,,,
Fig. 1(c),2,2-QAM,full_state_raw_label_srm,8.5,17.0,0.0113229929401,0.715796483156,merged_2_4_8_16_raw_label_srm,8.5,0.0115299019302,0.0113229929401,-0.000206908990085,0.723009614572,0.715796483156,results/raw_label_vs_vacuum_omit_srm_qam/raw_label_minus_vacuum_omit_srm.csv,,,,,,,,,,,,,,,,,,,,,,
Fig. 1(c),2,2-QAM,full_state_raw_label_srm,9.0,18.0,0.0099586179703,0.711229911288,merged_2_4_8_16_raw_label_srm,9.0,0.0101185561745,0.0099586179703,-0.000159938204186,0.717540677331,0.711229911288,results/raw_label_vs_vacuum_omit_srm_qam/raw_label_minus_vacuum_omit_srm.csv,,,,,,,,,,,,,,,,,,,,,,
Fig. 1(c),2,2-QAM,full_state_raw_label_srm,9.5,19.0,0.00877263846315,0.70723708861,merged_2_4_8_16_raw_label_srm,9.5,0.00889667538847,0.00877263846315,-0.000124036925316,0.712769958931,0.70723708861,results/raw_label_vs_vacuum_omit_srm_qam/raw_label_minus_vacuum_omit_srm.csv,,,,,,,,,,,,,,,,,,,,,,
Fig. 1(c),2,2-QAM,full_state_raw_label_srm,10.0,20.0,0.00773863315759,0.703737853753,merged_2_4_8_16_raw_label_srm,10.0,0.00783510243746,0.00773863315759,-9.64692798655e-05,0.70859815986,0.703737853753,results/raw_label_vs_vacuum_omit_srm_qam/raw_label_minus_vacuum_omit_srm.csv,,,,,,,,,,,,,,,,,,,,,,
Fig. 1(c),4,4-QAM,full_state_raw_label_srm,0.0,0.0,2.0,5.701,merged_2_4_8_16_raw_label_srm,0.0,2.0,2.0,1.99840144433e-15,5.80602940346,5.701,results/raw_label_vs_vacuum_omit_srm_qam_ultradense_m4_m8_0_0p1db/raw_label_minus_vacuum_omit_srm.csv,,,,,,,,,,,,,,,,,,,,,,
Fig. 1(c),4,4-QAM,full_state_raw_label_srm,0.01,0.02,1.884576222,2.28478963881,merged_2_4_8_16_raw_label_srm,0.01,1.87558720528,1.884576222,0.00898901672775,2.41981533246,2.28478963881,results/raw_label_vs_vacuum_omit_srm_qam_ultradense_m4_m8_0_0p1db/raw_label_minus_vacuum_omit_srm.csv,,,,,,,,,,,,,,,,,,,,,,
Fig. 1(c),4,4-QAM,full_state_raw_label_srm,0.02,0.04,1.81249350476,2.16355882519,merged_2_4_8_16_raw_label_srm,0.02,1.79677054879,1.81249350476,0.015722955972,2.30586558021,2.16355882519,results/raw_label_vs_vacuum_omit_srm_qam_ultradense_m4_m8_0_0p1db/raw_label_minus_vacuum_omit_srm.csv,,,,,,,,,,,,,,,,,,,,,,
Fig. 1(c),4,4-QAM,full_state_raw_label_srm,0.03,0.06,1.75305449721,2.09390045208,merged_2_4_8_16_raw_label_srm,0.03,1.73170511599,1.75305449721,0.0213493812174,2.23823572005,2.09390045208,results/raw_label_vs_vacuum_omit_srm_qam_ultradense_m4_m8_0_0p1db/raw_label_minus_vacuum_omit_srm.csv,,,,,,,,,,,,,,,,,,,,,,
Fig. 1(c),4,4-QAM,full_state_raw_label_srm,0.04,0.08,1.70101175242,2.04545635836,merged_2_4_8_16_raw_label_srm,0.04,1.67481610156,1.70101175242,0.0261956508585,2.19000340727,2.04545635836,results/raw_label_vs_vacuum_omit_srm_qam_ultradense_m4_m8_0_0p1db/raw_label_minus_vacuum_omit_srm.csv,,,,,,,,,,,,,,,,,,,,,,
Fig. 1(c),4,4-QAM,full_state_raw_label_srm,0.05,0.1,1.65407662498,2.00855742275,merged_2_4_8_16_raw_label_srm,0.05,1.62363002224,1.65407662498,0.0304466027436,2.15256470982,2.00855742275,results/raw_label_vs_vacuum_omit_srm_qam_ultradense_m4_m8_0_0p1db/raw_label_minus_vacuum_omit_srm.csv,,,,,,,,,,,,,,,,,,,,,,
Fig. 1(c),4,4-QAM,full_state_raw_label_srm,0.06,0.12,1.61098194752,1.97889599103,merged_2_4_8_16_raw_label_srm,0.06,1.57675982501,1.61098194752,0.034222122511,2.12202692269,1.97889599103,results/raw_label_vs_vacuum_omit_srm_qam_ultradense_m4_m8_0_0p1db/raw_label_minus_vacuum_omit_srm.csv,,,,,,,,,,,,,,,,,,,,,,
Fig. 1(c),4,4-QAM,full_state_raw_label_srm,0.07,0.14,1.57093042887,1.9541895013,merged_2_4_8_16_raw_label_srm,0.07,1.53332453915,1.57093042887,0.0376058897217,2.09629072944,1.9541895013,results/raw_label_vs_vacuum_omit_srm_qam_ultradense_m4_m8_0_0p1db/raw_label_minus_vacuum_omit_srm.csv,,,,,,,,,,,,,,,,,,,,,,
Fig. 1(c),4,4-QAM,full_state_raw_label_srm,0.08,0.16,1.5333779685,1.93308319509,merged_2_4_8_16_raw_label_srm,0.08,1.4927187046,1.5333779685,0.0406592639027,2.07409032996,1.93308319509,results/raw_label_vs_vacuum_omit_srm_qam_ultradense_m4_m8_0_0p1db/raw_label_minus_vacuum_omit_srm.csv,,,,,,,,,,,,,,,,,,,,,,
Fig. 1(c),4,4-QAM,full_state_raw_label_srm,0.09,0.18,1.49793166228,1.91470833195,merged_2_4_8_16_raw_label_srm,0.09,1.45450274521,1.49793166228,0.0434289170723,2.05460040176,1.91470833195,results/raw_label_vs_vacuum_omit_srm_qam_ultradense_m4_m8_0_0p1db/raw_label_minus_vacuum_omit_srm.csv,,,,,,,,,,,,,,,,,,,,,,
Fig. 1(c),4,4-QAM,full_state_raw_label_srm,0.1,0.2,1.46429570745,1.89847528941,merged_2_4_8_16_raw_label_srm,0.1,1.41834432521,1.46429570745,0.0459513822317,2.03725736164,1.89847528941,results/raw_label_vs_vacuum_omit_srm_qam_ultradense_m4_m8_0p1_0p2db/raw_label_minus_vacuum_omit_srm.csv,,,,,,,,,,,,,,,,,,,,,,
Fig. 1(c),4,4-QAM,full_state_raw_label_srm,0.11,0.22,1.43224014627,1.88396779444,merged_2_4_8_16_raw_label_srm,0.11,1.38398422152,1.43224014627,0.0482559247542,2.0216543509,1.88396779444,results/raw_label_vs_vacuum_omit_srm_qam_ultradense_m4_m8_0p1_0p2db/raw_label_minus_vacuum_omit_srm.csv,,,,,,,,,,,,,,,,,,,,,,
Fig. 1(c),4,4-QAM,full_state_raw_label_srm,0.12,0.24,1.40158159725,1.87087825787,merged_2_4_8_16_raw_label_srm,0.12,1.35121515968,1.40158159725,0.0503664375722,2.00749027042,1.87087825787,results/raw_label_vs_vacuum_omit_srm_qam_ultradense_m4_m8_0p1_0p2db/raw_label_minus_vacuum_omit_srm.csv,,,,,,,,,,,,,,,,,,,,,,
Fig. 1(c),4,4-QAM,full_state_raw_label_srm,0.13,0.26,1.37217075709,1.85897549335,merged_2_4_8_16_raw_label_srm,0.13,1.31986801883,1.37217075709,0.0523027382588,1.99453818242,1.85897549335,results/raw_label_vs_vacuum_omit_srm_qam_ultradense_m4_m8_0p1_0p2db/raw_label_minus_vacuum_omit_srm.csv,,,,,,,,,,,,,,,,,,,,,,
Fig. 1(c),4,4-QAM,full_state_raw_label_srm,0.14,0.28,1.3438839555,1.84807911296,merged_2_4_8_16_raw_label_srm,0.14,1.28980247124,1.3438839555,0.054081484256,1.98261361011,1.84807911296,results/raw_label_vs_vacuum_omit_srm_qam_ultradense_m4_m8_0p1_0p2db/raw_label_minus_vacuum_omit_srm.csv,,,,,,,,,,,,,,,,,,,,,,
Fig. 1(c),4,4-QAM,full_state_raw_label_srm,0.15,0.3,1.31661725246,1.83805076565,merged_2_4_8_16_raw_label_srm,0.15,1.2609004169,1.31661725246,0.0557168355652,1.97157892268,1.83805076565,results/raw_label_vs_vacuum_omit_srm_qam_ultradense_m4_m8_0p1_0p2db/raw_label_minus_vacuum_omit_srm.csv,,,,,,,,,,,,,,,,,,,,,,
Fig. 1(c),4,4-QAM,full_state_raw_label_srm,0.16,0.32,1.29028219336,1.82877499031,merged_2_4_8_16_raw_label_srm,0.16,1.2330612486,1.29028219336,0.0572209447601,1.96131777185,1.82877499031,results/raw_label_vs_vacuum_omit_srm_qam_ultradense_m4_m8_0p1_0p2db/raw_label_minus_vacuum_omit_srm.csv,,,,,,,,,,,,,,,,,,,,,,
Fig. 1(c),4,4-QAM,full_state_raw_label_srm,0.17,0.34,1.26480267962,1.82016250958,merged_2_4_8_16_raw_label_srm,0.17,1.20619835541,1.26480267962,0.0586043242104,1.95173576724,1.82016250958,results/raw_label_vs_vacuum_omit_srm_qam_ultradense_m4_m8_0p1_0p2db/raw_label_minus_vacuum_omit_srm.csv,,,,,,,,,,,,,,,,,,,,,,
Fig. 1(c),4,4-QAM,full_state_raw_label_srm,0.18,0.36,1.24011260327,1.81214032768,merged_2_4_8_16_raw_label_srm,0.18,1.18023648708,1.24011260327,0.0598761161882,1.94275489539,1.81214032768,results/raw_label_vs_vacuum_omit_srm_qam_ultradense_m4_m8_0p1_0p2db/raw_label_minus_vacuum_omit_srm.csv,,,,,,,,,,,,,,,,,,,,,,
Fig. 1(c),4,4-QAM,full_state_raw_label_srm,0.19,0.38,1.21615398111,1.80464863334,merged_2_4_8_16_raw_label_srm,0.19,1.15510973184,1.21615398111,0.061044249272,1.93430872772,1.80464863334,results/raw_label_vs_vacuum_omit_srm_qam_ultradense_m4_m8_0p1_0p2db/raw_label_minus_vacuum_omit_srm.csv,,,,,,,,,,,,,,,,,,,,,,
Fig. 1(c),4,4-QAM,full_state_raw_label_srm,0.2,0.4,1.19287585888,1.79761475765,merged_2_4_8_16_raw_label_srm,0.2,1.1307599402,1.19287585888,0.0621159186783,1.92634320239,1.79761475765,results/raw_label_vs_vacuum_omit_srm_qam_ultradense_m4_m8_0p1_0p2db/raw_label_minus_vacuum_omit_srm.csv,,,,,,,,,,,,,,,,,,,,,,
Fig. 1(c),4,4-QAM,full_state_raw_label_srm,0.3,0.6,0.989513275374,1.74534262081,merged_2_4_8_16_raw_label_srm,0.3,0.920843441893,0.989513275374,0.0686698334809,1.86515883958,1.74534262081,results/raw_label_vs_vacuum_omit_srm_qam_dense_0_2db/raw_label_minus_vacuum_omit_srm.csv,,,,,,,,,,,,,,,,,,,,,,
Fig. 1(c),4,4-QAM,full_state_raw_label_srm,0.4,0.8,0.823775024614,1.71325272932,merged_2_4_8_16_raw_label_srm,0.4,0.753848767993,0.823775024614,0.069926256621,1.82389575041,1.71325272932,results/raw_label_vs_vacuum_omit_srm_qam_dense_0_2db/raw_label_minus_vacuum_omit_srm.csv,,,,,,,,,,,,,,,,,,,,,,
Fig. 1(c),4,4-QAM,full_state_raw_label_srm,0.5,1.0,0.682763530295,1.69293134953,merged_2_4_8_16_raw_label_srm,0.5,0.615021282879,0.682763530295,0.0677422474159,1.79277022909,1.69293134953,results/raw_label_vs_vacuum_omit_srm_qam_dense_0_2db/raw_label_minus_vacuum_omit_srm.csv,,,,,,,,,,,,,,,,,,,,,,
Fig. 1(c),4,4-QAM,full_state_raw_label_srm,0.6,1.2,0.55952480345,1.68105893156,merged_2_4_8_16_raw_label_srm,0.6,0.496402570193,0.55952480345,0.0631222332573,1.76688713114,1.68105893156,results/raw_label_vs_vacuum_omit_srm_qam_dense_0_2db/raw_label_minus_vacuum_omit_srm.csv,,,,,,,,,,,,,,,,,,,,,,
Fig. 1(c),4,4-QAM,full_state_raw_label_srm,0.7,1.4,0.449815708535,1.67653634333,merged_2_4_8_16_raw_label_srm,0.7,0.393128761378,0.449815708535,0.0566869471568,1.74232107241,1.67653634333,results/raw_label_vs_vacuum_omit_srm_qam_dense_0_2db/raw_label_minus_vacuum_omit_srm.csv,,,,,,,,,,,,,,,,,,,,,,
Fig. 1(c),4,4-QAM,full_state_raw_label_srm,0.75,1.5,0.399127353716,1.67713541775,merged_2_4_8_16_raw_label_srm,0.75,0.346206435843,0.399127353716,0.0529209178733,1.72884878389,1.67713541775,results/raw_label_vs_vacuum_omit_srm_qam_ultradense_m4_m8_0p75_1p05db/raw_label_minus_vacuum_omit_srm.csv,,,,,,,,,,,,,,,,,,,,,,
Fig. 1(c),4,4-QAM,full_state_raw_label_srm,0.76,1.52,0.389287375094,1.67750859122,merged_2_4_8_16_raw_label_srm,0.76,0.337363653329,0.389287375094,0.0519237217652,1.6364706867,1.67750859122,results/raw_label_vs_vacuum_omit_srm_qam_ultradense_m4_m8_0p75_1p05db/raw_label_minus_vacuum_omit_srm.csv,,,,,,,,,,,,,,,,,,,,,,
Fig. 1(c),4,4-QAM,full_state_raw_label_srm,0.77,1.54,0.379542255686,1.67797208061,merged_2_4_8_16_raw_label_srm,0.77,0.329800817318,0.379542255686,0.0497414383686,1.63058588213,1.67797208061,results/raw_label_vs_vacuum_omit_srm_qam_ultradense_m4_m8_0p75_1p05db/raw_label_minus_vacuum_omit_srm.csv,,,,,,,,,,,,,,,,,,,,,,
Fig. 1(c),4,4-QAM,full_state_raw_label_srm,0.78,1.56,0.369890269148,1.678529028,merged_2_4_8_16_raw_label_srm,0.78,0.322338156825,0.369890269148,0.0475521123233,1.62427596322,1.678529028,results/raw_label_vs_vacuum_omit_srm_qam_ultradense_m4_m8_0p75_1p05db/raw_label_minus_vacuum_omit_srm.csv,,,,,,,,,,,,,,,,,,,,,,
Fig. 1(c),4,4-QAM,full_state_raw_label_srm,0.79,1.58,0.360329759736,1.67918292811,merged_2_4_8_16_raw_label_srm,0.79,0.314975679364,0.360329759736,0.0453540803718,1.61746318027,1.67918292811,results/raw_label_vs_vacuum_omit_srm_qam_ultradense_m4_m8_0p75_1p05db/raw_label_minus_vacuum_omit_srm.csv,,,,,,,,,,,,,,,,,,,,,,
Fig. 1(c),4,4-QAM,full_state_raw_label_srm,0.8,1.6,0.350859141116,1.67993766121,merged_2_4_8_16_raw_label_srm,0.8,0.307713851632,0.350859141116,0.0431452894839,1.61004202412,1.67993766121,results/raw_label_vs_vacuum_omit_srm_qam_ultradense_m4_m8_0p75_1p05db/raw_label_minus_vacuum_omit_srm.csv,,,,,,,,,,,,,,,,,,,,,,
Fig. 1(c),4,4-QAM,full_state_raw_label_srm,0.81,1.62,0.341476895477,1.68079753049,merged_2_4_8_16_raw_label_srm,0.81,0.300553737041,0.341476895477,0.0409231584359,1.60187453332,1.68079753049,results/raw_label_vs_vacuum_omit_srm_qam_ultradense_m4_m8_0p75_1p05db/raw_label_minus_vacuum_omit_srm.csv,,,,,,,,,,,,,,,,,,,,,,
Fig. 1(c),4,4-QAM,full_state_raw_label_srm,0.82,1.64,0.332181572957,1.68176730452,merged_2_4_8_16_raw_label_srm,0.82,0.293497203523,0.332181572957,0.038684369434,1.59277309476,1.68176730452,results/raw_label_vs_vacuum_omit_srm_qam_ultradense_m4_m8_0p75_1p05db/raw_label_minus_vacuum_omit_srm.csv,,,,,,,,,,,,,,,,,,,,,,
Fig. 1(c),4,4-QAM,full_state_raw_label_srm,0.83,1.66,0.322971791413,1.6828522654,merged_2_4_8_16_raw_label_srm,0.83,0.286547251814,0.322971791413,0.0364245395992,1.58247157333,1.6828522654,results/raw_label_vs_vacuum_omit_srm_qam_ultradense_m4_m8_0p75_1p05db/raw_label_minus_vacuum_omit_srm.csv,,,,,,,,,,,,,,,,,,,,,,
Fig. 1(c),4,4-QAM,full_state_raw_label_srm,0.84,1.68,0.313846236559,1.68405826369,merged_2_4_8_16_raw_label_srm,0.84,0.279708565363,0.313846236559,0.0341376711959,1.57056823978,1.68405826369,results/raw_label_vs_vacuum_omit_srm_qam_ultradense_m4_m8_0p75_1p05db/raw_label_minus_vacuum_omit_srm.csv,,,,,,,,,,,,,,,,,,,,,,
Fig. 1(c),4,4-QAM,full_state_raw_label_srm,0.85,1.7,0.304803662504,1.68539178107,merged_2_4_8_16_raw_label_srm,0.85,0.272988507975,0.304803662504,0.031815154529,1.55641440755,1.68539178107,results/raw_label_vs_vacuum_omit_srm_qam_ultradense_m4_m8_0p75_1p05db/raw_label_minus_vacuum_omit_srm.csv,,,,,,,,,,,,,,,,,,,,,,
Fig. 1(c),4,4-QAM,full_state_raw_label_srm,0.86,1.72,0.295842892746,1.68686009478,merged_2_4_8_16_raw_label_srm,0.86,0.266399154141,0.295842892746,0.0294437386046,1.53883817611,1.68686009478,results/raw_label_vs_vacuum_omit_srm_qam_ultradense_m4_m8_0p75_1p05db/raw_label_minus_vacuum_omit_srm.csv,,,,,,,,,,,,,,,,,,,,,,
Fig. 1(c),4,4-QAM,full_state_raw_label_srm,0.87,1.74,0.28696282166,1.68847095925,merged_2_4_8_16_raw_label_srm,0.87,0.259962247331,0.28696282166,0.027000574329,1.51526678773,1.68847095925,results/raw_label_vs_vacuum_omit_srm_qam_ultradense_m4_m8_0p75_1p05db/raw_label_minus_vacuum_omit_srm.csv,,,,,,,,,,,,,,,,,,,,,,
Fig. 1(c),4,4-QAM,full_state_raw_label_srm,0.88,1.76,0.27816241656,1.69023334588,merged_2_4_8_16_raw_label_srm,0.88,0.253726488397,0.27816241656,0.0244359281634,1.47715715779,1.69023334588,results/raw_label_vs_vacuum_omit_srm_qam_ultradense_m4_m8_0p75_1p05db/raw_label_minus_vacuum_omit_srm.csv,,,,,,,,,,,,,,,,,,,,,,
Fig. 1(c),4,4-QAM,full_state_raw_label_srm,0.89,1.78,0.269440720404,1.69215708552,merged_2_4_8_16_raw_label_srm,0.89,0.249486846423,0.269440720404,0.0199538739809,1.11425177885,1.69215708552,results/raw_label_vs_vacuum_omit_srm_qam_ultradense_m4_m8_0p75_1p05db/raw_label_minus_vacuum_omit_srm.csv,,,,,,,,,,,,,,,,,,,,,,
Fig. 1(c),4,4-QAM,full_state_raw_label_srm,0.9,1.8,0.260796855247,1.69425311673,merged_2_4_8_16_raw_label_srm,0.9,0.245988139151,0.260796855247,0.014808716096,1.08203249463,1.69425311673,results/raw_label_vs_vacuum_omit_srm_qam_ultradense_m4_m8_0p75_1p05db/raw_label_minus_vacuum_omit_srm.csv,,,,,,,,,,,,,,,,,,,,,,
Fig. 1(c),4,4-QAM,full_state_raw_label_srm,0.91,1.82,0.252230026555,1.69653362702,merged_2_4_8_16_raw_label_srm,0.91,0.242701727563,0.252230026555,0.00952829899185,1.05855065934,1.69653362702,results/raw_label_vs_vacuum_omit_srm_qam_ultradense_m4_m8_0p75_1p05db/raw_label_minus_vacuum_omit_srm.csv,,,,,,,,,,,,,,,,,,,,,,
Fig. 1(c),4,4-QAM,full_state_raw_label_srm,0.92,1.84,0.243739528527,1.69901289039,merged_2_4_8_16_raw_label_srm,0.92,0.239579485809,0.243739528527,0.00416004271829,1.03961318348,1.69901289039,results/raw_label_vs_vacuum_omit_srm_qam_ultradense_m4_m8_0p75_1p05db/raw_label_minus_vacuum_omit_srm.csv,,,,,,,,,,,,,,,,,,,,,,
Fig. 1(c),4,4-QAM,full_state_raw_label_srm,0.93,1.86,0.239926726431,0.958521813656,merged_2_4_8_16_raw_label_srm,0.93,0.236593335238,0.239926726431,0.0033333911929,1.02354532962,0.958521813656,results/raw_label_vs_vacuum_omit_srm_qam_ultradense_m4_m8_0p75_1p05db/raw_label_minus_vacuum_omit_srm.csv,,,,,,,,,,,,,,,,,,,,,,
Fig. 1(c),4,4-QAM,full_state_raw_label_srm,0.94,1.88,0.237326109961,0.951306228428,merged_2_4_8_16_raw_label_srm,0.94,0.233724359743,0.237326109961,0.00360175021813,1.00948591262,0.951306228428,results/raw_label_vs_vacuum_omit_srm_qam_ultradense_m4_m8_0p75_1p05db/raw_label_minus_vacuum_omit_srm.csv,,,,,,,,,,,,,,,,,,,,,,
Fig. 1(c),4,4-QAM,full_state_raw_label_srm,0.95,1.9,0.234785609264,0.944402847058,merged_2_4_8_16_raw_label_srm,0.95,0.230958740873,0.234785609264,0.00382686839128,0.99692450522,0.944402847058,results/raw_label_vs_vacuum_omit_srm_qam_ultradense_m4_m8_0p75_1p05db/raw_label_minus_vacuum_omit_srm.csv,,,,,,,,,,,,,,,,,,,,,,
Fig. 1(c),4,4-QAM,full_state_raw_label_srm,0.96,1.92,0.232302417065,0.937778797652,merged_2_4_8_16_raw_label_srm,0.96,0.228285838525,0.232302417065,0.00401657853934,0.985536204472,0.937778797652,results/raw_label_vs_vacuum_omit_srm_qam_ultradense_m4_m8_0p75_1p05db/raw_label_minus_vacuum_omit_srm.csv,,,,,,,,,,,,,,,,,,,,,,
Fig. 1(c),4,4-QAM,full_state_raw_label_srm,0.97,1.94,0.229873962094,0.931409764216,merged_2_4_8_16_raw_label_srm,0.97,0.225697149925,0.229873962094,0.0041768121686,0.975090984202,0.931409764216,results/raw_label_vs_vacuum_omit_srm_qam_ultradense_m4_m8_0p75_1p05db/raw_label_minus_vacuum_omit_srm.csv,,,,,,,,,,,,,,,,,,,,,,
Fig. 1(c),4,4-QAM,full_state_raw_label_srm,0.98,1.96,0.227497878849,0.925276316252,merged_2_4_8_16_raw_label_srm,0.98,0.223185689685,0.227497878849,0.00431218916413,0.965426565688,0.925276316252,results/raw_label_vs_vacuum_omit_srm_qam_ultradense_m4_m8_0p75_1p05db/raw_label_minus_vacuum_omit_srm.csv,,,,,,,,,,,,,,,,,,,,,,
Fig. 1(c),4,4-QAM,full_state_raw_label_srm,0.99,1.98,0.225171982514,0.919359300933,merged_2_4_8_16_raw_label_srm,0.99,0.220745594687,0.225171982514,0.00442638782754,0.956416637548,0.919359300933,results/raw_label_vs_vacuum_omit_srm_qam_ultradense_m4_m8_0p75_1p05db/raw_label_minus_vacuum_omit_srm.csv,,,,,,,,,,,,,,,,,,,,,,
Fig. 1(c),4,4-QAM,full_state_raw_label_srm,1.0,2.0,0.222894247965,0.913642418276,merged_2_4_8_16_raw_label_srm,1.0,0.218371858898,0.222894247965,0.00452238906718,0.947969616793,0.913642418276,results/raw_label_vs_vacuum_omit_srm_qam_ultradense_m4_m8_0p75_1p05db/raw_label_minus_vacuum_omit_srm.csv,,,,,,,,,,,,,,,,,,,,,,
Fig. 1(c),4,4-QAM,full_state_raw_label_srm,1.01,2.02,0.220662792036,0.908111352034,merged_2_4_8_16_raw_label_srm,1.01,0.216060147957,0.220662792036,0.00460264407895,0.940010097007,0.908111352034,results/raw_label_vs_vacuum_omit_srm_qam_ultradense_m4_m8_0p75_1p05db/raw_label_minus_vacuum_omit_srm.csv,,,,,,,,,,,,,,,,,,,,,,
Fig. 1(c),4,4-QAM,full_state_raw_label_srm,1.02,2.04,0.218475858429,0.902753392532,merged_2_4_8_16_raw_label_srm,1.02,0.213806665176,0.218475858429,0.00466919325321,0.932476658925,0.902753392532,results/raw_label_vs_vacuum_omit_srm_qam_ultradense_m4_m8_0p75_1p05db/raw_label_minus_vacuum_omit_srm.csv,,,,,,,,,,,,,,,,,,,,,,
Fig. 1(c),4,4-QAM,full_state_raw_label_srm,1.03,2.06,0.216331804776,0.897557125024,merged_2_4_8_16_raw_label_srm,1.03,0.211608052007,0.216331804776,0.00472375276901,0.925323118084,0.897557125024,results/raw_label_vs_vacuum_omit_srm_qam_ultradense_m4_m8_0p75_1p05db/raw_label_minus_vacuum_omit_srm.csv,,,,,,,,,,,,,,,,,,,,,,
Fig. 1(c),4,4-QAM,full_state_raw_label_srm,1.04,2.08,0.214229091475,0.892512410115,merged_2_4_8_16_raw_label_srm,1.04,0.209461312378,0.214229091475,0.00476777909622,0.918507681893,0.892512410115,results/raw_label_vs_vacuum_omit_srm_qam_ultradense_m4_m8_0p75_1p05db/raw_label_minus_vacuum_omit_srm.csv,,,,,,,,,,,,,,,,,,,,,,
Fig. 1(c),4,4-QAM,full_state_raw_label_srm,1.05,2.1,0.212166271991,0.887611524001,merged_2_4_8_16_raw_label_srm,1.05,0.20736375403,0.212166271991,0.00480251796111,0.911996003567,0.887611524001,results/raw_label_vs_vacuum_omit_srm_qam_ultradense_m4_m8_0p75_1p05db/raw_label_minus_vacuum_omit_srm.csv,,,,,,,,,,,,,,,,,,,,,,
Fig. 1(c),4,4-QAM,full_state_raw_label_srm,1.1,2.2,0.202405483891,0.864960065106,merged_2_4_8_16_raw_label_srm,1.1,0.197535590027,0.202405483891,0.0048698938641,0.883114354737,0.864960065106,results/raw_label_vs_vacuum_omit_srm_qam_dense_0_2db/raw_label_minus_vacuum_omit_srm.csv,,,,,,,,,,,,,,,,,,,,,,
Fig. 1(c),4,4-QAM,full_state_raw_label_srm,1.2,2.4,0.185235882916,0.826813664758,merged_2_4_8_16_raw_label_srm,1.2,0.180534853448,0.185235882916,0.00470102946853,0.837731745362,0.826813664758,results/raw_label_vs_vacuum_omit_srm_qam_dense_0_2db/raw_label_minus_vacuum_omit_srm.csv,,,,,,,,,,,,,,,,,,,,,,
Fig. 1(c),4,4-QAM,full_state_raw_label_srm,1.3,2.6,0.170558906887,0.795350832089,merged_2_4_8_16_raw_label_srm,1.3,0.166191693506,0.170558906887,0.00436721338051,0.802347377176,0.795350832089,results/raw_label_vs_vacuum_omit_srm_qam_dense_0_2db/raw_label_minus_vacuum_omit_srm.csv,,,,,,,,,,,,,,,,,,,,,,
Fig. 1(c),4,4-QAM,full_state_raw_label_srm,1.4,2.8,0.157831349785,0.768578046688,merged_2_4_8_16_raw_label_srm,1.4,0.153841021125,0.157831349785,0.00399032865997,0.773218087944,0.768578046688,results/raw_label_vs_vacuum_omit_srm_qam_dense_0_2db/raw_label_minus_vacuum_omit_srm.csv,,,,,,,,,,,,,,,,,,,,,,
Fig. 1(c),4,4-QAM,full_state_raw_label_srm,1.5,3.0,0.146670732983,0.745310424725,merged_2_4_8_16_raw_label_srm,1.5,0.143052457234,0.146670732983,0.00361827574877,0.748444131523,0.745310424725,results/raw_label_vs_vacuum_omit_srm_qam_dense_0_2db/raw_label_minus_vacuum_omit_srm.csv,,,,,,,,,,,,,,,,,,,,,,
Fig. 1(c),4,4-QAM,full_state_raw_label_srm,1.6,3.2,0.136795280326,0.724781838105,merged_2_4_8_16_raw_label_srm,1.6,0.133525220887,0.136795280326,0.00327005943907,0.726904060731,0.724781838105,results/raw_label_vs_vacuum_omit_srm_qam_dense_0_2db/raw_label_minus_vacuum_omit_srm.csv,,,,,,,,,,,,,,,,,,,,,,
Fig. 1(c),4,4-QAM,full_state_raw_label_srm,1.7,3.4,0.127990578015,0.706457019922,merged_2_4_8_16_raw_label_srm,1.7,0.125038310791,0.127990578015,0.0029522672237,0.707882625749,0.706457019922,results/raw_label_vs_vacuum_omit_srm_qam_dense_0_2db/raw_label_minus_vacuum_omit_srm.csv,,,,,,,,,,,,,,,,,,,,,,
Fig. 1(c),4,4-QAM,full_state_raw_label_srm,1.8,3.6,0.120089422686,0.689952612054,merged_2_4_8_16_raw_label_srm,1.8,0.117423493786,0.120089422686,0.00266592889968,0.69088392884,0.689952612054,results/raw_label_vs_vacuum_omit_srm_qam_dense_0_2db/raw_label_minus_vacuum_omit_srm.csv,,,,,,,,,,,,,,,,,,,,,,
Fig. 1(c),4,4-QAM,full_state_raw_label_srm,1.9,3.8,0.112958877104,0.674972755054,merged_2_4_8_16_raw_label_srm,1.9,0.110549269923,0.112958877104,0.0024096071809,0.675548460845,0.674972755054,results/raw_label_vs_vacuum_omit_srm_qam_dense_0_2db/raw_label_minus_vacuum_omit_srm.csv,,,,,,,,,,,,,,,,,,,,,,
Fig. 1(c),4,4-QAM,full_state_raw_label_srm,2.0,4.0,0.106491564663,0.661297448897,merged_2_4_8_16_raw_label_srm,2.0,0.104310708309,0.106491564663,0.00218085635359,0.661612325823,0.661297448897,results/raw_label_vs_vacuum_omit_srm_qam_dense_0_2db/raw_label_minus_vacuum_omit_srm.csv,,,,,,,,,,,,,,,,,,,,,,
Fig. 1(c),4,4-QAM,full_state_raw_label_srm,2.5,5.0,0.0814954703999,0.607269974972,merged_2_4_8_16_raw_label_srm,2.5,0.0801375048965,0.0814954703999,0.00135796550336,0.606997995607,0.607269974972,results/raw_label_vs_vacuum_omit_srm_qam/raw_label_minus_vacuum_omit_srm.csv,,,,,,,,,,,,,,,,,,,,,,
Fig. 1(c),4,4-QAM,full_state_raw_label_srm,3.0,6.0,0.0645084665884,0.569040462781,merged_2_4_8_16_raw_label_srm,3.0,0.0636273192269,0.0645084665884,0.000881147361507,0.568646888002,0.569040462781,results/raw_label_vs_vacuum_omit_srm_qam/raw_label_minus_vacuum_omit_srm.csv,,,,,,,,,,,,,,,,,,,,,,
Fig. 1(c),4,4-QAM,full_state_raw_label_srm,3.5,7.0,0.0522793912455,0.540487182903,merged_2_4_8_16_raw_label_srm,3.5,0.0516875383035,0.0522793912455,0.000591852941963,0.540089830296,0.540487182903,results/raw_label_vs_vacuum_omit_srm_qam/raw_label_minus_vacuum_omit_srm.csv,,,,,,,,,,,,,,,,,,,,,,
Fig. 1(c),4,4-QAM,full_state_raw_label_srm,4.0,8.0,0.0431082635269,0.518368225315,merged_2_4_8_16_raw_label_srm,4.0,0.0426995781622,0.0431082635269,0.000408685364633,0.518001325948,0.518368225315,results/raw_label_vs_vacuum_omit_srm_qam/raw_label_minus_vacuum_omit_srm.csv,,,,,,,,,,,,,,,,,,,,,,
Fig. 1(c),4,4-QAM,full_state_raw_label_srm,4.5,9.0,0.0360177586762,0.500793082144,merged_2_4_8_16_raw_label_srm,4.5,0.0357292405784,0.0360177586762,0.000288518097856,0.500463197599,0.500793082144,results/raw_label_vs_vacuum_omit_srm_qam/raw_label_minus_vacuum_omit_srm.csv,,,,,,,,,,,,,,,,,,,,,,
Fig. 1(c),4,4-QAM,full_state_raw_label_srm,5.0,10.0,0.0304056951165,0.486477032576,merged_2_4_8_16_raw_label_srm,5.0,0.0301983398344,0.0304056951165,0.00020735528211,0.486255323405,0.486477032576,results/raw_label_vs_vacuum_omit_srm_qam/raw_label_minus_vacuum_omit_srm.csv,,,,,,,,,,,,,,,,,,,,,,
Fig. 1(c),4,4-QAM,full_state_raw_label_srm,5.5,11.0,0.0258806853447,0.474666101098,merged_2_4_8_16_raw_label_srm,5.5,0.0257294757009,0.0258806853447,0.000151209643792,0.474572693141,0.474666101098,results/raw_label_vs_vacuum_omit_srm_qam/raw_label_minus_vacuum_omit_srm.csv,,,,,,,,,,,,,,,,,,,,,,
Fig. 1(c),4,4-QAM,full_state_raw_label_srm,6.0,12.0,0.0221772992619,0.465039963008,merged_2_4_8_16_raw_label_srm,6.0,0.02206568625,0.0221772992619,0.000111613011901,0.464829310216,0.465039963008,results/raw_label_vs_vacuum_omit_srm_qam/raw_label_minus_vacuum_omit_srm.csv,,,,,,,,,,,,,,,,,,,,,,
Fig. 1(c),4,4-QAM,full_state_raw_label_srm,6.5,13.0,0.0191090972817,0.456827095044,merged_2_4_8_16_raw_label_srm,6.5,0.0190258838716,0.0191090972817,8.32134100781e-05,0.456656901454,0.456827095044,results/raw_label_vs_vacuum_omit_srm_qam/raw_label_minus_vacuum_omit_srm.csv,,,,,,,,,,,,,,,,,,,,,,
Fig. 1(c),4,4-QAM,full_state_raw_label_srm,7.0,14.0,0.0165413057408,0.4498475201,merged_2_4_8_16_raw_label_srm,7.0,0.016478739816,0.0165413057408,6.25659247903e-05,0.449675946985,0.4498475201,results/raw_label_vs_vacuum_omit_srm_qam/raw_label_minus_vacuum_omit_srm.csv,,,,,,,,,,,,,,,,,,,,,,
Fig. 1(c),4,4-QAM,full_state_raw_label_srm,7.5,15.0,0.0143740523129,0.44389871562,merged_2_4_8_16_raw_label_srm,7.5,0.014326673443,0.0143740523129,4.73788698386e-05,0.443771391763,0.44389871562,results/raw_label_vs_vacuum_omit_srm_qam/raw_label_minus_vacuum_omit_srm.csv,,,,,,,,,,,,,,,,,,,,,,
Fig. 1(c),4,4-QAM,full_state_raw_label_srm,8.0,16.0,0.0125317540503,0.438802377775,merged_2_4_8_16_raw_label_srm,8.0,0.0124956566202,0.0125317540503,3.60974300566e-05,0.438696056854,0.438802377775,results/raw_label_vs_vacuum_omit_srm_qam/raw_label_minus_vacuum_omit_srm.csv,,,,,,,,,,,,,,,,,,,,,,
Fig. 1(c),4,4-QAM,full_state_raw_label_srm,8.5,17.0,0.0109561573404,0.434384997124,merged_2_4_8_16_raw_label_srm,8.5,0.0109285106534,0.0109561573404,2.76466870346e-05,0.434338052979,0.434384997124,results/raw_label_vs_vacuum_omit_srm_qam/raw_label_minus_vacuum_omit_srm.csv,,,,,,,,,,,,,,,,,,,,,,
Fig. 1(c),4,4-QAM,full_state_raw_label_srm,9.0,18.0,0.00960164322044,0.43053366589,merged_2_4_8_16_raw_label_srm,9.0,0.00958037335866,0.00960164322044,2.1269861781e-05,0.430541542856,0.43053366589,results/raw_label_vs_vacuum_omit_srm_qam/raw_label_minus_vacuum_omit_srm.csv,,,,,,,,,,,,,,,,,,,,,,
Fig. 1(c),4,4-QAM,full_state_raw_label_srm,9.5,19.0,0.00843198606003,0.427270724715,merged_2_4_8_16_raw_label_srm,9.5,0.00841555781742,0.00843198606003,1.64282426114e-05,0.42729084062,0.427270724715,results/raw_label_vs_vacuum_omit_srm_qam/raw_label_minus_vacuum_omit_srm.csv,,,,,,,,,,,,,,,,,,,,,,
Fig. 1(c),4,4-QAM,full_state_raw_label_srm,10.0,20.0,0.00741806007014,0.424318825514,merged_2_4_8_16_raw_label_srm,10.0,0.00740533099923,0.00741806007014,1.2729070904e-05,0.424347018523,0.424318825514,results/raw_label_vs_vacuum_omit_srm_qam/raw_label_minus_vacuum_omit_srm.csv,,,,,,,,,,,,,,,,,,,,,,
Fig. 1(c),8,8-QAM,full_state_raw_label_srm,0.0,0.0,3.0,5.81520783736,merged_2_4_8_16_raw_label_srm,0.0,3.0,3.0,-7.105427357599999e-15,6.0,5.81520783736,results/raw_label_vs_vacuum_omit_srm_qam_ultradense_m4_m8_0_0p1db/raw_label_minus_vacuum_omit_srm.csv,,,,,,,,,,,,,,,,,,,,,,
Fig. 1(c),8,8-QAM,full_state_raw_label_srm,0.01,0.02,2.74439326651,2.14422986805,merged_2_4_8_16_raw_label_srm,0.01,2.73656672885,2.74439326651,0.00782653765633,2.19575998419,2.14422986805,results/raw_label_vs_vacuum_omit_srm_qam_ultradense_m4_m8_0_0p1db/raw_label_minus_vacuum_omit_srm.csv,,,,,,,,,,,,,,,,,,,,,,
Fig. 1(c),8,8-QAM,full_state_raw_label_srm,0.02,0.04,2.5975236152,2.03163526424,merged_2_4_8_16_raw_label_srm,0.02,2.58483115643,2.5975236152,0.0126924587716,2.08299408317,2.03163526424,results/raw_label_vs_vacuum_omit_srm_qam_ultradense_m4_m8_0_0p1db/raw_label_minus_vacuum_omit_srm.csv,,,,,,,,,,,,,,,,,,,,,,
Fig. 1(c),8,8-QAM,full_state_raw_label_srm,0.03,0.06,2.48098668712,1.96939598329,merged_2_4_8_16_raw_label_srm,0.03,2.46468609813,2.48098668712,0.0163005889963,2.01993132591,1.96939598329,results/raw_label_vs_vacuum_omit_srm_qam_ultradense_m4_m8_0_0p1db/raw_label_minus_vacuum_omit_srm.csv,,,,,,,,,,,,,,,,,,,,,,
Fig. 1(c),8,8-QAM,full_state_raw_label_srm,0.04,0.08,2.38190620719,1.92725367401,merged_2_4_8_16_raw_label_srm,0.04,2.36276417154,2.38190620719,0.0191420356426,1.97699300636,1.92725367401,results/raw_label_vs_vacuum_omit_srm_qam_ultradense_m4_m8_0_0p1db/raw_label_minus_vacuum_omit_srm.csv,,,,,,,,,,,,,,,,,,,,,,
Fig. 1(c),8,8-QAM,full_state_raw_label_srm,0.05,0.1,2.29472052954,1.89582425359,merged_2_4_8_16_raw_label_srm,0.05,2.27326042199,2.29472052954,0.0214601075541,1.94494944495,1.89582425359,results/raw_label_vs_vacuum_omit_srm_qam_ultradense_m4_m8_0_0p1db/raw_label_minus_vacuum_omit_srm.csv,,,,,,,,,,,,,,,,,,,,,,
Fig. 1(c),8,8-QAM,full_state_raw_label_srm,0.06,0.12,2.21636808319,1.87099171896,merged_2_4_8_16_raw_label_srm,0.06,2.19297079772,2.21636808319,0.0233972854687,1.91969527059,1.87099171896,results/raw_label_vs_vacuum_omit_srm_qam_ultradense_m4_m8_0_0p1db/raw_label_minus_vacuum_omit_srm.csv,,,,,,,,,,,,,,,,,,,,,,
Fig. 1(c),8,8-QAM,full_state_raw_label_srm,0.07,0.14,2.14493091845,1.85061080486,merged_2_4_8_16_raw_label_srm,0.07,2.11988666885,2.14493091845,0.0250442495937,1.89904973259,1.85061080486,results/raw_label_vs_vacuum_omit_srm_qam_ultradense_m4_m8_0_0p1db/raw_label_minus_vacuum_omit_srm.csv,,,,,,,,,,,,,,,,,,,,,,
Fig. 1(c),8,8-QAM,full_state_raw_label_srm,0.08,0.16,2.07910506907,1.83342251731,merged_2_4_8_16_raw_label_srm,0.08,2.05264290514,2.07910506907,0.0264621639304,1.8817270556,1.83342251731,results/raw_label_vs_vacuum_omit_srm_qam_ultradense_m4_m8_0_0p1db/raw_label_minus_vacuum_omit_srm.csv,,,,,,,,,,,,,,,,,,,,,,
Fig. 1(c),8,8-QAM,full_state_raw_label_srm,0.09,0.18,2.01795233614,1.81864019201,merged_2_4_8_16_raw_label_srm,0.09,1.99025810743,2.01795233614,0.0276942287061,1.86690614619,1.81864019201,results/raw_label_vs_vacuum_omit_srm_qam_ultradense_m4_m8_0_0p1db/raw_label_minus_vacuum_omit_srm.csv,,,,,,,,,,,,,,,,,,,,,,
Fig. 1(c),8,8-QAM,full_state_raw_label_srm,0.1,0.2,1.96076904386,1.80573114978,merged_2_4_8_16_raw_label_srm,0.1,1.93199691516,1.96076904386,0.0287721287016,1.85403501148,1.80573114978,results/raw_label_vs_vacuum_omit_srm_qam_ultradense_m4_m8_0p1_0p2db/raw_label_minus_vacuum_omit_srm.csv,,,,,,,,,,,,,,,,,,,,,,
Fig. 1(c),8,8-QAM,full_state_raw_label_srm,0.11,0.22,1.90701036296,1.79432303126,merged_2_4_8_16_raw_label_srm,0.11,1.87729052558,1.90701036296,0.0297198373849,1.84272298343,1.79432303126,results/raw_label_vs_vacuum_omit_srm_qam_ultradense_m4_m8_0p1_0p2db/raw_label_minus_vacuum_omit_srm.csv,,,,,,,,,,,,,,,,,,,,,,
Fig. 1(c),8,8-QAM,full_state_raw_label_srm,0.12,0.24,1.85624372099,1.78414358759,merged_2_4_8_16_raw_label_srm,0.12,1.825687753,1.85624372099,0.0305559679908,1.83268731289,1.78414358759,results/raw_label_vs_vacuum_omit_srm_qam_ultradense_m4_m8_0p1_0p2db/raw_label_minus_vacuum_omit_srm.csv,,,,,,,,,,,,,,,,,,,,,,
Fig. 1(c),8,8-QAM,full_state_raw_label_srm,0.13,0.26,1.80811860959,1.7749934643,merged_2_4_8_16_raw_label_srm,0.13,1.77682332254,1.80811860959,0.0312952870462,1.82371558647,1.7749934643,results/raw_label_vs_vacuum_omit_srm_qam_ultradense_m4_m8_0p1_0p2db/raw_label_minus_vacuum_omit_srm.csv,,,,,,,,,,,,,,,,,,,,,,
Fig. 1(c),8,8-QAM,full_state_raw_label_srm,0.14,0.28,1.76234618748,1.76671440969,merged_2_4_8_16_raw_label_srm,0.14,1.73039646878,1.76234618748,0.0319497187054,1.81564373587,1.76671440969,results/raw_label_vs_vacuum_omit_srm_qam_ultradense_m4_m8_0p1_0p2db/raw_label_minus_vacuum_omit_srm.csv,,,,,,,,,,,,,,,,,,,,,,
Fig. 1(c),8,8-QAM,full_state_raw_label_srm,0.15,0.3,1.7186850291,1.7591817246,merged_2_4_8_16_raw_label_srm,0.15,1.6861559926,1.7186850291,0.0325290364988,1.80834310875,1.7591817246,results/raw_label_vs_vacuum_omit_srm_qam_ultradense_m4_m8_0p1_0p2db/raw_label_minus_vacuum_omit_srm.csv,,,,,,,,,,,,,,,,,,,,,,
Fig. 1(c),8,8-QAM,full_state_raw_label_srm,0.16,0.32,1.67693088216,1.75230279261,merged_2_4_8_16_raw_label_srm,0.16,1.64388952708,1.67693088216,0.0330413550805,1.80171120274,1.75230279261,results/raw_label_vs_vacuum_omit_srm_qam_ultradense_m4_m8_0p1_0p2db/raw_label_minus_vacuum_omit_srm.csv,,,,,,,,,,,,,,,,,,,,,,
Fig. 1(c),8,8-QAM,full_state_raw_label_srm,0.17,0.34,1.63690912674,1.74599754212,merged_2_4_8_16_raw_label_srm,0.17,1.60341563998,1.63690912674,0.0334934867571,1.79566475424,1.74599754212,results/raw_label_vs_vacuum_omit_srm_qam_ultradense_m4_m8_0p1_0p2db/raw_label_minus_vacuum_omit_srm.csv,,,,,,,,,,,,,,,,,,,,,,
Fig. 1(c),8,8-QAM,full_state_raw_label_srm,0.18,0.36,1.59846910691,1.7402015835,merged_2_4_8_16_raw_label_srm,0.18,1.56457789979,1.59846910691,0.0338912071152,1.79013535831,1.7402015835,results/raw_label_vs_vacuum_omit_srm_qam_ultradense_m4_m8_0p1_0p2db/raw_label_minus_vacuum_omit_srm.csv,,,,,,,,,,,,,,,,,,,,,,
Fig. 1(c),8,8-QAM,full_state_raw_label_srm,0.19,0.38,1.56147979231,1.73486147812,merged_2_4_8_16_raw_label_srm,0.19,1.52724033325,1.56147979231,0.0342394590621,1.78506525094,1.73486147812,results/raw_label_vs_vacuum_omit_srm_qam_ultradense_m4_m8_0p1_0p2db/raw_label_minus_vacuum_omit_srm.csv,,,,,,,,,,,,,,,,,,,,,,
Fig. 1(c),8,8-QAM,full_state_raw_label_srm,0.2,0.4,1.52582640469,1.72993228307,merged_2_4_8_16_raw_label_srm,0.2,1.49128389604,1.52582640469,0.0345425086528,1.7804118239,1.72993228307,results/raw_label_vs_vacuum_omit_srm_qam_ultradense_m4_m8_0p1_0p2db/raw_label_minus_vacuum_omit_srm.csv,,,,,,,,,,,,,,,,,,,,,,
Fig. 1(c),8,8-QAM,full_state_raw_label_srm,0.3,0.6,1.22507148607,1.69702981911,merged_2_4_8_16_raw_label_srm,0.3,1.18934803422,1.22507148607,0.0357234518503,1.75005445993,1.69702981911,results/raw_label_vs_vacuum_omit_srm_qam_dense_0_2db/raw_label_minus_vacuum_omit_srm.csv,,,,,,,,,,,,,,,,,,,,,,
Fig. 1(c),8,8-QAM,full_state_raw_label_srm,0.4,0.8,0.991867069597,1.6836349217,merged_2_4_8_16_raw_label_srm,0.4,0.9571486054,0.991867069597,0.034718464197,1.73856577231,1.6836349217,results/raw_label_vs_vacuum_omit_srm_qam_dense_0_2db/raw_label_minus_vacuum_omit_srm.csv,,,,,,,,,,,,,,,,,,,,,,
Fig. 1(c),8,8-QAM,full_state_raw_label_srm,0.5,1.0,0.800070286473,1.68340949601,merged_2_4_8_16_raw_label_srm,0.5,0.767654123157,0.800070286473,0.0324161633165,1.73973082189,1.68340949601,results/raw_label_vs_vacuum_omit_srm_qam_dense_0_2db/raw_label_minus_vacuum_omit_srm.csv,,,,,,,,,,,,,,,,,,,,,,
Fig. 1(c),8,8-QAM,full_state_raw_label_srm,0.6,1.2,0.636608987682,1.69483469772,merged_2_4_8_16_raw_label_srm,0.6,0.607353021259,0.636608987682,0.0292559664226,1.75230084725,1.69483469772,results/raw_label_vs_vacuum_omit_srm_qam_dense_0_2db/raw_label_minus_vacuum_omit_srm.csv,,,,,,,,,,,,,,,,,,,,,,
Fig. 1(c),8,8-QAM,full_state_raw_label_srm,0.7,1.4,0.494141442964,1.71949387963,merged_2_4_8_16_raw_label_srm,0.7,0.468666778547,0.494141442964,0.0254746644172,1.77785383762,1.71949387963,results/raw_label_vs_vacuum_omit_srm_qam_dense_0_2db/raw_label_minus_vacuum_omit_srm.csv,,,,,,,,,,,,,,,,,,,,,,
Fig. 1(c),8,8-QAM,full_state_raw_label_srm,0.75,1.5,0.429376493533,1.73830112207,merged_2_4_8_16_raw_label_srm,0.75,0.405981568949,0.429376493533,0.0233949245842,1.79669175442,1.73830112207,results/raw_label_vs_vacuum_omit_srm_qam_ultradense_m4_m8_0p75_1p05db/raw_label_minus_vacuum_omit_srm.csv,,,,,,,,,,,,,,,,,,,,,,
Fig. 1(c),8,8-QAM,full_state_raw_label_srm,0.76,1.52,0.416894297157,1.74270997138,merged_2_4_8_16_raw_label_srm,0.76,0.393928463162,0.416894297157,0.0229658339946,1.80102604273,1.74270997138,results/raw_label_vs_vacuum_omit_srm_qam_ultradense_m4_m8_0p75_1p05db/raw_label_minus_vacuum_omit_srm.csv,,,,,,,,,,,,,,,,,,,,,,
Fig. 1(c),8,8-QAM,full_state_raw_label_srm,0.77,1.54,0.404564423015,1.74735938903,merged_2_4_8_16_raw_label_srm,0.77,0.38203166196,0.404564423015,0.0225327610542,1.80556145015,1.74735938903,results/raw_label_vs_vacuum_omit_srm_qam_ultradense_m4_m8_0p75_1p05db/raw_label_minus_vacuum_omit_srm.csv,,,,,,,,,,,,,,,,,,,,,,
Fig. 1(c),8,8-QAM,full_state_raw_label_srm,0.78,1.56,0.392385348744,1.75226038164,merged_2_4_8_16_raw_label_srm,0.78,0.370289416124,0.392385348744,0.0220959326192,1.81030270642,1.75226038164,results/raw_label_vs_vacuum_omit_srm_qam_ultradense_m4_m8_0p75_1p05db/raw_label_minus_vacuum_omit_srm.csv,,,,,,,,,,,,,,,,,,,,,,
Fig. 1(c),8,8-QAM,full_state_raw_label_srm,0.79,1.58,0.380355784873,1.75742440186,merged_2_4_8_16_raw_label_srm,0.79,0.358700168895,0.380355784873,0.0216556159777,1.81525410184,1.75742440186,results/raw_label_vs_vacuum_omit_srm_qam_ultradense_m4_m8_0p75_1p05db/raw_label_minus_vacuum_omit_srm.csv,,,,,,,,,,,,,,,,,,,,,,
Fig. 1(c),8,8-QAM,full_state_raw_label_srm,0.8,1.6,0.368474678746,1.76286315144,merged_2_4_8_16_raw_label_srm,0.8,0.347262551983,0.368474678746,0.021212126763,1.82041936331,1.76286315144,results/raw_label_vs_vacuum_omit_srm_qam_ultradense_m4_m8_0p75_1p05db/raw_label_minus_vacuum_omit_srm.csv,,,,,,,,,,,,,,,,,,,,,,
Fig. 1(c),8,8-QAM,full_state_raw_label_srm,0.81,1.62,0.356741218026,1.76858682279,merged_2_4_8_16_raw_label_srm,0.81,0.335975380857,0.356741218026,0.0207658371689,1.8258014341,1.76858682279,results/raw_label_vs_vacuum_omit_srm_qam_ultradense_m4_m8_0p75_1p05db/raw_label_minus_vacuum_omit_srm.csv,,,,,,,,,,,,,,,,,,,,,,
Fig. 1(c),8,8-QAM,full_state_raw_label_srm,0.82,1.64,0.345154833214,1.77460630771,merged_2_4_8_16_raw_label_srm,0.82,0.324837649103,0.345154833214,0.0203171841111,1.8314024139,1.77460630771,results/raw_label_vs_vacuum_omit_srm_qam_ultradense_m4_m8_0p75_1p05db/raw_label_minus_vacuum_omit_srm.csv,,,,,,,,,,,,,,,,,,,,,,
Fig. 1(c),8,8-QAM,full_state_raw_label_srm,0.83,1.66,0.333715198452,1.7809302726,merged_2_4_8_16_raw_label_srm,0.83,0.313848521646,0.333715198452,0.0198666768061,1.83722320978,1.7809302726,results/raw_label_vs_vacuum_omit_srm_qam_ultradense_m4_m8_0p75_1p05db/raw_label_minus_vacuum_omit_srm.csv,,,,,,,,,,,,,,,,,,,,,,
Fig. 1(c),8,8-QAM,full_state_raw_label_srm,0.84,1.68,0.322422229791,1.78756390287,merged_2_4_8_16_raw_label_srm,0.84,0.30300732668,0.322422229791,0.0194149031117,1.84326499431,1.78756390287,results/raw_label_vs_vacuum_omit_srm_qam_ultradense_m4_m8_0p75_1p05db/raw_label_minus_vacuum_omit_srm.csv,,,,,,,,,,,,,,,,,,,,,,
Fig. 1(c),8,8-QAM,full_state_raw_label_srm,0.85,1.7,0.311276079994,1.79451863509,merged_2_4_8_16_raw_label_srm,0.85,0.292313546161,0.311276079994,0.0189625338333,1.84952407983,1.79451863509,results/raw_label_vs_vacuum_omit_srm_qam_ultradense_m4_m8_0p75_1p05db/raw_label_minus_vacuum_omit_srm.csv,,,,,,,,,,,,,,,,,,,,,,
Fig. 1(c),8,8-QAM,full_state_raw_label_srm,0.86,1.72,0.300277128895,1.801791406,merged_2_4_8_16_raw_label_srm,0.86,0.28176680479,0.300277128895,0.0185103241048,1.85600089438,1.801791406,results/raw_label_vs_vacuum_omit_srm_qam_ultradense_m4_m8_0p75_1p05db/raw_label_minus_vacuum_omit_srm.csv,,,,,,,,,,,,,,,,,,,,,,
Fig. 1(c),8,8-QAM,full_state_raw_label_srm,0.87,1.74,0.289425968484,1.80938297669,merged_2_4_8_16_raw_label_srm,0.87,0.271366857475,0.289425968484,0.0180591110088,1.86268736415,1.80938297669,results/raw_label_vs_vacuum_omit_srm_qam_ultradense_m4_m8_0p75_1p05db/raw_label_minus_vacuum_omit_srm.csv,,,,,,,,,,,,,,,,,,,,,,
Fig. 1(c),8,8-QAM,full_state_raw_label_srm,0.88,1.76,0.27872338202,1.81728859021,merged_2_4_8_16_raw_label_srm,0.88,0.261113575315,0.27872338202,0.0176098067056,1.86958212556,1.81728859021,results/raw_label_vs_vacuum_omit_srm_qam_ultradense_m4_m8_0p75_1p05db/raw_label_minus_vacuum_omit_srm.csv,,,,,,,,,,,,,,,,,,,,,,
Fig. 1(c),8,8-QAM,full_state_raw_label_srm,0.89,1.78,0.268170316921,1.82549924488,merged_2_4_8_16_raw_label_srm,0.89,0.251006930268,0.268170316921,0.0171633866531,1.87667628681,1.82549924488,results/raw_label_vs_vacuum_omit_srm_qam_ultradense_m4_m8_0p75_1p05db/raw_label_minus_vacuum_omit_srm.csv,,,,,,,,,,,,,,,,,,,,,,
Fig. 1(c),8,8-QAM,full_state_raw_label_srm,0.9,1.8,0.257767851667,1.83400133304,merged_2_4_8_16_raw_label_srm,0.9,0.241046978696,0.257767851667,0.0167208729705,1.88396189907,1.83400133304,results/raw_label_vs_vacuum_omit_srm_qam_ultradense_m4_m8_0p75_1p05db/raw_label_minus_vacuum_omit_srm.csv,,,,,,,,,,,,,,,,,,,,,,
Fig. 1(c),8,8-QAM,full_state_raw_label_srm,0.91,1.82,0.247517157579,1.84277680724,merged_2_4_8_16_raw_label_srm,0.91,0.231233844027,0.247517157579,0.0162833135514,1.89142957669,1.84277680724,results/raw_label_vs_vacuum_omit_srm_qam_ultradense_m4_m8_0p75_1p05db/raw_label_minus_vacuum_omit_srm.csv,,,,,,,,,,,,,,,,,,,,,,
Fig. 1(c),8,8-QAM,full_state_raw_label_srm,0.92,1.84,0.23741945697,1.85180375141,merged_2_4_8_16_raw_label_srm,0.92,0.221567698846,0.23741945697,0.0158517581238,1.89906881481,1.85180375141,results/raw_label_vs_vacuum_omit_srm_qam_ultradense_m4_m8_0p75_1p05db/raw_label_minus_vacuum_omit_srm.csv,,,,,,,,,,,,,,,,,,,,,,
Fig. 1(c),8,8-QAM,full_state_raw_label_srm,0.93,1.86,0.227475979626,1.86105953818,merged_2_4_8_16_raw_label_srm,0.93,0.212048746673,0.227475979626,0.0154272329525,1.90686778272,1.86105953818,results/raw_label_vs_vacuum_omit_srm_qam_ultradense_m4_m8_0p75_1p05db/raw_label_minus_vacuum_omit_srm.csv,,,,,,,,,,,,,,,,,,,,,,
Fig. 1(c),8,8-QAM,full_state_raw_label_srm,0.94,1.88,0.217687919852,1.87051503445,merged_2_4_8_16_raw_label_srm,0.94,0.204670460574,0.217687919852,0.0130174592774,0.528546828787,1.87051503445,results/raw_label_vs_vacuum_omit_srm_qam_ultradense_m4_m8_0p75_1p05db/raw_label_minus_vacuum_omit_srm.csv,,,,,,,,,,,,,,,,,,,,,,
Fig. 1(c),8,8-QAM,full_state_raw_label_srm,0.95,1.9,0.208056396262,1.88014032345,merged_2_4_8_16_raw_label_srm,0.95,0.202451237748,0.208056396262,0.00560515851414,0.525464844615,1.88014032345,results/raw_label_vs_vacuum_omit_srm_qam_ultradense_m4_m8_0p75_1p05db/raw_label_minus_vacuum_omit_srm.csv,,,,,,,,,,,,,,,,,,,,,,
Fig. 1(c),8,8-QAM,full_state_raw_label_srm,0.96,1.92,0.198582416102,1.8899064283,merged_2_4_8_16_raw_label_srm,0.96,0.200278937719,0.198582416102,-0.00169652161682,0.521343520788,1.8899064283,results/raw_label_vs_vacuum_omit_srm_qam_ultradense_m4_m8_0p75_1p05db/raw_label_minus_vacuum_omit_srm.csv,,,,,,,,,,,,,,,,,,,,,,
Fig. 1(c),8,8-QAM,full_state_raw_label_srm,0.97,1.94,0.19396009975,0.526547860659,merged_2_4_8_16_raw_label_srm,0.97,0.19815101294,0.19396009975,-0.00419091318903,0.51805570656,0.526547860659,results/raw_label_vs_vacuum_omit_srm_qam_ultradense_m4_m8_0p75_1p05db/raw_label_minus_vacuum_omit_srm.csv,,,,,,,,,,,,,,,,,,,,,,
Fig. 1(c),8,8-QAM,full_state_raw_label_srm,0.98,1.96,0.191634006598,0.523402654325,merged_2_4_8_16_raw_label_srm,0.98,0.196066332378,0.191634006598,-0.00443232578095,0.515113950644,0.523402654325,results/raw_label_vs_vacuum_omit_srm_qam_ultradense_m4_m8_0p75_1p05db/raw_label_minus_vacuum_omit_srm.csv,,,,,,,,,,,,,,,,,,,,,,
Fig. 1(c),8,8-QAM,full_state_raw_label_srm,0.99,1.98,0.189349736213,0.52049344656,merged_2_4_8_16_raw_label_srm,0.99,0.194023681496,0.189349736213,-0.00467394528287,0.511794662436,0.52049344656,results/raw_label_vs_vacuum_omit_srm_qam_ultradense_m4_m8_0p75_1p05db/raw_label_minus_vacuum_omit_srm.csv,,,,,,,,,,,,,,,,,,,,,,
Fig. 1(c),8,8-QAM,full_state_raw_label_srm,1.0,2.0,0.1871062763,0.516813353217,merged_2_4_8_16_raw_label_srm,1.0,0.192021030394,0.1871062763,-0.00491475409363,0.508822937428,0.516813353217,results/raw_label_vs_vacuum_omit_srm_qam_ultradense_m4_m8_0p75_1p05db/raw_label_minus_vacuum_omit_srm.csv,,,,,,,,,,,,,,,,,,,,,,
Fig. 1(c),8,8-QAM,full_state_raw_label_srm,1.01,2.02,0.184902270519,0.513756660534,merged_2_4_8_16_raw_label_srm,1.01,0.190057554602,0.184902270519,-0.00515528408364,0.50616194444,0.513756660534,results/raw_label_vs_vacuum_omit_srm_qam_ultradense_m4_m8_0p75_1p05db/raw_label_minus_vacuum_omit_srm.csv,,,,,,,,,,,,,,,,,,,,,,
Fig. 1(c),8,8-QAM,full_state_raw_label_srm,1.02,2.04,0.182736214649,0.510793983958,merged_2_4_8_16_raw_label_srm,1.02,0.188131986107,0.182736214649,-0.00539577145817,0.503146019688,0.510793983958,results/raw_label_vs_vacuum_omit_srm_qam_ultradense_m4_m8_0p75_1p05db/raw_label_minus_vacuum_omit_srm.csv,,,,,,,,,,,,,,,,,,,,,,
Fig. 1(c),8,8-QAM,full_state_raw_label_srm,1.03,2.06,0.180607363271,0.507997600145,merged_2_4_8_16_raw_label_srm,1.03,0.186242817264,0.180607363271,-0.00563545399334,0.500045678674,0.507997600145,results/raw_label_vs_vacuum_omit_srm_qam_ultradense_m4_m8_0p75_1p05db/raw_label_minus_vacuum_omit_srm.csv,,,,,,,,,,,,,,,,,,,,,,
Fig. 1(c),8,8-QAM,full_state_raw_label_srm,1.04,2.08,0.178513593267,0.505689443302,merged_2_4_8_16_raw_label_srm,1.04,0.184389809197,0.178513593267,-0.00587621593004,0.497606549553,0.505689443302,results/raw_label_vs_vacuum_omit_srm_qam_ultradense_m4_m8_0p75_1p05db/raw_label_minus_vacuum_omit_srm.csv,,,,,,,,,,,,,,,,,,,,,,
Fig. 1(c),8,8-QAM,full_state_raw_label_srm,1.05,2.1,0.17645528698,0.501735946795,merged_2_4_8_16_raw_label_srm,1.05,0.182570814355,0.17645528698,-0.00611552737509,0.494771134786,0.501735946795,results/raw_label_vs_vacuum_omit_srm_qam_ultradense_m4_m8_0p75_1p05db/raw_label_minus_vacuum_omit_srm.csv,,,,,,,,,,,,,,,,,,,,,,
Fig. 1(c),8,8-QAM,full_state_raw_label_srm,1.1,2.2,0.166997643727,0.479998814547,merged_2_4_8_16_raw_label_srm,1.1,0.173957374366,0.166997643727,-0.00695973063855,0.482380624414,0.479998814547,results/raw_label_vs_vacuum_omit_srm_qam_dense_0_2db/raw_label_minus_vacuum_omit_srm.csv,,,,,,,,,,,,,,,,,,,,,,
Fig. 1(c),8,8-QAM,full_state_raw_label_srm,1.2,2.4,0.152264641917,0.448901999031,merged_2_4_8_16_raw_label_srm,1.2,0.158808215984,0.152264641917,-0.00654357406686,0.460412513227,0.448901999031,results/raw_label_vs_vacuum_omit_srm_qam_dense_0_2db/raw_label_minus_vacuum_omit_srm.csv,,,,,,,,,,,,,,,,,,,,,,
Fig. 1(c),8,8-QAM,full_state_raw_label_srm,1.3,2.6,0.14054398168,0.431635576364,merged_2_4_8_16_raw_label_srm,1.3,0.14589000582,0.14054398168,-0.00534602414077,0.441952402272,0.431635576364,results/raw_label_vs_vacuum_omit_srm_qam_dense_0_2db/raw_label_minus_vacuum_omit_srm.csv,,,,,,,,,,,,,,,,,,,,,,
Fig. 1(c),8,8-QAM,full_state_raw_label_srm,1.4,2.8,0.130314712807,0.417293238536,merged_2_4_8_16_raw_label_srm,1.4,0.13472809683,0.130314712807,-0.00441338402243,0.426038922245,0.417293238536,results/raw_label_vs_vacuum_omit_srm_qam_dense_0_2db/raw_label_minus_vacuum_omit_srm.csv,,,,,,,,,,,,,,,,,,,,,,
Fig. 1(c),8,8-QAM,full_state_raw_label_srm,1.5,3.0,0.121298463843,0.40450168377,merged_2_4_8_16_raw_label_srm,1.5,0.124978958277,0.121298463843,-0.00368049443379,0.412472083622,0.40450168377,results/raw_label_vs_vacuum_omit_srm_qam_dense_0_2db/raw_label_minus_vacuum_omit_srm.csv,,,,,,,,,,,,,,,,,,,,,,
Fig. 1(c),8,8-QAM,full_state_raw_label_srm,1.6,3.2,0.113285268415,0.393658312744,merged_2_4_8_16_raw_label_srm,1.6,0.116385762832,0.113285268415,-0.00310049441664,0.400498325453,0.393658312744,results/raw_label_vs_vacuum_omit_srm_qam_dense_0_2db/raw_label_minus_vacuum_omit_srm.csv,,,,,,,,,,,,,,,,,,,,,,
Fig. 1(c),8,8-QAM,full_state_raw_label_srm,1.7,3.4,0.106113307314,0.38304164895,merged_2_4_8_16_raw_label_srm,1.7,0.108751888392,0.106113307314,-0.00263858107801,0.389706649089,0.38304164895,results/raw_label_vs_vacuum_omit_srm_qam_dense_0_2db/raw_label_minus_vacuum_omit_srm.csv,,,,,,,,,,,,,,,,,,,,,,
Fig. 1(c),8,8-QAM,full_state_raw_label_srm,1.8,3.6,0.0996537216024,0.374108835099,merged_2_4_8_16_raw_label_srm,1.8,0.101924186602,0.0996537216024,-0.00227046500006,0.379967334559,0.374108835099,results/raw_label_vs_vacuum_omit_srm_qam_dense_0_2db/raw_label_minus_vacuum_omit_srm.csv,,,,,,,,,,,,,,,,,,,,,,
Fig. 1(c),8,8-QAM,full_state_raw_label_srm,1.9,3.8,0.0938042488227,0.365877426122,merged_2_4_8_16_raw_label_srm,1.9,0.0957805174831,0.0938042488227,-0.00197626866036,0.371349135,0.365877426122,results/raw_label_vs_vacuum_omit_srm_qam_dense_0_2db/raw_label_minus_vacuum_omit_srm.csv,,,,,,,,,,,,,,,,,,,,,,
Fig. 1(c),8,8-QAM,full_state_raw_label_srm,2.0,4.0,0.0884815167766,0.358225517582,merged_2_4_8_16_raw_label_srm,2.0,0.0902228748094,0.0884815167766,-0.00174135803272,0.363334142748,0.358225517582,results/raw_label_vs_vacuum_omit_srm_qam_dense_0_2db/raw_label_minus_vacuum_omit_srm.csv,,,,,,,,,,,,,,,,,,,,,,
Fig. 1(c),8,8-QAM,full_state_raw_label_srm,2.5,5.0,0.0677304434026,0.328664465457,merged_2_4_8_16_raw_label_srm,2.5,0.0688653763304,0.0677304434026,-0.00113493292778,0.332342083836,0.328664465457,results/raw_label_vs_vacuum_omit_srm_qam/raw_label_minus_vacuum_omit_srm.csv,,,,,,,,,,,,,,,,,,,,,,
Fig. 1(c),8,8-QAM,full_state_raw_label_srm,3.0,6.0,0.0534327844833,0.307758992746,merged_2_4_8_16_raw_label_srm,3.0,0.0544463499113,0.0534327844833,-0.001013565428,0.310699084262,0.307758992746,results/raw_label_vs_vacuum_omit_srm_qam/raw_label_minus_vacuum_omit_srm.csv,,,,,,,,,,,,,,,,,,,,,,
Fig. 1(c),8,8-QAM,full_state_raw_label_srm,3.5,7.0,0.0430224240073,0.291884398486,merged_2_4_8_16_raw_label_srm,3.5,0.0441019736583,0.0430224240073,-0.00107954965092,0.294571595689,0.291884398486,results/raw_label_vs_vacuum_omit_srm_qam/raw_label_minus_vacuum_omit_srm.csv,,,,,,,,,,,,,,,,,,,,,,
Fig. 1(c),8,8-QAM,full_state_raw_label_srm,4.0,8.0,0.0351474477979,0.279297736006,merged_2_4_8_16_raw_label_srm,4.0,0.0363584611831,0.0351474477979,-0.00121101338514,0.28235375873,0.279297736006,results/raw_label_vs_vacuum_omit_srm_qam/raw_label_minus_vacuum_omit_srm.csv,,,,,,,,,,,,,,,,,,,,,,
Fig. 1(c),8,8-QAM,full_state_raw_label_srm,4.5,9.0,0.02917050575,0.269109225503,merged_2_4_8_16_raw_label_srm,4.5,0.0303773621633,0.02917050575,-0.00120685641331,0.272448941773,0.269109225503,results/raw_label_vs_vacuum_omit_srm_qam/raw_label_minus_vacuum_omit_srm.csv,,,,,,,,,,,,,,,,,,,,,,
Fig. 1(c),8,8-QAM,full_state_raw_label_srm,5.0,10.0,0.0247656685854,0.261218279225,merged_2_4_8_16_raw_label_srm,5.0,0.0256454983771,0.0247656685854,-0.000879829791671,0.264601368562,0.261218279225,results/raw_label_vs_vacuum_omit_srm_qam/raw_label_minus_vacuum_omit_srm.csv,,,,,,,,,,,,,,,,,,,,,,
Fig. 1(c),8,8-QAM,full_state_raw_label_srm,5.5,11.0,0.0211888754923,0.255400933494,merged_2_4_8_16_raw_label_srm,5.5,0.0218308455574,0.0211888754923,-0.000641970065135,0.258225459029,0.255400933494,results/raw_label_vs_vacuum_omit_srm_qam/raw_label_minus_vacuum_omit_srm.csv,,,,,,,,,,,,,,,,,,,,,,
Fig. 1(c),8,8-QAM,full_state_raw_label_srm,6.0,12.0,0.0182346708994,0.250458912221,merged_2_4_8_16_raw_label_srm,6.0,0.0187088342474,0.0182346708994,-0.000474163348061,0.252855506798,0.250458912221,results/raw_label_vs_vacuum_omit_srm_qam/raw_label_minus_vacuum_omit_srm.csv,,,,,,,,,,,,,,,,,,,,,,
Fig. 1(c),8,8-QAM,full_state_raw_label_srm,6.5,13.0,0.0157683370044,0.246310248883,merged_2_4_8_16_raw_label_srm,6.5,0.0161221112675,0.0157683370044,-0.00035377426304,0.248342598713,0.246310248883,results/raw_label_vs_vacuum_omit_srm_qam/raw_label_minus_vacuum_omit_srm.csv,,,,,,,,,,,,,,,,,,,,,,
Fig. 1(c),8,8-QAM,full_state_raw_label_srm,7.0,14.0,0.0136908352785,0.242830421037,merged_2_4_8_16_raw_label_srm,7.0,0.0139570283772,0.0136908352785,-0.000266193098655,0.244527490846,0.242830421037,results/raw_label_vs_vacuum_omit_srm_qam/raw_label_minus_vacuum_omit_srm.csv,,,,,,,,,,,,,,,,,,,,,,
Fig. 1(c),8,8-QAM,full_state_raw_label_srm,7.5,15.0,0.0119277022323,0.239641845528,merged_2_4_8_16_raw_label_srm,7.5,0.0121294328671,0.0119277022323,-0.000201730634735,0.241287868563,0.239641845528,results/raw_label_vs_vacuum_omit_srm_qam/raw_label_minus_vacuum_omit_srm.csv,,,,,,,,,,,,,,,,,,,,,,
Fig. 1(c),8,8-QAM,full_state_raw_label_srm,8.0,16.0,0.0104218637895,0.23724977249,merged_2_4_8_16_raw_label_srm,8.0,0.0105756601419,0.0104218637895,-0.000153796352431,0.238537561019,0.23724977249,results/raw_label_vs_vacuum_omit_srm_qam/raw_label_minus_vacuum_omit_srm.csv,,,,,,,,,,,,,,,,,,,,,,
Fig. 1(c),8,8-QAM,full_state_raw_label_srm,8.5,17.0,0.00912878468476,0.234884871765,merged_2_4_8_16_raw_label_srm,8.5,0.00924664453913,0.00912878468476,-0.000117859854368,0.235993270532,0.234884871765,results/raw_label_vs_vacuum_omit_srm_qam/raw_label_minus_vacuum_omit_srm.csv,,,,,,,,,,,,,,,,,,,,,,
Fig. 1(c),8,8-QAM,full_state_raw_label_srm,9.0,18.0,0.00801327759983,0.232979612352,merged_2_4_8_16_raw_label_srm,9.0,0.00810399696273,0.00801327759983,-9.07193628978e-05,0.23399333403,0.232979612352,results/raw_label_vs_vacuum_omit_srm_qam/raw_label_minus_vacuum_omit_srm.csv,,,,,,,,,,,,,,,,,,,,,,
Fig. 1(c),8,8-QAM,full_state_raw_label_srm,9.5,19.0,0.00704706779634,0.231344878228,merged_2_4_8_16_raw_label_srm,9.5,0.00711718074516,0.00704706779634,-7.01129488228e-05,0.232179918008,0.231344878228,results/raw_label_vs_vacuum_omit_srm_qam/raw_label_minus_vacuum_omit_srm.csv,,,,,,,,,,,,,,,,,,,,,,
Fig. 1(c),8,8-QAM,full_state_raw_label_srm,10.0,20.0,0.00620730555744,0.229991251943,merged_2_4_8_16_raw_label_srm,10.0,0.00626166393884,0.00620730555744,-5.43583813947e-05,0.230573439168,0.229991251943,results/raw_label_vs_vacuum_omit_srm_qam/raw_label_minus_vacuum_omit_srm.csv,,,,,,,,,,,,,,,,,,,,,,
Fig. 1(c),16,16-QAM,full_state_raw_label_srm,0.0,0.0,4.0,5.55549470294,merged_2_4_8_16_raw_label_srm,0.0,4.0,4.0,3.68594044176e-14,5.625,5.55549470294,results/raw_label_vs_vacuum_omit_srm_qam_ultradense_m16_0_0p1db/raw_label_minus_vacuum_omit_srm.csv,,,,,,,,,,,,,,,,,,,,,,
Fig. 1(c),16,16-QAM,full_state_raw_label_srm,0.01,0.02,3.62148512279,2.09309298649,merged_2_4_8_16_raw_label_srm,0.01,3.61802210488,3.62148512279,0.00346301790648,2.10776587712,2.09309298649,results/raw_label_vs_vacuum_omit_srm_qam_ultradense_m16_0_0p1db/raw_label_minus_vacuum_omit_srm.csv,,,,,,,,,,,,,,,,,,,,,,
Fig. 1(c),16,16-QAM,full_state_raw_label_srm,0.02,0.04,3.40862960561,1.98459320441,merged_2_4_8_16_raw_label_srm,0.02,3.40316395792,3.40862960561,0.00546564769532,1.99882793946,1.98459320441,results/raw_label_vs_vacuum_omit_srm_qam_ultradense_m16_0_0p1db/raw_label_minus_vacuum_omit_srm.csv,,,,,,,,,,,,,,,,,,,,,,
Fig. 1(c),16,16-QAM,full_state_raw_label_srm,0.03,0.06,3.24079933231,1.92602458077,merged_2_4_8_16_raw_label_srm,0.03,3.23388975986,3.24079933231,0.00690957244361,1.93971791632,1.92602458077,results/raw_label_vs_vacuum_omit_srm_qam_ultradense_m16_0_0p1db/raw_label_minus_vacuum_omit_srm.csv,,,,,,,,,,,,,,,,,,,,,,
Fig. 1(c),16,16-QAM,full_state_raw_label_srm,0.04,0.08,3.0986678872,1.88702190182,merged_2_4_8_16_raw_label_srm,0.04,3.09063486411,3.0986678872,0.00803302308718,1.90047150598,1.88702190182,results/raw_label_vs_vacuum_omit_srm_qam_ultradense_m16_0_0p1db/raw_label_minus_vacuum_omit_srm.csv,,,,,,,,,,,,,,,,,,,,,,
Fig. 1(c),16,16-QAM,full_state_raw_label_srm,0.05,0.1,2.97399175439,1.85804505897,merged_2_4_8_16_raw_label_srm,0.05,2.96503966031,2.97399175439,0.00895209407552,1.87141731576,1.85804505897,results/raw_label_vs_vacuum_omit_srm_qam_ultradense_m16_0_0p1db/raw_label_minus_vacuum_omit_srm.csv,,,,,,,,,,,,,,,,,,,,,,
Fig. 1(c),16,16-QAM,full_state_raw_label_srm,0.06,0.12,2.86226654817,1.83520467623,merged_2_4_8_16_raw_label_srm,0.06,2.85253795594,2.86226654817,0.0097285922329,1.84860991572,1.83520467623,results/raw_label_vs_vacuum_omit_srm_qam_ultradense_m16_0_0p1db/raw_label_minus_vacuum_omit_srm.csv,,,,,,,,,,,,,,,,,,,,,,
Fig. 1(c),16,16-QAM,full_state_raw_label_srm,0.07,0.14,2.76067975539,1.81631160044,merged_2_4_8_16_raw_label_srm,0.07,2.7502811012,2.76067975539,0.0103986541845,1.82991313384,1.81631160044,results/raw_label_vs_vacuum_omit_srm_qam_ultradense_m16_0_0p1db/raw_label_minus_vacuum_omit_srm.csv,,,,,,,,,,,,,,,,,,,,,,
Fig. 1(c),16,16-QAM,full_state_raw_label_srm,0.08,0.16,2.667321464,1.80039257047,merged_2_4_8_16_raw_label_srm,0.08,2.65633628026,2.667321464,0.0109851837369,1.81407071984,1.80039257047,results/raw_label_vs_vacuum_omit_srm_qam_ultradense_m16_0_0p1db/raw_label_minus_vacuum_omit_srm.csv,,,,,,,,,,,,,,,,,,,,,,
Fig. 1(c),16,16-QAM,full_state_raw_label_srm,0.09,0.18,2.58081758214,1.78655030329,merged_2_4_8_16_raw_label_srm,0.09,2.56931395413,2.58081758214,0.0115036280101,1.80053322529,1.78655030329,results/raw_label_vs_vacuum_omit_srm_qam_ultradense_m16_0_0p1db/raw_label_minus_vacuum_omit_srm.csv,,,,,,,,,,,,,,,,,,,,,,
Fig. 1(c),16,16-QAM,full_state_raw_label_srm,0.1,0.2,2.50013690012,1.77438512293,merged_2_4_8_16_raw_label_srm,0.1,2.48817202652,2.50013690012,0.0119648735998,1.78863547754,1.77438512293,results/raw_label_vs_vacuum_omit_srm_qam_ultradense_m16_0p1_0p2db/raw_label_minus_vacuum_omit_srm.csv,,,,,,,,,,,,,,,,,,,,,,
Fig. 1(c),16,16-QAM,full_state_raw_label_srm,0.11,0.22,2.42448024689,1.76358192709,merged_2_4_8_16_raw_label_srm,0.11,2.41210336123,2.42448024689,0.0123768856668,1.77814815218,1.76358192709,results/raw_label_vs_vacuum_omit_srm_qam_ultradense_m16_0p1_0p2db/raw_label_minus_vacuum_omit_srm.csv,,,,,,,,,,,,,,,,,,,,,,
Fig. 1(c),16,16-QAM,full_state_raw_label_srm,0.12,0.24,2.35321241714,1.75392624495,merged_2_4_8_16_raw_label_srm,0.12,2.34046676075,2.35321241714,0.0127456563833,1.7687489358,1.75392624495,results/raw_label_vs_vacuum_omit_srm_qam_ultradense_m16_0p1_0p2db/raw_label_minus_vacuum_omit_srm.csv,,,,,,,,,,,,,,,,,,,,,,
Fig. 1(c),16,16-QAM,full_state_raw_label_srm,0.13,0.26,2.28581814098,1.74517637692,merged_2_4_8_16_raw_label_srm,0.13,2.27274230887,2.28581814098,0.0130758321169,1.76038021122,1.74517637692,results/raw_label_vs_vacuum_omit_srm_qam_ultradense_m16_0p1_0p2db/raw_label_minus_vacuum_omit_srm.csv,,,,,,,,,,,,,,,,,,,,,,
Fig. 1(c),16,16-QAM,full_state_raw_label_srm,0.14,0.28,2.22187238494,1.73726775594,merged_2_4_8_16_raw_label_srm,0.14,2.20850128882,2.22187238494,0.0133710961185,1.75276765859,1.73726775594,results/raw_label_vs_vacuum_omit_srm_qam_ultradense_m16_0p1_0p2db/raw_label_minus_vacuum_omit_srm.csv,,,,,,,,,,,,,,,,,,,,,,
Fig. 1(c),16,16-QAM,full_state_raw_label_srm,0.15,0.3,2.16101960959,1.73007459714,merged_2_4_8_16_raw_label_srm,0.15,2.14738515453,2.16101960959,0.0136344550623,1.7459172201,1.73007459714,results/raw_label_vs_vacuum_omit_srm_qam_ultradense_m16_0p1_0p2db/raw_label_minus_vacuum_omit_srm.csv,,,,,,,,,,,,,,,,,,,,,,
Fig. 1(c),16,16-QAM,full_state_raw_label_srm,0.16,0.32,2.10295885557,1.72352064639,merged_2_4_8_16_raw_label_srm,0.16,2.08909044506,2.10295885557,0.0138684105059,1.73969612686,1.72352064639,results/raw_label_vs_vacuum_omit_srm_qam_ultradense_m16_0p1_0p2db/raw_label_minus_vacuum_omit_srm.csv,,,,,,,,,,,,,,,,,,,,,,
Fig. 1(c),16,16-QAM,full_state_raw_label_srm,0.17,0.34,2.04743274969,1.71753474917,merged_2_4_8_16_raw_label_srm,0.17,2.03335765978,2.04743274969,0.0140750899119,1.73407282141,1.71753474917,results/raw_label_vs_vacuum_omit_srm_qam_ultradense_m16_0p1_0p2db/raw_label_minus_vacuum_omit_srm.csv,,,,,,,,,,,,,,,,,,,,,,
Fig. 1(c),16,16-QAM,full_state_raw_label_srm,0.18,0.36,1.99421922706,1.71206036679,merged_2_4_8_16_raw_label_srm,0.18,1.97996289028,1.99421922706,0.0142563367723,1.72896206339,1.71206036679,results/raw_label_vs_vacuum_omit_srm_qam_ultradense_m16_0p1_0p2db/raw_label_minus_vacuum_omit_srm.csv,,,,,,,,,,,,,,,,,,,,,,
Fig. 1(c),16,16-QAM,full_state_raw_label_srm,0.19,0.38,1.94312518209,1.70705655256,merged_2_4_8_16_raw_label_srm,0.19,1.92871141229,1.94312518209,0.0144137697994,1.72432027911,1.70705655256,results/raw_label_vs_vacuum_omit_srm_qam_ultradense_m16_0p1_0p2db/raw_label_minus_vacuum_omit_srm.csv,,,,,,,,,,,,,,,,,,,,,,
Fig. 1(c),16,16-QAM,full_state_raw_label_srm,0.2,0.4,1.89398152623,1.70254649392,merged_2_4_8_16_raw_label_srm,0.2,1.87943269188,1.89398152623,0.0145488343487,1.7201116982,1.70254649392,results/raw_label_vs_vacuum_omit_srm_qam_ultradense_m16_0p1_0p2db/raw_label_minus_vacuum_omit_srm.csv,,,,,,,,,,,,,,,,,,,,,,
Fig. 1(c),16,16-QAM,full_state_raw_label_srm,0.3,0.6,1.48379961284,1.67675241091,merged_2_4_8_16_raw_label_srm,0.3,1.4688936063,1.48379961284,0.0149060065392,1.69747111517,1.67675241091,results/raw_label_vs_vacuum_omit_srm_qam_dense_0_2db_m16_fast/raw_label_minus_vacuum_omit_srm.csv,,,,,,,,,,,,,,,,,,,,,,
Fig. 1(c),16,16-QAM,full_state_raw_label_srm,0.4,0.8,1.17185600306,1.67927807064,merged_2_4_8_16_raw_label_srm,0.4,1.15789206001,1.17185600306,0.0139639430485,1.70238628933,1.67927807064,results/raw_label_vs_vacuum_omit_srm_qam_dense_0_2db_m16_fast/raw_label_minus_vacuum_omit_srm.csv,,,,,,,,,,,,,,,,,,,,,,
Fig. 1(c),16,16-QAM,full_state_raw_label_srm,0.5,1.0,0.920521941347,1.70716527779,merged_2_4_8_16_raw_label_srm,0.5,0.908332625119,0.920521941347,0.0121893162289,1.73107039185,1.70716527779,results/raw_label_vs_vacuum_omit_srm_qam_dense_0_2db_m16_fast/raw_label_minus_vacuum_omit_srm.csv,,,,,,,,,,,,,,,,,,,,,,
Fig. 1(c),16,16-QAM,full_state_raw_label_srm,0.6,1.2,0.711837177368,1.75957127918,merged_2_4_8_16_raw_label_srm,0.6,0.701862482866,0.711837177368,0.00997469450215,1.780628391,1.75957127918,results/raw_label_vs_vacuum_omit_srm_qam_dense_0_2db_m16_fast/raw_label_minus_vacuum_omit_srm.csv,,,,,,,,,,,,,,,,,,,,,,
Fig. 1(c),16,16-QAM,full_state_raw_label_srm,0.7,1.4,0.536418345242,1.82699446627,merged_2_4_8_16_raw_label_srm,0.7,0.528591642454,0.536418345242,0.00782670278786,1.84247768846,1.82699446627,results/raw_label_vs_vacuum_omit_srm_qam_dense_0_2db_m16_fast/raw_label_minus_vacuum_omit_srm.csv,,,,,,,,,,,,,,,,,,,,,,
Fig. 1(c),16,16-QAM,full_state_raw_label_srm,0.75,1.5,0.459321855162,1.86196789207,merged_2_4_8_16_raw_label_srm,0.75,0.452421162944,0.459321855162,0.0069006922181,1.87492492896,1.86196789207,results/raw_label_vs_vacuum_omit_srm_qam_ultradense_m16_0p75_1p05db_fast/raw_label_minus_vacuum_omit_srm.csv,,,,,,,,,,,,,,,,,,,,,,
Fig. 1(c),16,16-QAM,full_state_raw_label_srm,0.76,1.52,0.444675448869,1.86894455564,merged_2_4_8_16_raw_label_srm,0.76,0.437946222209,0.444675448869,0.0067292266601,1.88139700157,1.86894455564,results/raw_label_vs_vacuum_omit_srm_qam_ultradense_m16_0p75_1p05db_fast/raw_label_minus_vacuum_omit_srm.csv,,,,,,,,,,,,,,,,,,,,,,
Fig. 1(c),16,16-QAM,full_state_raw_label_srm,0.77,1.54,0.430276860346,1.87591132294,merged_2_4_8_16_raw_label_srm,0.77,0.42371460634,0.430276860346,0.00656225400618,1.88801733989,1.87591132294,results/raw_label_vs_vacuum_omit_srm_qam_ultradense_m16_0p75_1p05db_fast/raw_label_minus_vacuum_omit_srm.csv,,,,,,,,,,,,,,,,,,,,,,
Fig. 1(c),16,16-QAM,full_state_raw_label_srm,0.78,1.56,0.416122121914,1.88286541783,merged_2_4_8_16_raw_label_srm,0.78,0.409722402403,0.416122121914,0.00639971951028,1.89457148999,1.88286541783,results/raw_label_vs_vacuum_omit_srm_qam_ultradense_m16_0p75_1p05db_fast/raw_label_minus_vacuum_omit_srm.csv,,,,,,,,,,,,,,,,,,,,,,
Fig. 1(c),16,16-QAM,full_state_raw_label_srm,0.79,1.58,0.402207377953,1.88979889449,merged_2_4_8_16_raw_label_srm,0.79,0.395965842527,0.402207377953,0.00624153542635,1.90112736818,1.88979889449,results/raw_label_vs_vacuum_omit_srm_qam_ultradense_m16_0p75_1p05db_fast/raw_label_minus_vacuum_omit_srm.csv,,,,,,,,,,,,,,,,,,,,,,
Fig. 1(c),16,16-QAM,full_state_raw_label_srm,0.8,1.6,0.388528879964,1.8967134441,merged_2_4_8_16_raw_label_srm,0.8,0.382441269136,0.388528879964,0.00608761082712,1.90770565713,1.8967134441,results/raw_label_vs_vacuum_omit_srm_qam_ultradense_m16_0p75_1p05db_fast/raw_label_minus_vacuum_omit_srm.csv,,,,,,,,,,,,,,,,,,,,,,
Fig. 1(c),16,16-QAM,full_state_raw_label_srm,0.81,1.62,0.375082980857,1.9036056258,merged_2_4_8_16_raw_label_srm,0.81,0.369145134728,0.375082980857,0.00593784612946,1.91427238259,1.9036056258,results/raw_label_vs_vacuum_omit_srm_qam_ultradense_m16_0p75_1p05db_fast/raw_label_minus_vacuum_omit_srm.csv,,,,,,,,,,,,,,,,,,,,,,
Fig. 1(c),16,16-QAM,full_state_raw_label_srm,0.82,1.64,0.361866127494,1.91051148192,merged_2_4_8_16_raw_label_srm,0.82,0.356073990987,0.361866127494,0.00579213650643,1.92083843002,1.91051148192,results/raw_label_vs_vacuum_omit_srm_qam_ultradense_m16_0p75_1p05db_fast/raw_label_minus_vacuum_omit_srm.csv,,,,,,,,,,,,,,,,,,,,,,
Fig. 1(c),16,16-QAM,full_state_raw_label_srm,0.83,1.66,0.348874860415,1.91737458017,merged_2_4_8_16_raw_label_srm,0.83,0.343224482882,0.348874860415,0.0056503775329,1.92740281552,1.91737458017,results/raw_label_vs_vacuum_omit_srm_qam_ultradense_m16_0p75_1p05db_fast/raw_label_minus_vacuum_omit_srm.csv,,,,,,,,,,,,,,,,,,,,,,
Fig. 1(c),16,16-QAM,full_state_raw_label_srm,0.84,1.68,0.336105800572,1.92421584231,merged_2_4_8_16_raw_label_srm,0.84,0.330593341278,0.336105800572,0.0055124592936,1.93395970459,1.92421584231,results/raw_label_vs_vacuum_omit_srm_qam_ultradense_m16_0p75_1p05db_fast/raw_label_minus_vacuum_omit_srm.csv,,,,,,,,,,,,,,,,,,,,,,
Fig. 1(c),16,16-QAM,full_state_raw_label_srm,0.85,1.7,0.323555647869,1.93101207777,merged_2_4_8_16_raw_label_srm,0.85,0.318177372479,0.323555647869,0.00537827539,1.94047599754,1.93101207777,results/raw_label_vs_vacuum_omit_srm_qam_ultradense_m16_0p75_1p05db_fast/raw_label_minus_vacuum_omit_srm.csv,,,,,,,,,,,,,,,,,,,,,,
Fig. 1(c),16,16-QAM,full_state_raw_label_srm,0.86,1.72,0.31122117318,1.93783623443,merged_2_4_8_16_raw_label_srm,0.86,0.305973474436,0.31122117318,0.00524769874334,1.94712554366,1.93783623443,results/raw_label_vs_vacuum_omit_srm_qam_ultradense_m16_0p75_1p05db_fast/raw_label_minus_vacuum_omit_srm.csv,,,,,,,,,,,,,,,,,,,,,,
Fig. 1(c),16,16-QAM,full_state_raw_label_srm,0.87,1.74,0.299099216369,1.94469569327,merged_2_4_8_16_raw_label_srm,0.87,0.293978589364,0.299099216369,0.00512062700443,1.95371564203,1.94469569327,results/raw_label_vs_vacuum_omit_srm_qam_ultradense_m16_0p75_1p05db_fast/raw_label_minus_vacuum_omit_srm.csv,,,,,,,,,,,,,,,,,,,,,,
Fig. 1(c),16,16-QAM,full_state_raw_label_srm,0.88,1.76,0.287186690231,1.95144775544,merged_2_4_8_16_raw_label_srm,0.88,0.282189742301,0.287186690231,0.00499694792969,1.96031411188,1.95144775544,results/raw_label_vs_vacuum_omit_srm_qam_ultradense_m16_0p75_1p05db_fast/raw_label_minus_vacuum_omit_srm.csv,,,,,,,,,,,,,,,,,,,,,,
Fig. 1(c),16,16-QAM,full_state_raw_label_srm,0.89,1.78,0.275480555095,1.95824023524,merged_2_4_8_16_raw_label_srm,0.89,0.270604029764,0.275480555095,0.00487652533134,1.96692386073,1.95824023524,results/raw_label_vs_vacuum_omit_srm_qam_ultradense_m16_0p75_1p05db_fast/raw_label_minus_vacuum_omit_srm.csv,,,,,,,,,,,,,,,,,,,,,,
Fig. 1(c),16,16-QAM,full_state_raw_label_srm,0.9,1.8,0.263977839951,1.96502469274,merged_2_4_8_16_raw_label_srm,0.9,0.259218728596,0.263977839951,0.00475911135442,1.97364936656,1.96502469274,results/raw_label_vs_vacuum_omit_srm_qam_ultradense_m16_0p75_1p05db_fast/raw_label_minus_vacuum_omit_srm.csv,,,,,,,,,,,,,,,,,,,,,,
Fig. 1(c),16,16-QAM,full_state_raw_label_srm,0.91,1.82,0.252675645823,1.97183485609,merged_2_4_8_16_raw_label_srm,0.91,0.24803132727,0.252675645823,0.00464431855339,1.98025248898,1.97183485609,results/raw_label_vs_vacuum_omit_srm_qam_ultradense_m16_0p75_1p05db_fast/raw_label_minus_vacuum_omit_srm.csv,,,,,,,,,,,,,,,,,,,,,,
Fig. 1(c),16,16-QAM,full_state_raw_label_srm,0.92,1.84,0.241571303537,1.97857549449,merged_2_4_8_16_raw_label_srm,0.92,0.237039418239,0.241571303537,0.00453188529816,1.98700118037,1.97857549449,results/raw_label_vs_vacuum_omit_srm_qam_ultradense_m16_0p75_1p05db_fast/raw_label_minus_vacuum_omit_srm.csv,,,,,,,,,,,,,,,,,,,,,,
Fig. 1(c),16,16-QAM,full_state_raw_label_srm,0.93,1.86,0.230662362689,1.98549192636,merged_2_4_8_16_raw_label_srm,0.93,0.23391262676,0.230662362689,-0.00325026407125,0.440446945907,1.98549192636,results/raw_label_vs_vacuum_omit_srm_qam_ultradense_m16_0p75_1p05db_fast/raw_label_minus_vacuum_omit_srm.csv,,,,,,,,,,,,,,,,,,,,,,
Fig. 1(c),16,16-QAM,full_state_raw_label_srm,0.94,1.88,0.220081483636,0.419768035672,merged_2_4_8_16_raw_label_srm,0.94,0.231101437737,0.220081483636,-0.0110199541008,0.436861283688,0.419768035672,results/raw_label_vs_vacuum_omit_srm_qam_ultradense_m16_0p75_1p05db_fast/raw_label_minus_vacuum_omit_srm.csv,,,,,,,,,,,,,,,,,,,,,,
Fig. 1(c),16,16-QAM,full_state_raw_label_srm,0.95,1.9,0.217576843708,0.416978567601,merged_2_4_8_16_raw_label_srm,0.95,0.228356574075,0.217576843708,-0.0107797303672,0.433635997693,0.416978567601,results/raw_label_vs_vacuum_omit_srm_qam_ultradense_m16_0p75_1p05db_fast/raw_label_minus_vacuum_omit_srm.csv,,,,,,,,,,,,,,,,,,,,,,
Fig. 1(c),16,16-QAM,full_state_raw_label_srm,0.96,1.92,0.21512526119,0.414165119417,merged_2_4_8_16_raw_label_srm,0.96,0.225673887819,0.21512526119,-0.0105486266295,0.430580298024,0.414165119417,results/raw_label_vs_vacuum_omit_srm_qam_ultradense_m16_0p75_1p05db_fast/raw_label_minus_vacuum_omit_srm.csv,,,,,,,,,,,,,,,,,,,,,,
Fig. 1(c),16,16-QAM,full_state_raw_label_srm,0.97,1.94,0.212725023292,0.411206555077,merged_2_4_8_16_raw_label_srm,0.97,0.22305340143,0.212725023292,-0.0103283781384,0.427405232822,0.411206555077,results/raw_label_vs_vacuum_omit_srm_qam_ultradense_m16_0p75_1p05db_fast/raw_label_minus_vacuum_omit_srm.csv,,,,,,,,,,,,,,,,,,,,,,
Fig. 1(c),16,16-QAM,full_state_raw_label_srm,0.98,1.96,0.210374567184,0.408432600747,merged_2_4_8_16_raw_label_srm,0.98,0.220490554565,0.210374567184,-0.010115987381,0.424412093014,0.408432600747,results/raw_label_vs_vacuum_omit_srm_qam_ultradense_m16_0p75_1p05db_fast/raw_label_minus_vacuum_omit_srm.csv,,,,,,,,,,,,,,,,,,,,,,
Fig. 1(c),16,16-QAM,full_state_raw_label_srm,0.99,1.98,0.208071700983,0.406106565715,merged_2_4_8_16_raw_label_srm,0.99,0.217984374387,0.208071700983,-0.00991267340481,0.42137767415,0.406106565715,results/raw_label_vs_vacuum_omit_srm_qam_ultradense_m16_0p75_1p05db_fast/raw_label_minus_vacuum_omit_srm.csv,,,,,,,,,,,,,,,,,,,,,,
Fig. 1(c),16,16-QAM,full_state_raw_label_srm,1.0,2.0,0.205815172953,0.403780471387,merged_2_4_8_16_raw_label_srm,1.0,0.215533416219,0.205815172953,-0.00971824326634,0.418234666695,0.403780471387,results/raw_label_vs_vacuum_omit_srm_qam_ultradense_m16_0p75_1p05db_fast/raw_label_minus_vacuum_omit_srm.csv,,,,,,,,,,,,,,,,,,,,,,
Fig. 1(c),16,16-QAM,full_state_raw_label_srm,1.01,2.02,0.203603738665,0.401066430232,merged_2_4_8_16_raw_label_srm,1.01,0.213134146943,0.203603738665,-0.00953040827811,0.415545154588,0.401066430232,results/raw_label_vs_vacuum_omit_srm_qam_ultradense_m16_0p75_1p05db_fast/raw_label_minus_vacuum_omit_srm.csv,,,,,,,,,,,,,,,,,,,,,,
Fig. 1(c),16,16-QAM,full_state_raw_label_srm,1.02,2.04,0.201435511014,0.398994853452,merged_2_4_8_16_raw_label_srm,1.02,0.210786421304,0.201435511014,-0.00935091028992,0.412948077256,0.398994853452,results/raw_label_vs_vacuum_omit_srm_qam_ultradense_m16_0p75_1p05db_fast/raw_label_minus_vacuum_omit_srm.csv,,,,,,,,,,,,,,,,,,,,,,
Fig. 1(c),16,16-QAM,full_state_raw_label_srm,1.03,2.06,0.199308670653,0.39669038123,merged_2_4_8_16_raw_label_srm,1.03,0.20848822371,0.199308670653,-0.00917955305618,0.410059111308,0.39669038123,results/raw_label_vs_vacuum_omit_srm_qam_ultradense_m16_0p75_1p05db_fast/raw_label_minus_vacuum_omit_srm.csv,,,,,,,,,,,,,,,,,,,,,,
Fig. 1(c),16,16-QAM,full_state_raw_label_srm,1.04,2.08,0.19722247549,0.393979804321,merged_2_4_8_16_raw_label_srm,1.04,0.206236790021,0.19722247549,-0.00901431453106,0.407592579187,0.393979804321,results/raw_label_vs_vacuum_omit_srm_qam_ultradense_m16_0p75_1p05db_fast/raw_label_minus_vacuum_omit_srm.csv,,,,,,,,,,,,,,,,,,,,,,
Fig. 1(c),16,16-QAM,full_state_raw_label_srm,1.05,2.1,0.195176348512,0.392058061296,merged_2_4_8_16_raw_label_srm,1.05,0.204031741204,0.195176348512,-0.00885539269134,0.404813015408,0.392058061296,results/raw_label_vs_vacuum_omit_srm_qam_ultradense_m16_0p75_1p05db_fast/raw_label_minus_vacuum_omit_srm.csv,,,,,,,,,,,,,,,,,,,,,,
Fig. 1(c),16,16-QAM,full_state_raw_label_srm,1.1,2.2,0.185493010849,0.382034970877,merged_2_4_8_16_raw_label_srm,1.1,0.193647702436,0.185493010849,-0.00815469158707,0.393186785085,0.382034970877,results/raw_label_vs_vacuum_omit_srm_qam_dense_0_2db_m16_fast/raw_label_minus_vacuum_omit_srm.csv,,,,,,,,,,,,,,,,,,,,,,
Fig. 1(c),16,16-QAM,full_state_raw_label_srm,1.2,2.4,0.16849732068,0.363669082909,merged_2_4_8_16_raw_label_srm,1.2,0.175861132676,0.16849732068,-0.00736381199573,0.371756297985,0.363669082909,results/raw_label_vs_vacuum_omit_srm_qam_dense_0_2db_m16_fast/raw_label_minus_vacuum_omit_srm.csv,,,,,,,,,,,,,,,,,,,,,,
Fig. 1(c),16,16-QAM,full_state_raw_label_srm,1.3,2.6,0.154414733041,0.348166017863,merged_2_4_8_16_raw_label_srm,1.3,0.160886777389,0.154414733041,-0.00647204434806,0.355626218478,0.348166017863,results/raw_label_vs_vacuum_omit_srm_qam_dense_0_2db_m16_fast/raw_label_minus_vacuum_omit_srm.csv,,,,,,,,,,,,,,,,,,,,,,
Fig. 1(c),16,16-QAM,full_state_raw_label_srm,1.4,2.8,0.142302677301,0.334877987689,merged_2_4_8_16_raw_label_srm,1.4,0.148050260167,0.142302677301,-0.00574758286675,0.342025058948,0.334877987689,results/raw_label_vs_vacuum_omit_srm_qam_dense_0_2db_m16_fast/raw_label_minus_vacuum_omit_srm.csv,,,,,,,,,,,,,,,,,,,,,,
Fig. 1(c),16,16-QAM,full_state_raw_label_srm,1.5,3.0,0.131754093647,0.323793341324,merged_2_4_8_16_raw_label_srm,1.5,0.136915387263,0.131754093647,-0.0051612936156,0.329907739577,0.323793341324,results/raw_label_vs_vacuum_omit_srm_qam_dense_0_2db_m16_fast/raw_label_minus_vacuum_omit_srm.csv,,,,,,,,,,,,,,,,,,,,,,
Fig. 1(c),16,16-QAM,full_state_raw_label_srm,1.6,3.2,0.122485049584,0.312391000185,merged_2_4_8_16_raw_label_srm,1.6,0.127158731777,0.122485049584,-0.00467368219333,0.319617434387,0.312391000185,results/raw_label_vs_vacuum_omit_srm_qam_dense_0_2db_m16_fast/raw_label_minus_vacuum_omit_srm.csv,,,,,,,,,,,,,,,,,,,,,,
Fig. 1(c),16,16-QAM,full_state_raw_label_srm,1.7,3.4,0.114456138274,0.303906066681,merged_2_4_8_16_raw_label_srm,1.7,0.118536443352,0.114456138274,-0.00408030507817,0.310326009446,0.303906066681,results/raw_label_vs_vacuum_omit_srm_qam_dense_0_2db_m16_fast/raw_label_minus_vacuum_omit_srm.csv,,,,,,,,,,,,,,,,,,,,,,
Fig. 1(c),16,16-QAM,full_state_raw_label_srm,1.8,3.6,0.107275902211,0.296225497596,merged_2_4_8_16_raw_label_srm,1.8,0.110859579601,0.107275902211,-0.00358367738996,0.302162834205,0.296225497596,results/raw_label_vs_vacuum_omit_srm_qam_dense_0_2db_m16_fast/raw_label_minus_vacuum_omit_srm.csv,,,,,,,,,,,,,,,,,,,,,,
Fig. 1(c),16,16-QAM,full_state_raw_label_srm,1.9,3.8,0.100815746369,0.289364454461,merged_2_4_8_16_raw_label_srm,1.9,0.103979579928,0.100815746369,-0.00316383355881,0.294761502999,0.289364454461,results/raw_label_vs_vacuum_omit_srm_qam_dense_0_2db_m16_fast/raw_label_minus_vacuum_omit_srm.csv,,,,,,,,,,,,,,,,,,,,,,
Fig. 1(c),16,16-QAM,full_state_raw_label_srm,2.0,4.0,0.0949719174278,0.283213997521,merged_2_4_8_16_raw_label_srm,2.0,0.0977786582604,0.0949719174278,-0.00280674083264,0.288132285467,0.283213997521,results/raw_label_vs_vacuum_omit_srm_qam_dense_0_2db_m16_fast/raw_label_minus_vacuum_omit_srm.csv,,,,,,,,,,,,,,,,,,,,,,
Fig. 1(c),16,16-QAM,full_state_raw_label_srm,2.5,5.0,0.0725039078326,0.258552132365,merged_2_4_8_16_raw_label_srm,2.5,0.0741419995491,0.0725039078326,-0.00163809171656,0.261953692172,0.258552132365,results/raw_label_vs_vacuum_omit_srm_qam/raw_label_minus_vacuum_omit_srm.csv,,,,,,,,,,,,,,,,,,,,,,
Fig. 1(c),16,16-QAM,full_state_raw_label_srm,3.0,6.0,0.0573222912626,0.241534933338,merged_2_4_8_16_raw_label_srm,3.0,0.0583530816744,0.0573222912626,-0.00103079041188,0.243959995785,0.241534933338,results/raw_label_vs_vacuum_omit_srm_qam/raw_label_minus_vacuum_omit_srm.csv,,,,,,,,,,,,,,,,,,,,,,
Fig. 1(c),16,16-QAM,full_state_raw_label_srm,3.5,7.0,0.0464313312605,0.229010465813,merged_2_4_8_16_raw_label_srm,3.5,0.0471087666247,0.0464313312605,-0.000677435364278,0.2307526537,0.229010465813,results/raw_label_vs_vacuum_omit_srm_qam/raw_label_minus_vacuum_omit_srm.csv,,,,,,,,,,,,,,,,,,,,,,
Fig. 1(c),16,16-QAM,full_state_raw_label_srm,4.0,8.0,0.0382763957092,0.219133348704,merged_2_4_8_16_raw_label_srm,4.0,0.0387375723405,0.0382763957092,-0.000461176631312,0.22058613987,0.219133348704,results/raw_label_vs_vacuum_omit_srm_qam/raw_label_minus_vacuum_omit_srm.csv,,,,,,,,,,,,,,,,,,,,,,
Fig. 1(c),16,16-QAM,full_state_raw_label_srm,4.5,9.0,0.0319767602493,0.21148028004,merged_2_4_8_16_raw_label_srm,4.5,0.0322992910383,0.0319767602493,-0.00032253078896,0.212715020854,0.21148028004,results/raw_label_vs_vacuum_omit_srm_qam/raw_label_minus_vacuum_omit_srm.csv,,,,,,,,,,,,,,,,,,,,,,
Fig. 1(c),16,16-QAM,full_state_raw_label_srm,5.0,10.0,0.0269930021091,0.205385439142,merged_2_4_8_16_raw_label_srm,5.0,0.0272232746066,0.0269930021091,-0.000230272497575,0.206304788581,0.205385439142,results/raw_label_vs_vacuum_omit_srm_qam/raw_label_minus_vacuum_omit_srm.csv,,,,,,,,,,,,,,,,,,,,,,
Fig. 1(c),16,16-QAM,full_state_raw_label_srm,5.5,11.0,0.0229756123232,0.200414033915,merged_2_4_8_16_raw_label_srm,5.5,0.0231427206308,0.0229756123232,-0.000167108307598,0.201179559588,0.200414033915,results/raw_label_vs_vacuum_omit_srm_qam/raw_label_minus_vacuum_omit_srm.csv,,,,,,,,,,,,,,,,,,,,,,
Fig. 1(c),16,16-QAM,full_state_raw_label_srm,6.0,12.0,0.0196881123611,0.196139074038,merged_2_4_8_16_raw_label_srm,6.0,0.0198110239165,0.0196881123611,-0.000122911555386,0.196827222858,0.196139074038,results/raw_label_vs_vacuum_omit_srm_qam/raw_label_minus_vacuum_omit_srm.csv,,,,,,,,,,,,,,,,,,,,,,
Fig. 1(c),16,16-QAM,full_state_raw_label_srm,6.5,13.0,0.0169646448393,0.192589366698,merged_2_4_8_16_raw_label_srm,6.5,0.0170560074781,0.0169646448393,-9.13626388124e-05,0.19319281425,0.192589366698,results/raw_label_vs_vacuum_omit_srm_qam/raw_label_minus_vacuum_omit_srm.csv,,,,,,,,,,,,,,,,,,,,,,
Fig. 1(c),16,16-QAM,full_state_raw_label_srm,7.0,14.0,0.0146853867771,0.189548575242,merged_2_4_8_16_raw_label_srm,7.0,0.0147539228496,0.0146853867771,-6.85360724843e-05,0.190163344924,0.189548575242,results/raw_label_vs_vacuum_omit_srm_qam/raw_label_minus_vacuum_omit_srm.csv,,,,,,,,,,,,,,,,,,,,,,
Fig. 1(c),16,16-QAM,full_state_raw_label_srm,7.5,15.0,0.0127616506263,0.187092875399,merged_2_4_8_16_raw_label_srm,7.5,0.0128134717268,0.0127616506263,-5.18211005143e-05,0.187461392259,0.187092875399,results/raw_label_vs_vacuum_omit_srm_qam/raw_label_minus_vacuum_omit_srm.csv,,,,,,,,,,,,,,,,,,,,,,
Fig. 1(c),16,16-QAM,full_state_raw_label_srm,8.0,16.0,0.0111262905979,0.184843617352,merged_2_4_8_16_raw_label_srm,8.0,0.0111656917638,0.0111262905979,-3.9401165905e-05,0.185213312324,0.184843617352,results/raw_label_vs_vacuum_omit_srm_qam/raw_label_minus_vacuum_omit_srm.csv,,,,,,,,,,,,,,,,,,,,,,
Fig. 1(c),16,16-QAM,full_state_raw_label_srm,8.5,17.0,0.00972765485333,0.182983792345,merged_2_4_8_16_raw_label_srm,8.5,0.00975778098734,0.00972765485333,-3.01261340077e-05,0.183368121726,0.182983792345,results/raw_label_vs_vacuum_omit_srm_qam/raw_label_minus_vacuum_omit_srm.csv,,,,,,,,,,,,,,,,,,,,,,
Fig. 1(c),16,16-QAM,full_state_raw_label_srm,9.0,18.0,0.00852521199555,0.181303720954,merged_2_4_8_16_raw_label_srm,9.0,0.00854838437519,0.00852521199555,-2.31723796356e-05,0.181608726321,0.181303720954,results/raw_label_vs_vacuum_omit_srm_qam/raw_label_minus_vacuum_omit_srm.csv,,,,,,,,,,,,,,,,,,,,,,
Fig. 1(c),16,16-QAM,full_state_raw_label_srm,9.5,19.0,0.00748686150179,0.179950862278,merged_2_4_8_16_raw_label_srm,9.5,0.00750475266309,0.00748686150179,-1.78911612976e-05,0.180092965477,0.179950862278,results/raw_label_vs_vacuum_omit_srm_qam/raw_label_minus_vacuum_omit_srm.csv,,,,,,,,,,,,,,,,,,,,,,
Fig. 1(c),16,16-QAM,full_state_raw_label_srm,10.0,20.0,0.00658673276006,0.178664482539,merged_2_4_8_16_raw_label_srm,10.0,0.00660056051597,0.00658673276006,-1.38277559118e-05,0.179021022678,0.178664482539,results/raw_label_vs_vacuum_omit_srm_qam/raw_label_minus_vacuum_omit_srm.csv,,,,,,,,,,,,,,,,,,,,,,
Fig. 1(c),32,32-QAM,full_state_raw_label_srm,0.0,0.0,5.0,4.0,merged_32qam_seeded_dense_refined,0.0,5.0,5.0,0.0,4.0,4.0,,1.0,1.0,1024.0,0.0,raw d selected from seeded local branch candidates,seeded,0.0,,,,,,,,,,,,,,,
Fig. 1(c),32,32-QAM,full_state_raw_label_srm,0.005,0.01,4.55283870978,2.07804551237,merged_32qam_seeded_dense_refined,0.005,4.55168993359,4.55283870978,0.00114877619865,2.08218724281,2.07804551237,,,,,,bounded scipy minimize_scalar around low-loss grid optimum,low_loss_scipy_refined,3.0,,,,1.84,2.32,1.84,2.32,1.0,1.0,9.0,8.0,17.0,0.0,0.0,158.987
Fig. 1(c),32,32-QAM,full_state_raw_label_srm,0.01,0.02,4.31150392105,1.97713992071,merged_32qam_seeded_dense_refined,0.01,4.30976465271,4.31150392105,0.00173926833865,1.9813303583,1.97713992071,,,,,,bounded scipy minimize_scalar around low-loss grid optimum,low_loss_scipy_refined,3.0,,,,1.8,2.2,1.76,2.16,1.0,1.0,7.0,7.0,20.0,0.0,0.0,193.828
Fig. 1(c),32,32-QAM,full_state_raw_label_srm,0.02,0.04,3.97012736573,1.88992362418,merged_32qam_seeded_dense_refined,0.02,3.96769963864,3.97012736573,0.0024277270874,1.89433550015,1.88992362418,,,,,,bounded scipy minimize_scalar around low-loss grid optimum,low_loss_scipy_refined,3.0,,,,1.76,2.04,1.76,2.04,1.0,1.0,6.0,8.0,14.0,0.0,0.0,157.201
Fig. 1(c),32,32-QAM,full_state_raw_label_srm,0.03,0.06,3.71682016159,1.84665385359,merged_32qam_seeded_dense_refined,0.03,3.71398450972,3.71682016159,0.0028356518751,1.84945355014,1.84665385359,,,,,,bounded scipy minimize_scalar around low-loss grid optimum,low_loss_scipy_refined,3.0,,,,1.7,1.98,1.7,1.98,1.0,1.0,7.0,6.0,13.0,0.0,0.0,146.457
Fig. 1(c),32,32-QAM,full_state_raw_label_srm,0.04,0.08,3.51170863798,1.81816824713,merged_32qam_seeded_dense_refined,0.04,3.50859650358,3.51170863798,0.00311213439701,1.82183426259,1.81816824713,,,,,,bounded scipy minimize_scalar around low-loss grid optimum,low_loss_scipy_refined,3.0,,,,1.72,1.92,1.72,1.92,1.0,1.0,6.0,6.0,13.0,0.0,0.0,162.914
Fig. 1(c),32,32-QAM,full_state_raw_label_srm,0.05,0.1,3.33810708727,1.79683044981,merged_32qam_seeded_dense_refined,0.05,3.33478364148,3.33810708727,0.00332344579337,1.80061904945,1.79683044981,,,,,,bounded scipy minimize_scalar around low-loss grid optimum,low_loss_scipy_refined,3.0,,,,1.7,1.9,1.7,1.9,1.0,1.0,6.0,6.0,13.0,0.0,0.0,177.218
Fig. 1(c),32,32-QAM,full_state_raw_label_srm,0.06,0.12,3.18706889123,1.77961462118,merged_32qam_seeded_dense_refined,0.06,3.18357253352,3.18706889123,0.00349635770465,1.78365996454,1.77961462118,,,,,,bounded scipy minimize_scalar around low-loss grid optimum,low_loss_scipy_refined,3.0,,,,1.68,1.88,1.68,1.88,1.0,1.0,6.0,6.0,13.0,0.0,0.0,191.119
Fig. 1(c),32,32-QAM,full_state_raw_label_srm,0.07,0.14,3.05310641968,1.76533313418,merged_32qam_seeded_dense_refined,0.07,3.04946572288,3.05310641968,0.00364069680168,1.76949491428,1.76533313418,,,,,,bounded scipy minimize_scalar around low-loss grid optimum,low_loss_scipy_refined,3.0,,,,1.67,1.87,1.67,1.87,1.0,1.0,6.0,6.0,12.0,0.0,0.0,188.4
Fig. 1(c),32,32-QAM,full_state_raw_label_srm,0.08,0.16,2.93256301715,1.7532921839,merged_32qam_seeded_dense_refined,0.08,2.92880270603,2.93256301715,0.00376031112447,1.75760409634,1.7532921839,,,,,,bounded scipy minimize_scalar around low-loss grid optimum,low_loss_scipy_refined,3.0,,,,1.66,1.86,1.65,1.85,1.0,1.0,6.0,6.0,18.0,0.0,0.0,306.944
Fig. 1(c),32,32-QAM,full_state_raw_label_srm,0.09,0.18,2.82286313819,1.74314652,merged_32qam_seeded_dense_refined,0.09,2.81900566769,2.82286313819,0.00385747050015,1.74753229584,1.74314652,,,,,,bounded scipy minimize_scalar around low-loss grid optimum,low_loss_scipy_refined,3.0,,,,1.65,1.85,1.64,1.84,1.0,1.0,6.0,6.0,18.0,0.0,0.0,309.32
Fig. 1(c),32,32-QAM,full_state_raw_label_srm,0.1,0.2,2.72211955207,1.73458941222,merged_32qam_seeded_dense_refined,0.1,2.71818501986,2.72211955207,0.00393453221485,1.73897593507,1.73458941222,,,,,,bounded scipy minimize_scalar around low-loss grid optimum,low_loss_scipy_refined,3.0,,,,1.64,1.84,1.63,1.83,1.0,1.0,6.0,6.0,18.0,0.0,0.0,233.687
Fig. 1(c),32,32-QAM,full_state_raw_label_srm,0.15,0.3,2.31238342334,1.7121955247,merged_32qam_seeded_dense_refined,0.15,2.30831100423,2.31238342334,0.00407241910952,1.71219552472,1.7121955247,,0.999999999999,0.371473769238,1024.0,27.565,raw d selected from seeded local branch candidates,seeded,0.0,,,,,,,,,,,,,,,
Fig. 1(c),32,32-QAM,full_state_raw_label_srm,0.2,0.4,2.00182210199,1.7012947644,merged_32qam_seeded_dense_refined,0.2,1.99778307885,2.00182210199,0.00403902313868,1.70129476443,1.7012947644,,0.999999999999,0.294352356998,1024.0,37.407,raw d selected from seeded local branch candidates,seeded,0.0,,,,,,,,,,,,,,,
Fig. 1(c),32,32-QAM,full_state_raw_label_srm,0.25,0.5,1.75054182062,1.6996764221,merged_32qam_seeded_dense_refined,0.25,1.74664055474,1.75054182062,0.00390126587627,1.69967642213,1.6996764221,,0.999999999999,0.236926481767,1024.0,68.851,raw d selected from seeded local branch candidates,seeded,0.0,,,,,,,,,,,,,,,
Fig. 1(c),32,32-QAM,full_state_raw_label_srm,0.3,0.6,1.53913808054,1.704854108,merged_32qam_seeded_dense_refined,0.3,1.53543631557,1.53913808054,0.00370176497278,1.704854108,1.704854108,,0.999999999999,0.192779626473,1024.0,84.039,raw d selected from seeded local branch candidates,seeded,0.0,,,,,,,,,,,,,,,
Fig. 1(c),32,32-QAM,full_state_raw_label_srm,0.35,0.7,1.35670803504,1.7160242326,merged_32qam_seeded_dense_refined,0.35,1.35324867656,1.35670803504,0.00345935848102,1.71602423265,1.7160242326,,0.999999999999,0.158136365408,1024.0,103.615,raw d selected from seeded local branch candidates,seeded,0.0,,,,,,,,,,,,,,,
Fig. 1(c),32,32-QAM,full_state_raw_label_srm,0.4,0.8,1.19655564514,1.7326480653,merged_32qam_seeded_dense_refined,0.4,1.19336722789,1.19655564514,0.0031884172481,1.73264806531,1.7326480653,,0.999999999999,0.130695617705,1024.0,132.811,raw d selected from seeded local branch candidates,seeded,0.0,,,,,,,,,,,,,,,
Fig. 1(c),32,32-QAM,full_state_raw_label_srm,0.45,0.9,1.05429667339,1.754397769,merged_32qam_seeded_dense_refined,0.45,1.05139717446,1.05429667339,0.00289949892851,1.75439776899,1.754397769,,0.999999999999,0.108900417113,1024.0,163.86,raw d selected from seeded local branch candidates,seeded,0.0,,,,,,,,,,,,,,,
Fig. 1(c),32,32-QAM,full_state_raw_label_srm,0.5,1.0,0.926913030357,1.7805482058,merged_32qam_seeded_dense_refined,0.5,0.924308137757,0.926913030357,0.0026048926002,1.78054820585,1.7805482058,,0.999999999998,0.0916482985513,1024.0,181.389,raw d selected from seeded local branch candidates,seeded,0.0,,,,,,,,,,,,,,,
Fig. 1(c),32,32-QAM,full_state_raw_label_srm,0.55,1.1,0.812217122428,1.8097022104,merged_32qam_seeded_dense_refined,0.55,0.809897582057,0.812217122428,0.00231954037128,1.80970221043,1.8097022104,,0.999999999999,0.0780663187967,1024.0,178.976,raw d selected from seeded local branch candidates,seeded,0.0,,,,,,,,,,,,,,,
Fig. 1(c),32,32-QAM,full_state_raw_label_srm,0.6,1.2,0.708503497952,1.8396839555,merged_32qam_seeded_dense_refined,0.6,0.706443247479,0.708503497952,0.00206025047314,1.8396839555,1.8396839555,,0.999999999999,0.0674030079947,1024.0,204.575,raw d selected from seeded local branch candidates,seeded,0.0,,,,,,,,,,,,,,,
Fig. 1(c),32,32-QAM,full_state_raw_label_srm,0.65,1.3,0.614336673907,1.8692819253,merged_32qam_seeded_dense_refined,0.65,0.612504197067,0.614336673907,0.00183247683984,1.8692819253,1.8692819253,,0.999999999999,0.0589400885045,1024.0,205.155,raw d selected from seeded local branch candidates,seeded,0.0,,,,,,,,,,,,,,,
Fig. 1(c),32,32-QAM,full_state_raw_label_srm,0.7,1.4,0.528504054843,1.8977233798,merged_32qam_seeded_dense_refined,0.7,0.526867071979,0.528504054843,0.00163698286416,1.89772337985,1.8977233798,,0.999999999999,0.0521641451209,1024.0,213.532,raw d selected from seeded local branch candidates,seeded,0.0,,,,,,,,,,,,,,,
Fig. 1(c),32,32-QAM,full_state_raw_label_srm,0.75,1.5,0.450013759028,1.9251400102,merged_32qam_seeded_dense_refined,0.75,0.448545121243,0.450013759028,0.00146863778517,1.92514001016,1.9251400102,,1.0,0.046739784126,1024.0,315.2,raw d selected from seeded local branch candidates,seeded,0.0,,,,,,,,,,,,,,,
Fig. 1(c),32,32-QAM,full_state_raw_label_srm,0.8,1.6,0.378076141075,1.9522638886,merged_32qam_seeded_dense_refined,0.8,0.376756085037,0.378076141075,0.00132005603811,1.9522638886,1.9522638886,,0.999999999999,0.0424603784586,1024.0,344.944,raw d selected from seeded local branch candidates,seeded,0.0,,,,,,,,,,,,,,,
Fig. 1(c),32,32-QAM,full_state_raw_label_srm,0.85,1.7,0.3120766521,1.9802365254,merged_32qam_seeded_dense_refined,0.85,0.310893132073,0.3120766521,0.00118352002734,1.98023652536,1.9802365254,,0.999999999999,0.039175877498,1024.0,319.378,raw d selected from seeded local branch candidates,seeded,0.0,,,,,,,,,,,,,,,
Fig. 1(c),32,32-QAM,full_state_raw_label_srm,0.9,1.8,0.251560631616,2.0105351999,merged_32qam_seeded_dense_refined,0.9,0.250508689046,0.251560631616,0.00105194256983,2.01053519989,2.0105351999,,0.999999999998,0.0367428585967,1024.0,517.122,raw d selected from seeded local branch candidates,seeded,0.0,,,,,,,,,,,,,,,
Fig. 1(c),32,32-QAM,full_state_raw_label_srm,0.905,1.81,0.245798166687,2.0137387126,merged_32qam_seeded_dense_refined,0.905,0.244759249796,0.245798166687,0.0010389168908,2.01373871256,2.0137387126,,0.999999999999,0.0365406551214,1024.0,495.488,raw d selected from seeded local branch candidates,seeded,0.0,,,,,,,,,,,,,,,
Fig. 1(c),32,32-QAM,full_state_raw_label_srm,0.91,1.82,0.240087625871,2.0169482181,merged_32qam_seeded_dense_refined,0.91,0.239061584788,0.240087625871,0.00102604108278,2.01694821814,2.0169482181,,0.999999999999,0.0363455895678,1024.0,390.824,raw d selected from seeded local branch candidates,seeded,0.0,,,,,,,,,,,,,,,
Fig. 1(c),32,32-QAM,full_state_raw_label_srm,0.915,1.83,0.234428814552,2.0201697176,merged_32qam_seeded_dense_refined,0.915,0.233415526528,0.234428814552,0.00101328802417,2.02016971763,2.0201697176,,0.999999999999,0.0361573650795,1024.0,424.787,raw d selected from seeded local branch candidates,seeded,0.0,,,,,,,,,,,,,,,
Fig. 1(c),32,32-QAM,full_state_raw_label_srm,0.92,1.84,0.22882154202,2.0234118348,merged_32qam_seeded_dense_refined,0.92,0.227820921769,0.22882154202,0.00100062025146,2.0234118348,2.0234118348,,0.999999999999,0.0359756726144,1024.0,364.765,raw d selected from seeded local branch candidates,seeded,0.0,,,,,,,,,,,,,,,
Fig. 1(c),32,32-QAM,full_state_raw_label_srm,0.925,1.85,0.223265631683,2.0266859843,merged_32qam_seeded_dense_refined,0.925,0.222277641814,0.223265631683,0.00098798986912,2.02668598429,2.0266859843,,0.999999999999,0.0358001972064,1024.0,428.372,raw d selected from seeded local branch candidates,seeded,0.0,,,,,,,,,,,,,,,
Fig. 1(c),32,32-QAM,full_state_raw_label_srm,0.93,1.86,0.217760967469,2.03,merged_32qam_seeded_dense_refined,0.93,0.21678560427,0.217760967469,0.000975363199494,2.03,2.03,,0.999999999999,0.035630679858,1024.0,431.97,raw d selected from seeded local branch candidates,seeded,0.0,,,,,,,,,,,,,,,
Fig. 1(c),32,32-QAM,full_state_raw_label_srm,0.935,1.87,0.212305518496,2.0337511689,merged_32qam_seeded_dense_refined,0.935,0.211344440389,0.212305518496,0.000961078106904,2.03375116889,2.0337511689,,0.999999999999,0.0354637829843,1024.0,421.276,raw d selected from seeded local branch candidates,seeded,0.0,,,,,,,,,,,,,,,
Fig. 1(c),32,32-QAM,full_state_raw_label_srm,0.94,1.88,0.206905620265,2.0368830831,merged_32qam_seeded_dense_refined,0.94,0.205956045813,0.206905620265,0.00094957445179,2.03688308306,2.0368830831,,0.999999999999,0.0353077870783,1020.0,424.519,raw d selected from seeded local branch candidates,seeded,0.0,,,,,,,,,,,,,,,
Fig. 1(c),32,32-QAM,full_state_raw_label_srm,0.942,1.884,0.204775721393,2.0380252992,merged_32qam_seeded_dense_refined,0.942,0.20436854243,0.204775721393,0.000407178963266,0.2553404815,2.0380252992,,,,,499.435,dense extra 32-QAM local branch candidate scan,dense_extra,1.0,transition_low_d,transition_high_d,49.749,,,,,,,,,,,,
Fig. 1(c),32,32-QAM,full_state_raw_label_srm,0.944,1.888,0.202664605927,2.0391675154,merged_32qam_seeded_dense_refined,0.944,0.203911695833,0.202664605927,-0.0012470899052,0.2549973002,2.0391675154,,,,,500.687,dense extra 32-QAM local branch candidate scan,dense_extra,1.0,transition_low_d,transition_high_d,43.009,,,,,,,,,,,,
Fig. 1(c),32,32-QAM,full_state_raw_label_srm,0.945,1.89,0.20161197404,2.0397386235,merged_32qam_seeded_dense_refined,0.945,0.203684164611,0.20161197404,-0.00207219057085,0.254825709545,2.0397386235,,0.999999999999,0.0351590402222,1008.0,431.742,raw d selected from seeded local branch candidates,seeded,0.0,,,,,,,,,,,,,,,
Fig. 1(c),32,32-QAM,full_state_raw_label_srm,0.946,1.892,0.200561470797,2.0402825394,merged_32qam_seeded_dense_refined,0.946,0.20345679354,0.200561470797,-0.00289532274252,0.2546540114,2.0402825394,,,,,544.168,dense extra 32-QAM local branch candidate scan,dense_extra,1.0,transition_low_d,transition_high_d,48.024,,,,,,,,,,,,
Fig. 1(c),32,32-QAM,full_state_raw_label_srm,0.948,1.896,0.198466244687,2.0413703711,merged_32qam_seeded_dense_refined,0.948,0.203003971739,0.198466244687,-0.00453772705127,0.254310615,2.0413703711,,,,,503.56,dense extra 32-QAM local branch candidate scan,dense_extra,1.0,transition_low_d,transition_high_d,42.875,,,,,,,,,,,,
Fig. 1(c),32,32-QAM,full_state_raw_label_srm,0.95,1.9,0.196378712423,2.0424582029,merged_32qam_seeded_dense_refined,0.95,0.202552723612,0.196378712423,-0.00617401118882,0.253967218634,2.0424582029,,0.999999999999,0.0350159889809,1008.0,385.441,raw d selected from seeded local branch candidates,seeded,0.0,,,,,,,,,,,,,,,
Fig. 1(c),32,32-QAM,full_state_raw_label_srm,0.952,1.904,0.194302527409,2.0424582029,merged_32qam_seeded_dense_refined,0.952,0.202102828794,0.194302527409,-0.00780030138514,0.2536507405,2.0424582029,,,,,537.651,dense extra 32-QAM local branch candidate scan,dense_extra,1.0,transition_low_d,transition_high_d,50.821,,,,,,,,,,,,
Fig. 1(c),32,32-QAM,full_state_raw_label_srm,0.955,1.91,0.192021567307,0.2531760233,merged_32qam_seeded_dense_refined,0.955,0.201432762067,0.192021567307,-0.00941119476025,0.2531760233,0.2531760233,,,,,48.258,dense extra 32-QAM local branch candidate scan,dense_extra,1.0,transition_low_d,transition_low_d,48.258,,,,,,,,,,,,
Fig. 1(c),32,32-QAM,full_state_raw_label_srm,0.96,1.92,0.190954391739,0.2523848279,merged_32qam_seeded_dense_refined,0.96,0.200325016252,0.190954391739,-0.00937062451275,0.2523848279,0.2523848279,,,,,39.918,dense extra 32-QAM local branch candidate scan,dense_extra,1.0,transition_low_d,transition_low_d,39.918,,,,,,,,,,,,
Fig. 1(c),32,32-QAM,full_state_raw_label_srm,0.97,1.94,0.188851468769,0.2508024371,merged_32qam_seeded_dense_refined,0.97,0.198143141671,0.188851468769,-0.0092916729013,0.2508024371,0.2508024371,,,,,39.138,dense extra 32-QAM local branch candidate scan,dense_extra,1.0,transition_low_d,transition_low_d,39.138,,,,,,,,,,,,
Fig. 1(c),32,32-QAM,full_state_raw_label_srm,0.98,1.96,0.186790954215,0.2492200463,merged_32qam_seeded_dense_refined,0.98,0.196005661041,0.186790954215,-0.00921470682537,0.2492200463,0.2492200463,,,,,41.169,dense extra 32-QAM local branch candidate scan,dense_extra,1.0,transition_low_d,transition_low_d,41.169,,,,,,,,,,,,
Fig. 1(c),32,32-QAM,full_state_raw_label_srm,0.99,1.98,0.184771866702,0.2476376556,merged_32qam_seeded_dense_refined,0.99,0.193911322576,0.184771866702,-0.00913945587355,0.2476376556,0.2476376556,,,,,36.356,dense extra 32-QAM local branch candidate scan,dense_extra,1.0,transition_low_d,transition_low_d,36.356,,,,,,,,,,,,
Fig. 1(c),32,32-QAM,full_state_raw_label_srm,1.0,2.0,0.182792427047,0.2460552648,merged_32qam_seeded_dense_refined,1.0,0.191859917995,0.182792427047,-0.00906749094791,0.24605526482,0.2460552648,,0.999997005754,0.855115684156,926.0,17.934,raw d selected from seeded local branch candidates,seeded,0.0,,,,,,,,,,,,,,,
Fig. 1(c),32,32-QAM,full_state_raw_label_srm,1.05,2.1,0.173433291217,0.2391692582,merged_32qam_seeded_dense_refined,1.05,0.182188171636,0.173433291217,-0.00875488041879,0.239169258181,0.2391692582,,0.999997990555,0.856810076068,924.0,17.501,raw d selected from seeded local branch candidates,seeded,0.0,,,,,,,,,,,,,,,
Fig. 1(c),32,32-QAM,full_state_raw_label_srm,1.1,2.2,0.164996069738,0.2325470222,merged_32qam_seeded_dense_refined,1.1,0.173403472806,0.164996069738,-0.00840740306809,0.232547022228,0.2325470222,,0.999994629841,0.858698207142,920.0,19.974,raw d selected from seeded local branch candidates,seeded,0.0,,,,,,,,,,,,,,,
Fig. 1(c),32,32-QAM,full_state_raw_label_srm,1.15,2.3,0.15736725123,0.2265786707,merged_32qam_seeded_dense_refined,1.15,0.165377813384,0.15736725123,-0.0080105621537,0.226578670712,0.2265786707,,0.999996327847,0.86030526802,916.0,9.051,raw d selected from seeded local branch candidates,seeded,0.0,,,,,,,,,,,,,,,
Fig. 1(c),32,32-QAM,full_state_raw_label_srm,1.2,2.4,0.150414520889,0.2213106392,merged_32qam_seeded_dense_refined,1.2,0.158013728078,0.150414520889,-0.00759920718904,0.221310639162,0.2213106392,,0.99999841778,0.861518587286,916.0,8.338,raw d selected from seeded local branch candidates,seeded,0.0,,,,,,,,,,,,,,,
Fig. 1(c),32,32-QAM,full_state_raw_label_srm,1.25,2.5,0.143994792496,0.216538803,merged_32qam_seeded_dense_refined,1.25,0.151238475667,0.143994792496,-0.00724368317094,0.21653880299,0.216538803,,0.999996601543,0.862511847287,914.0,8.208,raw d selected from seeded local branch candidates,seeded,0.0,,,,,,,,,,,,,,,
Fig. 1(c),32,32-QAM,full_state_raw_label_srm,1.3,2.6,0.138164146286,0.2108307421,merged_32qam_seeded_dense_refined,1.3,0.144960126954,0.138164146286,-0.0067959806677,0.21083074214,0.2108307421,,0.999989617679,0.864893773416,906.0,7.771,raw d selected from seeded local branch candidates,seeded,0.0,,,,,,,,,,,,,,,
Fig. 1(c),32,32-QAM,full_state_raw_label_srm,1.35,2.7,0.132701496544,0.2079964841,merged_32qam_seeded_dense_refined,1.35,0.139145111679,0.132701496544,-0.00644361513461,0.207996484072,0.2079964841,,0.999998589304,0.864235846996,906.0,7.952,raw d selected from seeded local branch candidates,seeded,0.0,,,,,,,,,,,,,,,
Fig. 1(c),32,32-QAM,full_state_raw_label_srm,1.4,2.8,0.127670148857,0.2042147151,merged_32qam_seeded_dense_refined,1.4,0.133722791517,0.127670148857,-0.00605264266003,0.204214715082,0.2042147151,,0.999998433661,0.864916549809,904.0,8.519,raw d selected from seeded local branch candidates,seeded,0.0,,,,,,,,,,,,,,,
Fig. 1(c),32,32-QAM,full_state_raw_label_srm,1.45,2.9,0.122970131476,0.2006781493,merged_32qam_seeded_dense_refined,1.45,0.128659353381,0.122970131476,-0.00568922190486,0.200678149294,0.2006781493,,0.999991106179,0.865535846293,904.0,8.238,raw d selected from seeded local branch candidates,seeded,0.0,,,,,,,,,,,,,,,
Fig. 1(c),32,32-QAM,full_state_raw_label_srm,1.5,3.0,0.118558730859,0.1973673963,merged_32qam_seeded_dense_refined,1.5,0.12392000802,0.118558730859,-0.00536127716053,0.197367396331,0.1973673963,,0.99999826954,0.866094872211,904.0,9.19,raw d selected from seeded local branch candidates,seeded,0.0,,,,,,,,,,,,,,,
