subfigure,M,constellation,receiver,loss_db_per_arm_code,end_to_end_loss_db_midpoint,spacing_d,hashing_bound_bits_per_attempt,grid_region,loss_db,eta,success_probability,average_target_fidelity,useful_outcomes,seconds
Fig. 2(b),4,4-QAM,full_state_raw_label_srm,0.9,1.8,0.5,0.144550508229,full_d,0.9,0.812830516164,0.999999999367,0.954286261774,12,0.043
Fig. 2(b),4,4-QAM,full_state_raw_label_srm,0.9,1.8,0.5025,0.145551976388,full_d,0.9,0.812830516164,0.999999997998,0.953838754946,12,0.023
Fig. 2(b),4,4-QAM,full_state_raw_label_srm,0.9,1.8,0.505,0.14655125484,full_d,0.9,0.812830516164,0.999999999965,0.953389229101,12,0.024
Fig. 2(b),4,4-QAM,full_state_raw_label_srm,0.9,1.8,0.5075,0.147548275403,full_d,0.9,0.812830516164,0.999999999921,0.952937687359,12,0.026
Fig. 2(b),4,4-QAM,full_state_raw_label_srm,0.9,1.8,0.51,0.14854297129,full_d,0.9,0.812830516164,0.999999999573,0.952484132853,12,0.004
Fig. 2(b),4,4-QAM,full_state_raw_label_srm,0.9,1.8,0.5125,0.149535275976,full_d,0.9,0.812830516164,0.999999999774,0.952028568735,12,0.044
Fig. 2(b),4,4-QAM,full_state_raw_label_srm,0.9,1.8,0.515,0.150525123112,full_d,0.9,0.812830516164,0.999999999989,0.951570998168,12,0.003
Fig. 2(b),4,4-QAM,full_state_raw_label_srm,0.9,1.8,0.5175,0.151512446622,full_d,0.9,0.812830516164,0.999999998923,0.951111424331,12,0.025
Fig. 2(b),4,4-QAM,full_state_raw_label_srm,0.9,1.8,0.52,0.152497181541,full_d,0.9,0.812830516164,0.999999999988,0.95064985042,12,0.003
Fig. 2(b),4,4-QAM,full_state_raw_label_srm,0.9,1.8,0.5225,0.153479262302,full_d,0.9,0.812830516164,0.999999999987,0.950186279643,12,0.04
Fig. 2(b),4,4-QAM,full_state_raw_label_srm,0.9,1.8,0.525,0.154458624391,full_d,0.9,0.812830516164,0.99999999998,0.949720715225,12,0.004
Fig. 2(b),4,4-QAM,full_state_raw_label_srm,0.9,1.8,0.5275,0.155435203548,full_d,0.9,0.812830516164,0.99999999999,0.949253160406,12,0.003
Fig. 2(b),4,4-QAM,full_state_raw_label_srm,0.9,1.8,0.53,0.156408935717,full_d,0.9,0.812830516164,0.999999998655,0.948783618439,12,0.003
Fig. 2(b),4,4-QAM,full_state_raw_label_srm,0.9,1.8,0.5325,0.157379758032,full_d,0.9,0.812830516164,0.999999999527,0.948312092593,12,0.005
Fig. 2(b),4,4-QAM,full_state_raw_label_srm,0.9,1.8,0.535,0.158347606964,full_d,0.9,0.812830516164,0.999999999174,0.947838586155,12,0.03
Fig. 2(b),4,4-QAM,full_state_raw_label_srm,0.9,1.8,0.5375,0.159312420323,full_d,0.9,0.812830516164,0.999999999926,0.947363102423,12,0.003
Fig. 2(b),4,4-QAM,full_state_raw_label_srm,0.9,1.8,0.54,0.160274135661,full_d,0.9,0.812830516164,0.999999999698,0.946885644712,12,0.003
Fig. 2(b),4,4-QAM,full_state_raw_label_srm,0.9,1.8,0.5425,0.161232691395,full_d,0.9,0.812830516164,0.999999999056,0.946406216353,12,0.003
Fig. 2(b),4,4-QAM,full_state_raw_label_srm,0.9,1.8,0.545,0.162188026626,full_d,0.9,0.812830516164,0.999999999988,0.94592482069,12,0.007
Fig. 2(b),4,4-QAM,full_state_raw_label_srm,0.9,1.8,0.5475,0.163140080153,full_d,0.9,0.812830516164,0.999999999796,0.945441461085,12,0.026
Fig. 2(b),4,4-QAM,full_state_raw_label_srm,0.9,1.8,0.55,0.164088791918,full_d,0.9,0.812830516164,0.999999999993,0.944956140913,12,0.077
Fig. 2(b),4,4-QAM,full_state_raw_label_srm,0.9,1.8,0.5525,0.16503410199,full_d,0.9,0.812830516164,0.999999999996,0.944468863566,12,0.003
Fig. 2(b),4,4-QAM,full_state_raw_label_srm,0.9,1.8,0.555,0.165975951037,full_d,0.9,0.812830516164,0.999999999997,0.94397963245,12,0.008
Fig. 2(b),4,4-QAM,full_state_raw_label_srm,0.9,1.8,0.5575,0.166914280171,full_d,0.9,0.812830516164,0.999999999991,0.943488450988,12,0.019
Fig. 2(b),4,4-QAM,full_state_raw_label_srm,0.9,1.8,0.56,0.16784903099,full_d,0.9,0.812830516164,0.99999999999,0.942995322618,12,0.003
Fig. 2(b),4,4-QAM,full_state_raw_label_srm,0.9,1.8,0.5625,0.168780145542,full_d,0.9,0.812830516164,0.999999999766,0.942500250792,12,0.024
Fig. 2(b),4,4-QAM,full_state_raw_label_srm,0.9,1.8,0.565,0.169707566517,full_d,0.9,0.812830516164,0.999999999994,0.942003238979,12,0.003
Fig. 2(b),4,4-QAM,full_state_raw_label_srm,0.9,1.8,0.5675,0.170631236878,full_d,0.9,0.812830516164,0.999999999999,0.941504290664,12,0.003
Fig. 2(b),4,4-QAM,full_state_raw_label_srm,0.9,1.8,0.57,0.17155110024,full_d,0.9,0.812830516164,0.999999999994,0.941003409347,12,0.037
Fig. 2(b),4,4-QAM,full_state_raw_label_srm,0.9,1.8,0.5725,0.172467100621,full_d,0.9,0.812830516164,0.999999999574,0.940500598544,12,0.004
Fig. 2(b),4,4-QAM,full_state_raw_label_srm,0.9,1.8,0.575,0.173379182839,full_d,0.9,0.812830516164,0.999999999994,0.939995861785,12,0.012
Fig. 2(b),4,4-QAM,full_state_raw_label_srm,0.9,1.8,0.5775,0.174287291781,full_d,0.9,0.812830516164,0.999999999898,0.939489202619,12,0.027
Fig. 2(b),4,4-QAM,full_state_raw_label_srm,0.9,1.8,0.58,0.175191373214,full_d,0.9,0.812830516164,0.999999999999,0.938980624609,12,0.004
Fig. 2(b),4,4-QAM,full_state_raw_label_srm,0.9,1.8,0.5825,0.17609137325,full_d,0.9,0.812830516164,0.999999999946,0.938470131334,12,0.003
Fig. 2(b),4,4-QAM,full_state_raw_label_srm,0.9,1.8,0.585,0.176987238622,full_d,0.9,0.812830516164,0.999999999897,0.937957726389,12,0.004
Fig. 2(b),4,4-QAM,full_state_raw_label_srm,0.9,1.8,0.5875,0.177878916596,full_d,0.9,0.812830516164,0.999999999971,0.937443413386,12,0.003
Fig. 2(b),4,4-QAM,full_state_raw_label_srm,0.9,1.8,0.59,0.17876635493,full_d,0.9,0.812830516164,0.999999999998,0.93692719595,12,0.083
Fig. 2(b),4,4-QAM,full_state_raw_label_srm,0.9,1.8,0.5925,0.179649501963,full_d,0.9,0.812830516164,0.999999999999,0.936409077727,12,0.017
Fig. 2(b),4,4-QAM,full_state_raw_label_srm,0.9,1.8,0.595,0.18052830658,full_d,0.9,0.812830516164,0.999999999947,0.935889062375,12,0.014
Fig. 2(b),4,4-QAM,full_state_raw_label_srm,0.9,1.8,0.5975,0.181402718233,full_d,0.9,0.812830516164,0.999999999879,0.935367153571,12,0.008
Fig. 2(b),4,4-QAM,full_state_raw_label_srm,0.9,1.8,0.6,0.182272686934,full_d,0.9,0.812830516164,0.999999999811,0.934843355007,12,0.024
Fig. 2(b),4,4-QAM,full_state_raw_label_srm,0.9,1.8,0.6025,0.183138163294,full_d,0.9,0.812830516164,0.999999999946,0.934317670391,12,0.005
Fig. 2(b),4,4-QAM,full_state_raw_label_srm,0.9,1.8,0.605,0.183999098405,full_d,0.9,0.812830516164,0.999999999968,0.933790103448,12,0.014
Fig. 2(b),4,4-QAM,full_state_raw_label_srm,0.9,1.8,0.6075,0.184855443996,full_d,0.9,0.812830516164,0.999999999928,0.93326065792,12,0.003
Fig. 2(b),4,4-QAM,full_state_raw_label_srm,0.9,1.8,0.61,0.185707152382,full_d,0.9,0.812830516164,0.999999999881,0.932729337565,12,0.003
Fig. 2(b),4,4-QAM,full_state_raw_label_srm,0.9,1.8,0.6125,0.186554176483,full_d,0.9,0.812830516164,0.999999999997,0.932196146158,12,0.058
Fig. 2(b),4,4-QAM,full_state_raw_label_srm,0.9,1.8,0.615,0.187396469725,full_d,0.9,0.812830516164,0.999999999997,0.931661087491,12,0.016
Fig. 2(b),4,4-QAM,full_state_raw_label_srm,0.9,1.8,0.6175,0.1882339862,full_d,0.9,0.812830516164,0.999999999998,0.931124165371,12,0.003
Fig. 2(b),4,4-QAM,full_state_raw_label_srm,0.9,1.8,0.62,0.189066680572,full_d,0.9,0.812830516164,0.999999999974,0.930585383625,12,0.003
Fig. 2(b),4,4-QAM,full_state_raw_label_srm,0.9,1.8,0.6225,0.189894508121,full_d,0.9,0.812830516164,0.999999999957,0.930044746093,12,0.037
Fig. 2(b),4,4-QAM,full_state_raw_label_srm,0.9,1.8,0.625,0.19071742471,full_d,0.9,0.812830516164,0.999999999879,0.929502256635,12,0.003
Fig. 2(b),4,4-QAM,full_state_raw_label_srm,0.9,1.8,0.6275,0.191535386876,full_d,0.9,0.812830516164,0.999999999994,0.928957919128,12,0.003
Fig. 2(b),4,4-QAM,full_state_raw_label_srm,0.9,1.8,0.63,0.192348351651,full_d,0.9,0.812830516164,0.999999999925,0.928411737464,12,0.003
Fig. 2(b),4,4-QAM,full_state_raw_label_srm,0.9,1.8,0.6325,0.193156276818,full_d,0.9,0.812830516164,0.999999999992,0.927863715555,12,0.003
Fig. 2(b),4,4-QAM,full_state_raw_label_srm,0.9,1.8,0.635,0.193959120677,full_d,0.9,0.812830516164,0.999999999966,0.927313857327,12,0.004
Fig. 2(b),4,4-QAM,full_state_raw_label_srm,0.9,1.8,0.6375,0.194756842229,full_d,0.9,0.812830516164,0.999999999999,0.926762166727,12,0.004
Fig. 2(b),4,4-QAM,full_state_raw_label_srm,0.9,1.8,0.64,0.195549401056,full_d,0.9,0.812830516164,0.999999999992,0.926208647717,12,0.004
Fig. 2(b),4,4-QAM,full_state_raw_label_srm,0.9,1.8,0.6425,0.196336757392,full_d,0.9,0.812830516164,0.999999999937,0.925653304277,12,0.019
Fig. 2(b),4,4-QAM,full_state_raw_label_srm,0.9,1.8,0.645,0.197118872138,full_d,0.9,0.812830516164,0.999999999975,0.925096140405,12,0.022
Fig. 2(b),4,4-QAM,full_state_raw_label_srm,0.9,1.8,0.6475,0.197895706788,full_d,0.9,0.812830516164,0.999999999998,0.924537160116,12,0.021
Fig. 2(b),4,4-QAM,full_state_raw_label_srm,0.9,1.8,0.65,0.198667223496,full_d,0.9,0.812830516164,0.999999999968,0.923976367444,12,0.029
Fig. 2(b),4,4-QAM,full_state_raw_label_srm,0.9,1.8,0.6525,0.199433385091,full_d,0.9,0.812830516164,0.999999999998,0.92341376644,12,0.022
Fig. 2(b),4,4-QAM,full_state_raw_label_srm,0.9,1.8,0.655,0.200194155016,full_d,0.9,0.812830516164,0.999999999984,0.922849361173,12,0.061
Fig. 2(b),4,4-QAM,full_state_raw_label_srm,0.9,1.8,0.6575,0.200949497392,full_d,0.9,0.812830516164,0.999999999959,0.922283155731,12,0.003
Fig. 2(b),4,4-QAM,full_state_raw_label_srm,0.9,1.8,0.66,0.201699376992,full_d,0.9,0.812830516164,0.999999999904,0.921715154218,12,0.003
Fig. 2(b),4,4-QAM,full_state_raw_label_srm,0.9,1.8,0.6625,0.202443759281,full_d,0.9,0.812830516164,0.999999999952,0.921145360758,12,0.004
Fig. 2(b),4,4-QAM,full_state_raw_label_srm,0.9,1.8,0.665,0.203182610341,full_d,0.9,0.812830516164,0.999999999999,0.920573779492,12,0.023
Fig. 2(b),4,4-QAM,full_state_raw_label_srm,0.9,1.8,0.6675,0.203915896921,full_d,0.9,0.812830516164,0.999999999941,0.920000414581,12,0.015
Fig. 2(b),4,4-QAM,full_state_raw_label_srm,0.9,1.8,0.67,0.204643586507,full_d,0.9,0.812830516164,0.999999999986,0.919425270204,12,0.003
Fig. 2(b),4,4-QAM,full_state_raw_label_srm,0.9,1.8,0.6725,0.205365647188,full_d,0.9,0.812830516164,0.999999999995,0.918848350557,12,0.003
Fig. 2(b),4,4-QAM,full_state_raw_label_srm,0.9,1.8,0.675,0.206082047765,full_d,0.9,0.812830516164,0.999999999994,0.918269659856,12,0.003
Fig. 2(b),4,4-QAM,full_state_raw_label_srm,0.9,1.8,0.6775,0.206792757715,full_d,0.9,0.812830516164,0.999999999999,0.917689202336,12,0.021
Fig. 2(b),4,4-QAM,full_state_raw_label_srm,0.9,1.8,0.68,0.207497747193,full_d,0.9,0.812830516164,0.999999999999,0.91710698225,12,0.004
Fig. 2(b),4,4-QAM,full_state_raw_label_srm,0.9,1.8,0.6825,0.208196987045,full_d,0.9,0.812830516164,1.0,0.916523003871,12,0.018
Fig. 2(b),4,4-QAM,full_state_raw_label_srm,0.9,1.8,0.685,0.208890448792,full_d,0.9,0.812830516164,0.999999999965,0.915937271489,12,0.004
Fig. 2(b),4,4-QAM,full_state_raw_label_srm,0.9,1.8,0.6875,0.209578104679,full_d,0.9,0.812830516164,0.999999999998,0.915349789414,12,0.004
Fig. 2(b),4,4-QAM,full_state_raw_label_srm,0.9,1.8,0.69,0.210259927592,full_d,0.9,0.812830516164,0.999999999963,0.914760561977,12,0.046
Fig. 2(b),4,4-QAM,full_state_raw_label_srm,0.9,1.8,0.6925,0.21093589117,full_d,0.9,0.812830516164,0.999999999999,0.914169593527,12,0.008
Fig. 2(b),4,4-QAM,full_state_raw_label_srm,0.9,1.8,0.695,0.211605969697,full_d,0.9,0.812830516164,0.999999999997,0.91357688843,12,0.027
Fig. 2(b),4,4-QAM,full_state_raw_label_srm,0.9,1.8,0.6975,0.212270138188,full_d,0.9,0.812830516164,0.999999999997,0.912982451076,12,0.014
Fig. 2(b),4,4-QAM,full_state_raw_label_srm,0.9,1.8,0.7,0.21292837235,full_d,0.9,0.812830516164,0.999999999988,0.91238628587,12,0.004
Fig. 2(b),4,4-QAM,full_state_raw_label_srm,0.9,1.8,0.7025,0.213580648601,full_d,0.9,0.812830516164,0.999999999999,0.911788397241,12,0.004
Fig. 2(b),4,4-QAM,full_state_raw_label_srm,0.9,1.8,0.705,0.214226944052,full_d,0.9,0.812830516164,0.999999999999,0.911188789634,12,0.007
Fig. 2(b),4,4-QAM,full_state_raw_label_srm,0.9,1.8,0.7075,0.214867236527,full_d,0.9,0.812830516164,0.999999999981,0.910587467516,12,0.025
Fig. 2(b),4,4-QAM,full_state_raw_label_srm,0.9,1.8,0.71,0.21550150457,full_d,0.9,0.812830516164,1.0,0.909984435373,12,0.01
Fig. 2(b),4,4-QAM,full_state_raw_label_srm,0.9,1.8,0.7125,0.216129727415,full_d,0.9,0.812830516164,1.0,0.909379697713,12,0.027
Fig. 2(b),4,4-QAM,full_state_raw_label_srm,0.9,1.8,0.715,0.216751885022,full_d,0.9,0.812830516164,0.999999999995,0.90877325906,12,0.025
Fig. 2(b),4,4-QAM,full_state_raw_label_srm,0.9,1.8,0.7175,0.217367958062,full_d,0.9,0.812830516164,0.999999999998,0.908165123963,12,0.006
Fig. 2(b),4,4-QAM,full_state_raw_label_srm,0.9,1.8,0.72,0.217977927917,full_d,0.9,0.812830516164,0.999999999989,0.907555296987,12,0.024
Fig. 2(b),4,4-QAM,full_state_raw_label_srm,0.9,1.8,0.7225,0.218581776694,full_d,0.9,0.812830516164,0.999999999999,0.906943782721,12,0.004
Fig. 2(b),4,4-QAM,full_state_raw_label_srm,0.9,1.8,0.725,0.219179487205,full_d,0.9,0.812830516164,0.999999999999,0.906330585772,12,0.004
Fig. 2(b),4,4-QAM,full_state_raw_label_srm,0.9,1.8,0.7275,0.219771042988,full_d,0.9,0.812830516164,0.999999999999,0.90571571077,12,0.045
Fig. 2(b),4,4-QAM,full_state_raw_label_srm,0.9,1.8,0.73,0.220356428297,full_d,0.9,0.812830516164,0.999999999995,0.905099162362,12,0.023
Fig. 2(b),4,4-QAM,full_state_raw_label_srm,0.9,1.8,0.7325,0.22093562811,full_d,0.9,0.812830516164,0.999999999999,0.904480945219,12,0.004
Fig. 2(b),4,4-QAM,full_state_raw_label_srm,0.9,1.8,0.735,0.221508628119,full_d,0.9,0.812830516164,0.999999999999,0.903861064032,12,0.035
Fig. 2(b),4,4-QAM,full_state_raw_label_srm,0.9,1.8,0.7375,0.222075414743,full_d,0.9,0.812830516164,0.999999999999,0.903239523513,12,0.004
Fig. 2(b),4,4-QAM,full_state_raw_label_srm,0.9,1.8,0.74,0.22263597512,full_d,0.9,0.812830516164,0.999999999998,0.902616328395,12,0.003
Fig. 2(b),4,4-QAM,full_state_raw_label_srm,0.9,1.8,0.7425,0.223190297108,full_d,0.9,0.812830516164,0.999999999991,0.901991483431,12,0.013
Fig. 2(b),4,4-QAM,full_state_raw_label_srm,0.9,1.8,0.745,0.223738369297,full_d,0.9,0.812830516164,0.999999999999,0.901364993396,12,0.005
Fig. 2(b),4,4-QAM,full_state_raw_label_srm,0.9,1.8,0.7475,0.224280180986,full_d,0.9,0.812830516164,0.999999999999,0.900736863088,12,0.013
Fig. 2(b),4,4-QAM,full_state_raw_label_srm,0.9,1.8,0.75,0.224815722205,full_d,0.9,0.812830516164,1.0,0.900107097323,12,0.024
Fig. 2(b),4,4-QAM,full_state_raw_label_srm,0.9,1.8,0.7525,0.225344983704,full_d,0.9,0.812830516164,0.999999999994,0.899475700942,12,0.015
Fig. 2(b),4,4-QAM,full_state_raw_label_srm,0.9,1.8,0.755,0.22586795696,full_d,0.9,0.812830516164,1.0,0.898842678805,12,0.059
Fig. 2(b),4,4-QAM,full_state_raw_label_srm,0.9,1.8,0.7575,0.226384634164,full_d,0.9,0.812830516164,0.999999999996,0.898208035795,12,0.033
Fig. 2(b),4,4-QAM,full_state_raw_label_srm,0.9,1.8,0.76,0.226895008236,full_d,0.9,0.812830516164,0.99999999999,0.897571776816,12,0.008
Fig. 2(b),4,4-QAM,full_state_raw_label_srm,0.9,1.8,0.7625,0.227399072819,full_d,0.9,0.812830516164,1.0,0.896933906794,12,0.015
Fig. 2(b),4,4-QAM,full_state_raw_label_srm,0.9,1.8,0.765,0.227896822267,full_d,0.9,0.812830516164,0.999999999999,0.896294430677,12,0.003
Fig. 2(b),4,4-QAM,full_state_raw_label_srm,0.9,1.8,0.7675,0.228388251661,full_d,0.9,0.812830516164,0.999999999993,0.895653353436,12,0.003
Fig. 2(b),4,4-QAM,full_state_raw_label_srm,0.9,1.8,0.77,0.228873356806,full_d,0.9,0.812830516164,0.999999999999,0.895010680061,12,0.061
Fig. 2(b),4,4-QAM,full_state_raw_label_srm,0.9,1.8,0.7725,0.229352134216,full_d,0.9,0.812830516164,0.999999999999,0.894366415568,12,0.003
Fig. 2(b),4,4-QAM,full_state_raw_label_srm,0.9,1.8,0.775,0.229824581127,full_d,0.9,0.812830516164,0.999999999997,0.893720564993,12,0.009
Fig. 2(b),4,4-QAM,full_state_raw_label_srm,0.9,1.8,0.7775,0.230290695493,full_d,0.9,0.812830516164,1.0,0.893073133394,12,0.004
Fig. 2(b),4,4-QAM,full_state_raw_label_srm,0.9,1.8,0.78,0.23075047598,full_d,0.9,0.812830516164,0.999999999993,0.892424125852,12,0.047
Fig. 2(b),4,4-QAM,full_state_raw_label_srm,0.9,1.8,0.7825,0.231203921972,full_d,0.9,0.812830516164,1.0,0.891773547471,12,0.003
Fig. 2(b),4,4-QAM,full_state_raw_label_srm,0.9,1.8,0.785,0.231651033561,full_d,0.9,0.812830516164,0.999999999999,0.891121403376,12,0.003
Fig. 2(b),4,4-QAM,full_state_raw_label_srm,0.9,1.8,0.7875,0.232091811549,full_d,0.9,0.812830516164,0.999999999992,0.890467698716,12,0.004
Fig. 2(b),4,4-QAM,full_state_raw_label_srm,0.9,1.8,0.79,0.232526257456,full_d,0.9,0.812830516164,0.999999999999,0.889812438661,12,0.003
Fig. 2(b),4,4-QAM,full_state_raw_label_srm,0.9,1.8,0.7925,0.232954373498,full_d,0.9,0.812830516164,0.999999999999,0.889155628406,12,0.008
Fig. 2(b),4,4-QAM,full_state_raw_label_srm,0.9,1.8,0.795,0.233376162602,full_d,0.9,0.812830516164,0.999999999999,0.888497273167,12,0.005
Fig. 2(b),4,4-QAM,full_state_raw_label_srm,0.9,1.8,0.7975,0.233791628398,full_d,0.9,0.812830516164,1.0,0.887837378182,12,0.034
Fig. 2(b),4,4-QAM,full_state_raw_label_srm,0.9,1.8,0.8,0.234200775218,full_d,0.9,0.812830516164,0.999999999999,0.887175948714,12,0.008
Fig. 2(b),4,4-QAM,full_state_raw_label_srm,0.9,1.8,0.8025,0.23460360809,full_d,0.9,0.812830516164,0.999999999999,0.886512990048,12,0.003
Fig. 2(b),4,4-QAM,full_state_raw_label_srm,0.9,1.8,0.805,0.235000132742,full_d,0.9,0.812830516164,1.0,0.885848507491,12,0.003
Fig. 2(b),4,4-QAM,full_state_raw_label_srm,0.9,1.8,0.8075,0.235390355591,full_d,0.9,0.812830516164,0.999999999993,0.885182506375,12,0.004
Fig. 2(b),4,4-QAM,full_state_raw_label_srm,0.9,1.8,0.81,0.235774283754,full_d,0.9,0.812830516164,1.0,0.884514992052,12,0.006
Fig. 2(b),4,4-QAM,full_state_raw_label_srm,0.9,1.8,0.8125,0.236151925027,full_d,0.9,0.812830516164,0.999999999997,0.8838459699,12,0.039
Fig. 2(b),4,4-QAM,full_state_raw_label_srm,0.9,1.8,0.815,0.236523287898,full_d,0.9,0.812830516164,0.999999999997,0.883175445319,12,0.023
Fig. 2(b),4,4-QAM,full_state_raw_label_srm,0.9,1.8,0.8175,0.236888381537,full_d,0.9,0.812830516164,0.999999999999,0.882503423731,12,0.003
Fig. 2(b),4,4-QAM,full_state_raw_label_srm,0.9,1.8,0.82,0.237247215791,low_d,0.9,0.812830516164,0.999999999999,0.881829910584,12,0.084
Fig. 2(b),4,4-QAM,full_state_raw_label_srm,0.9,1.8,0.822,0.237529783488,low_d,0.9,0.812830516164,0.999999999996,0.881290029818,12,0.03
Fig. 2(b),4,4-QAM,full_state_raw_label_srm,0.9,1.8,0.8225,0.237599801187,full_d,0.9,0.812830516164,0.999999999999,0.881154911346,12,0.003
Fig. 2(b),4,4-QAM,full_state_raw_label_srm,0.9,1.8,0.824,0.237808357603,low_d,0.9,0.812830516164,0.999999999998,0.880749200764,12,0.019
Fig. 2(b),4,4-QAM,full_state_raw_label_srm,0.9,1.8,0.825,0.237946148924,full_d,0.9,0.812830516164,1.0,0.88047843151,12,0.01
Fig. 2(b),4,4-QAM,full_state_raw_label_srm,0.9,1.8,0.826,0.23808294411,low_d,0.9,0.812830516164,0.999999999999,0.880207426243,12,0.019
Fig. 2(b),4,4-QAM,full_state_raw_label_srm,0.9,1.8,0.8275,0.238286270869,full_d,0.9,0.812830516164,1.0,0.879800476593,12,0.004
Fig. 2(b),4,4-QAM,full_state_raw_label_srm,0.9,1.8,0.828,0.238353549255,low_d,0.9,0.812830516164,0.999999999997,0.879664709086,12,0.049
Fig. 2(b),4,4-QAM,full_state_raw_label_srm,0.9,1.8,0.83,0.23862017956,low_d,0.9,0.812830516164,1.0,0.879121052132,12,0.003
Fig. 2(b),4,4-QAM,full_state_raw_label_srm,0.9,1.8,0.832,0.238882841815,low_d,0.9,0.812830516164,0.999999999996,0.87857645823,12,0.011
Fig. 2(b),4,4-QAM,full_state_raw_label_srm,0.9,1.8,0.8325,0.238947888193,full_d,0.9,0.812830516164,0.999999999997,0.878440163691,12,0.019
Fig. 2(b),4,4-QAM,full_state_raw_label_srm,0.9,1.8,0.834,0.239141543084,low_d,0.9,0.812830516164,1.0,0.878030930239,12,0.003
Fig. 2(b),4,4-QAM,full_state_raw_label_srm,0.9,1.8,0.835,0.239269410628,full_d,0.9,0.812830516164,0.999999999999,0.877757816856,12,0.03
Fig. 2(b),4,4-QAM,full_state_raw_label_srm,0.9,1.8,0.836,0.239396290694,low_d,0.9,0.812830516164,0.999999999996,0.877484471027,12,0.054
Fig. 2(b),4,4-QAM,full_state_raw_label_srm,0.9,1.8,0.8375,0.239584761375,full_d,0.9,0.812830516164,0.999999999998,0.877074017235,12,0.003
Fig. 2(b),4,4-QAM,full_state_raw_label_srm,0.9,1.8,0.838,0.239647092245,low_d,0.9,0.812830516164,0.999999999999,0.876937083472,12,0.004
Fig. 2(b),4,4-QAM,full_state_raw_label_srm,0.9,1.8,0.84,0.239893955597,low_d,0.9,0.812830516164,0.999999999999,0.876388770461,12,0.004
Fig. 2(b),4,4-QAM,full_state_raw_label_srm,0.9,1.8,0.842,0.24013688888,low_d,0.9,0.812830516164,0.999999999996,0.875839534891,12,0.003
Fig. 2(b),4,4-QAM,full_state_raw_label_srm,0.9,1.8,0.8425,0.240197009106,full_d,0.9,0.812830516164,0.999999999999,0.875702082189,12,0.013
Fig. 2(b),4,4-QAM,full_state_raw_label_srm,0.9,1.8,0.844,0.240375900488,low_d,0.9,0.812830516164,1.0,0.875289379669,12,0.004
Fig. 2(b),4,4-QAM,full_state_raw_label_srm,0.9,1.8,0.845,0.240493938355,full_d,0.9,0.812830516164,0.999999999998,0.875013958099,12,0.086
Fig. 2(b),4,4-QAM,full_state_raw_label_srm,0.9,1.8,0.846,0.240610999069,low_d,0.9,0.812830516164,0.999999999996,0.87473830771,12,0.004
Fig. 2(b),4,4-QAM,full_state_raw_label_srm,0.9,1.8,0.8475,0.240784760437,full_d,0.9,0.812830516164,1.0,0.874324403892,12,0.022
Fig. 2(b),4,4-QAM,full_state_raw_label_srm,0.9,1.8,0.848,0.240842193542,low_d,0.9,0.812830516164,1.0,0.874186321941,12,0.003
Fig. 2(b),4,4-QAM,full_state_raw_label_srm,0.9,1.8,0.85,0.241069493076,low_d,0.9,0.812830516164,0.999999999997,0.873633425295,12,0.004
Fig. 2(b),4,4-QAM,full_state_raw_label_srm,0.9,1.8,0.852,0.241292907105,low_d,0.9,0.812830516164,1.0,0.873079620719,12,0.003
Fig. 2(b),4,4-QAM,full_state_raw_label_srm,0.9,1.8,0.8525,0.241348154631,full_d,0.9,0.812830516164,1.0,0.872941028057,12,0.003
Fig. 2(b),4,4-QAM,full_state_raw_label_srm,0.9,1.8,0.854,0.241512445313,low_d,0.9,0.812830516164,0.999999999998,0.872524911165,12,0.012
Fig. 2(b),4,4-QAM,full_state_raw_label_srm,0.9,1.8,0.855,0.241620764081,full_d,0.9,0.812830516164,0.999999999999,0.872247217948,12,0.004
Fig. 2(b),4,4-QAM,full_state_raw_label_srm,0.9,1.8,0.856,0.241728117642,low_d,0.9,0.812830516164,1.0,0.871969299599,12,0.003
Fig. 2(b),4,4-QAM,full_state_raw_label_srm,0.9,1.8,0.8575,0.241887341028,full_d,0.9,0.812830516164,1.0,0.871552000765,12,0.028
Fig. 2(b),4,4-QAM,full_state_raw_label_srm,0.9,1.8,0.858,0.241939934285,low_d,0.9,0.812830516164,1.0,0.871412788991,12,0.009
Fig. 2(b),4,4-QAM,full_state_raw_label_srm,0.9,1.8,0.86,0.242147905688,low_d,0.9,0.812830516164,0.999999999999,0.870855382327,12,0.009
Fig. 2(b),4,4-QAM,full_state_raw_label_srm,0.9,1.8,0.862,0.242352042545,low_d,0.9,0.812830516164,0.999999999998,0.870297082597,12,0.023
Fig. 2(b),4,4-QAM,full_state_raw_label_srm,0.9,1.8,0.8625,0.242402478889,full_d,0.9,0.812830516164,1.0,0.870157368474,12,0.003
Fig. 2(b),4,4-QAM,full_state_raw_label_srm,0.9,1.8,0.864,0.2425523558,low_d,0.9,0.812830516164,0.999999999999,0.869737892803,12,0.021
Fig. 2(b),4,4-QAM,full_state_raw_label_srm,0.9,1.8,0.865,0.242651082064,full_d,0.9,0.812830516164,1.0,0.869457965073,12,0.003
Fig. 2(b),4,4-QAM,full_state_raw_label_srm,0.9,1.8,0.866,0.242748856642,low_d,0.9,0.812830516164,1.0,0.869177815957,12,0.031
Fig. 2(b),4,4-QAM,full_state_raw_label_srm,0.9,1.8,0.8675,0.242893737245,full_d,0.9,0.812830516164,1.0,0.86875717801,12,0.008
Fig. 2(b),4,4-QAM,full_state_raw_label_srm,0.9,1.8,0.868,0.242941556502,low_d,0.9,0.812830516164,0.999999999998,0.868616855078,12,0.008
Fig. 2(b),4,4-QAM,full_state_raw_label_srm,0.9,1.8,0.87,0.24313046706,low_d,0.9,0.812830516164,0.999999999996,0.868055013198,12,0.004
Fig. 2(b),4,4-QAM,full_state_raw_label_srm,0.9,1.8,0.872,0.243315600233,low_d,0.9,0.812830516164,1.0,0.867492293355,12,0.023
Fig. 2(b),4,4-QAM,full_state_raw_label_srm,0.9,1.8,0.8725,0.243361294728,full_d,0.9,0.812830516164,0.999999999999,0.86735147657,12,0.003
Fig. 2(b),4,4-QAM,full_state_raw_label_srm,0.9,1.8,0.874,0.243496968176,low_d,0.9,0.812830516164,0.999999999999,0.866928698599,12,0.026
Fig. 2(b),4,4-QAM,full_state_raw_label_srm,0.9,1.8,0.875,0.243586244051,full_d,0.9,0.812830516164,0.999999999999,0.866646574084,12,0.021
Fig. 2(b),4,4-QAM,full_state_raw_label_srm,0.9,1.8,0.876,0.243674583285,low_d,0.9,0.812830516164,0.999999999999,0.866364231987,12,0.003
Fig. 2(b),4,4-QAM,full_state_raw_label_srm,0.9,1.8,0.8775,0.243805339408,full_d,0.9,0.812830516164,1.0,0.865940311718,12,0.004
Fig. 2(b),4,4-QAM,full_state_raw_label_srm,0.9,1.8,0.878,0.243848458189,low_d,0.9,0.812830516164,0.999999999999,0.865798896588,12,0.004
Fig. 2(b),4,4-QAM,full_state_raw_label_srm,0.9,1.8,0.88,0.244018605753,low_d,0.9,0.812830516164,0.999999999999,0.865232695478,12,0.026
Fig. 2(b),4,4-QAM,full_state_raw_label_srm,0.9,1.8,0.882,0.244185039072,low_d,0.9,0.812830516164,0.999999999998,0.864665631743,12,0.008
Fig. 2(b),4,4-QAM,full_state_raw_label_srm,0.9,1.8,0.8825,0.244226068608,full_d,0.9,0.812830516164,0.999999999999,0.864523731387,12,0.017
Fig. 2(b),4,4-QAM,full_state_raw_label_srm,0.9,1.8,0.884,0.244347771472,low_d,0.9,0.812830516164,1.0,0.86409770848,12,0.022
Fig. 2(b),4,4-QAM,full_state_raw_label_srm,0.9,1.8,0.885,0.244427754053,full_d,0.9,0.812830516164,0.999999999999,0.863813425495,12,0.029
Fig. 2(b),4,4-QAM,full_state_raw_label_srm,0.9,1.8,0.886,0.244506816505,low_d,0.9,0.812830516164,1.0,0.863528928793,12,0.013
Fig. 2(b),4,4-QAM,full_state_raw_label_srm,0.9,1.8,0.8875,0.244623688728,full_d,0.9,0.812830516164,1.0,0.863101783872,12,0.062
Fig. 2(b),4,4-QAM,full_state_raw_label_srm,0.9,1.8,0.888,0.244662187953,low_d,0.9,0.812830516164,1.0,0.862959295796,12,0.017
Fig. 2(b),4,4-QAM,full_state_raw_label_srm,0.9,1.8,0.89,0.244813899818,low_d,0.9,0.812830516164,1.0,0.862388812612,12,0.076
Fig. 2(b),4,4-QAM,full_state_raw_label_srm,0.9,1.8,0.892,0.244961966325,low_d,0.9,0.812830516164,0.999999999999,0.861817482376,12,0.015
Fig. 2(b),4,4-QAM,full_state_raw_label_srm,0.9,1.8,0.8925,0.244998415053,full_d,0.9,0.812830516164,1.0,0.861674517832,12,0.003
Fig. 2(b),4,4-QAM,full_state_raw_label_srm,0.9,1.8,0.894,0.245106401922,low_d,0.9,0.812830516164,1.0,0.861245308227,12,0.119
Fig. 2(b),4,4-QAM,full_state_raw_label_srm,0.9,1.8,0.895,0.245177262702,full_d,0.9,0.812830516164,0.999999999998,0.86095890567,12,0.003
Fig. 2(b),4,4-QAM,full_state_raw_label_srm,0.9,1.8,0.896,0.24524722127,low_d,0.9,0.812830516164,1.0,0.860672293317,12,0.014
Fig. 2(b),4,4-QAM,full_state_raw_label_srm,0.9,1.8,0.8975,0.245350471561,full_d,0.9,0.812830516164,1.0,0.860241982286,12,0.003
Fig. 2(b),4,4-QAM,full_state_raw_label_srm,0.9,1.8,0.898,0.245384439249,low_d,0.9,0.812830516164,0.999999999998,0.860098440806,12,0.004
Fig. 2(b),4,4-QAM,full_state_raw_label_srm,0.9,1.8,0.9,0.245518070953,low_d,0.9,0.812830516164,0.999999999999,0.859523753864,12,0.031
Fig. 2(b),4,4-QAM,full_state_raw_label_srm,0.9,1.8,0.902,0.245648131685,low_d,0.9,0.812830516164,1.0,0.858948235667,12,0.003
Fig. 2(b),4,4-QAM,full_state_raw_label_srm,0.9,1.8,0.9025,0.245680090717,full_d,0.9,0.812830516164,0.999999999998,0.858804226608,12,0.004
Fig. 2(b),4,4-QAM,full_state_raw_label_srm,0.9,1.8,0.904,0.24577463696,low_d,0.9,0.812830516164,1.0,0.858371889405,12,0.003
Fig. 2(b),4,4-QAM,full_state_raw_label_srm,0.9,1.8,0.905,0.245836561205,full_d,0.9,0.812830516164,1.0,0.858083406747,12,0.003
Fig. 2(b),4,4-QAM,full_state_raw_label_srm,0.9,1.8,0.906,0.245897602497,low_d,0.9,0.812830516164,1.0,0.857794718272,12,0.004
Fig. 2(b),4,4-QAM,full_state_raw_label_srm,0.9,1.8,0.9075,0.245987513271,full_d,0.9,0.812830516164,0.999999999999,0.857361300528,12,0.01
Fig. 2(b),4,4-QAM,full_state_raw_label_srm,0.9,1.8,0.908,0.246017044225,low_d,0.9,0.812830516164,1.0,0.857216725473,12,0.003
Fig. 2(b),4,4-QAM,full_state_raw_label_srm,0.9,1.8,0.91,0.24613297827,low_d,0.9,0.812830516164,1.0,0.856637914224,12,0.003
Fig. 2(b),4,4-QAM,full_state_raw_label_srm,0.9,1.8,0.912,0.246245420963,low_d,0.9,0.812830516164,1.0,0.856058287746,12,0.004
Fig. 2(b),4,4-QAM,full_state_raw_label_srm,0.9,1.8,0.9125,0.246272988045,full_d,0.9,0.812830516164,0.999999999999,0.855913254125,12,0.003
Fig. 2(b),4,4-QAM,full_state_raw_label_srm,0.9,1.8,0.914,0.246354388831,low_d,0.9,0.812830516164,0.999999999999,0.855477849271,12,0.003
Fig. 2(b),4,4-QAM,full_state_raw_label_srm,0.9,1.8,0.915,0.246407574924,full_d,0.9,0.812830516164,1.0,0.855187326547,12,0.011
Fig. 2(b),4,4-QAM,full_state_raw_label_srm,0.9,1.8,0.916,0.246459898597,low_d,0.9,0.812830516164,0.999999999999,0.854896602039,12,0.013
Fig. 2(b),4,4-QAM,full_state_raw_label_srm,0.9,1.8,0.9175,0.246536771713,full_d,0.9,0.812830516164,0.999999999999,0.854460137823,12,0.004
Fig. 2(b),4,4-QAM,full_state_raw_label_srm,0.9,1.8,0.918,0.24656196718,low_d,0.9,0.812830516164,1.0,0.8543145493,12,0.003
Fig. 2(b),4,4-QAM,full_state_raw_label_srm,0.9,1.8,0.92,0.246660611686,low_d,0.9,0.812830516164,0.999999999999,0.853731694312,12,0.004
Fig. 2(b),4,4-QAM,full_state_raw_label_srm,0.9,1.8,0.922,0.246755849414,low_d,0.9,0.812830516164,1.0,0.853148040341,12,0.063
Fig. 2(b),4,4-QAM,full_state_raw_label_srm,0.9,1.8,0.9225,0.246779128581,full_d,0.9,0.812830516164,0.999999999999,0.853002002391,12,0.008
Fig. 2(b),4,4-QAM,full_state_raw_label_srm,0.9,1.8,0.924,0.246847697847,low_d,0.9,0.812830516164,1.0,0.852563590662,12,0.004
Fig. 2(b),4,4-QAM,full_state_raw_label_srm,0.9,1.8,0.925,0.246892356592,full_d,0.9,0.812830516164,0.999999999999,0.852271068457,12,0.023
Fig. 2(b),4,4-QAM,full_state_raw_label_srm,0.9,1.8,0.926,0.246936174653,low_d,0.9,0.812830516164,1.0,0.851978348558,12,0.004
Fig. 2(b),4,4-QAM,full_state_raw_label_srm,0.9,1.8,0.9275,0.247000330359,full_d,0.9,0.812830516164,0.999999999999,0.851538898931,12,0.016
Fig. 2(b),4,4-QAM,full_state_raw_label_srm,0.9,1.8,0.928,0.247021297684,low_d,0.9,0.812830516164,1.0,0.851392317321,12,0.003
Fig. 2(b),4,4-QAM,full_state_raw_label_srm,0.9,1.8,0.93,0.247103084967,low_d,0.9,0.812830516164,1.0,0.850805500253,12,0.004
Fig. 2(b),4,4-QAM,full_state_raw_label_srm,0.9,1.8,0.932,0.24718155471,low_d,0.9,0.812830516164,1.0,0.850217900661,12,0.034
Fig. 2(b),4,4-QAM,full_state_raw_label_srm,0.9,1.8,0.9325,0.24720065593,full_d,0.9,0.812830516164,1.0,0.850070878883,12,0.003
Fig. 2(b),4,4-QAM,full_state_raw_label_srm,0.9,1.8,0.934,0.247256725292,low_d,0.9,0.812830516164,1.0,0.849629521864,12,0.003
Fig. 2(b),4,4-QAM,full_state_raw_label_srm,0.9,1.8,0.935,0.247293079189,full_d,0.9,0.812830516164,1.0,0.849335041302,12,0.06
Fig. 2(b),4,4-QAM,full_state_raw_label_srm,0.9,1.8,0.936,0.247328615267,low_d,0.9,0.812830516164,1.0,0.849040367185,12,0.004
Fig. 2(b),4,4-QAM,full_state_raw_label_srm,0.9,1.8,0.9375,0.247380391106,full_d,0.9,0.812830516164,1.0,0.84859799401,12,0.035
Fig. 2(b),4,4-QAM,full_state_raw_label_srm,0.9,1.8,0.938,0.247397243357,low_d,0.9,0.812830516164,1.0,0.84845043996,12,0.003
Fig. 2(b),4,4-QAM,full_state_raw_label_srm,0.9,1.8,0.94,0.247462628452,low_d,0.9,0.812830516164,1.0,0.847859743529,12,0.003
Fig. 2(b),4,4-QAM,full_state_raw_label_srm,0.9,1.8,0.942,0.247524789603,low_d,0.9,0.812830516164,1.0,0.847268281243,12,0.004
Fig. 2(b),4,4-QAM,full_state_raw_label_srm,0.9,1.8,0.9425,0.247539828398,full_d,0.9,0.812830516164,1.0,0.8471202964,12,0.039
Fig. 2(b),4,4-QAM,full_state_raw_label_srm,0.9,1.8,0.944,0.247583746028,low_d,0.9,0.812830516164,1.0,0.846676056459,12,0.003
Fig. 2(b),4,4-QAM,full_state_raw_label_srm,0.9,1.8,0.945,0.247612028516,full_d,0.9,0.812830516164,0.999999999999,0.846379659182,12,0.004
Fig. 2(b),4,4-QAM,full_state_raw_label_srm,0.9,1.8,0.946,0.2476395171,low_d,0.9,0.812830516164,0.999999999999,0.846083072543,12,0.004
Fig. 2(b),4,4-QAM,full_state_raw_label_srm,0.9,1.8,0.9475,0.247679266761,full_d,0.9,0.812830516164,1.0,0.845637838455,12,0.003
Fig. 2(b),4,4-QAM,full_state_raw_label_srm,0.9,1.8,0.948,0.247692122352,low_d,0.9,0.812830516164,1.0,0.845489332869,12,0.004
Fig. 2(b),4,4-QAM,full_state_raw_label_srm,0.9,1.8,0.95,0.247741581469,low_d,0.9,0.812830516164,0.999999999999,0.844894840818,12,0.038
Fig. 2(b),4,4-QAM,full_state_raw_label_srm,0.9,1.8,0.952,0.247787914289,low_d,0.9,0.812830516164,1.0,0.84429959978,12,0.003
Fig. 2(b),4,4-QAM,full_state_raw_label_srm,0.9,1.8,0.9525,0.247799011348,full_d,0.9,0.812830516164,1.0,0.844150672889,12,0.003
Fig. 2(b),4,4-QAM,full_state_raw_label_srm,0.9,1.8,0.954,0.247831140796,low_d,0.9,0.812830516164,1.0,0.843703613151,12,0.004
Fig. 2(b),4,4-QAM,full_state_raw_label_srm,0.9,1.8,0.955,0.247851595469,full_d,0.9,0.812830516164,1.0,0.843405341304,12,0.003
Fig. 2(b),4,4-QAM,full_state_raw_label_srm,0.9,1.8,0.956,0.247871281125,low_d,0.9,0.812830516164,1.0,0.843106884336,12,0.024
Fig. 2(b),4,4-QAM,full_state_raw_label_srm,0.9,1.8,0.9575,0.247899373259,full_d,0.9,0.812830516164,0.999999999999,0.842658852718,12,0.004
Fig. 2(b),4,4-QAM,full_state_raw_label_srm,0.9,1.8,0.958,0.247908355551,low_d,0.9,0.812830516164,1.0,0.842509416748,12,0.003
Fig. 2(b),4,4-QAM,full_state_raw_label_srm,0.9,1.8,0.96,0.247942384491,low_d,0.9,0.812830516164,1.0,0.841911213806,12,0.011
Fig. 2(b),4,4-QAM,full_state_raw_label_srm,0.9,1.8,0.962,0.247973388501,low_d,0.9,0.812830516164,1.0,0.841312278936,12,0.003
Fig. 2(b),4,4-QAM,full_state_raw_label_srm,0.9,1.8,0.9625,0.24798066928,full_d,0.9,0.812830516164,1.0,0.841162431258,12,0.004
Fig. 2(b),4,4-QAM,full_state_raw_label_srm,0.9,1.8,0.964,0.248001388271,low_d,0.9,0.812830516164,1.0,0.840712615574,12,0.021
Fig. 2(b),4,4-QAM,full_state_raw_label_srm,0.9,1.8,0.965,0.248014268069,full_d,0.9,0.812830516164,1.0,0.840412511783,12,0.043
Fig. 2(b),4,4-QAM,full_state_raw_label_srm,0.9,1.8,0.966,0.248026404626,low_d,0.9,0.812830516164,0.999999999999,0.840112227161,12,0.003
Fig. 2(b),4,4-QAM,full_state_raw_label_srm,0.9,1.8,0.9675,0.248043221627,full_d,0.9,0.812830516164,1.0,0.83966146211,12,0.003
Fig. 2(b),4,4-QAM,full_state_raw_label_srm,0.9,1.8,0.968,0.24804845852,low_d,0.9,0.812830516164,1.0,0.839511117145,12,0.017
Fig. 2(b),4,4-QAM,full_state_raw_label_srm,0.9,1.8,0.97,0.248067571034,low_d,0.9,0.812830516164,0.999999999999,0.838909288982,12,0.006
Fig. 2(b),4,4-QAM,full_state_raw_label_srm,0.9,1.8,0.972,0.248083763375,low_d,0.9,0.812830516164,0.999999999999,0.838306746136,12,0.052
Fig. 2(b),4,4-QAM,full_state_raw_label_srm,0.9,1.8,0.9725,0.24808735768,full_d,0.9,0.812830516164,1.0,0.838155999162,12,0.003
Fig. 2(b),4,4-QAM,full_state_raw_label_srm,0.9,1.8,0.974,0.248097056872,low_d,0.9,0.812830516164,1.0,0.837703492076,12,0.024
Fig. 2(b),4,4-QAM,full_state_raw_label_srm,0.9,1.8,0.975,0.248102623251,full_d,0.9,0.812830516164,1.0,0.837401599427,12,0.012
Fig. 2(b),4,4-QAM,full_state_raw_label_srm,0.9,1.8,0.976,0.248107472971,low_d,0.9,0.812830516164,1.0,0.837099530279,12,0.013
Fig. 2(b),4,4-QAM,full_state_raw_label_srm,0.9,1.8,0.9775,0.248113409722,full_d,0.9,0.812830516164,1.0,0.836646096574,12,0.003
Fig. 2(b),4,4-QAM,full_state_raw_label_srm,0.9,1.8,0.978,0.248115033238,low_d,0.9,0.812830516164,0.999999999999,0.836494864228,12,0.003
Fig. 2(b),4,4-QAM,full_state_raw_label_srm,0.9,1.8,0.98,0.24811975935,low_d,0.9,0.812830516164,1.0,0.835889497414,12,0.007
Fig. 2(b),4,4-QAM,full_state_raw_label_srm,0.9,1.8,0.982,0.248121673097,low_d,0.9,0.812830516164,1.0,0.835283433333,12,0.07
Fig. 2(b),4,4-QAM,full_state_raw_label_srm,0.9,1.8,0.9825,0.248121714665,full_d,0.9,0.812830516164,1.0,0.835131808775,12,0.007
Fig. 2(b),4,4-QAM,full_state_raw_label_srm,0.9,1.8,0.984,0.248120796375,low_d,0.9,0.812830516164,1.0,0.834676675488,12,0.003
Fig. 2(b),4,4-QAM,full_state_raw_label_srm,0.9,1.8,0.985,0.24811931846,full_d,0.9,0.812830516164,1.0,0.834373037501,12,0.032
Fig. 2(b),4,4-QAM,full_state_raw_label_srm,0.9,1.8,0.986,0.248117151187,low_d,0.9,0.812830516164,1.0,0.83406922739,12,0.08
Fig. 2(b),4,4-QAM,full_state_raw_label_srm,0.9,1.8,0.9875,0.248112613784,full_d,0.9,0.812830516164,1.0,0.833613190451,12,0.015
Fig. 2(b),4,4-QAM,full_state_raw_label_srm,0.9,1.8,0.988,0.248110759638,low_d,0.9,0.812830516164,1.0,0.833461092553,12,0.004
Fig. 2(b),4,4-QAM,full_state_raw_label_srm,0.9,1.8,0.99,0.248101643934,low_d,0.9,0.812830516164,1.0,0.832852274501,12,0.003
Fig. 2(b),4,4-QAM,full_state_raw_label_srm,0.9,1.8,0.992,0.248089826375,low_d,0.9,0.812830516164,1.0,0.832242776762,12,0.004
Fig. 2(b),4,4-QAM,full_state_raw_label_srm,0.9,1.8,0.9925,0.248086452443,full_d,0.9,0.812830516164,1.0,0.83209029654,12,0.003
Fig. 2(b),4,4-QAM,full_state_raw_label_srm,0.9,1.8,0.994,0.248075329358,low_d,0.9,0.812830516164,1.0,0.83163260287,12,0.003
Fig. 2(b),4,4-QAM,full_state_raw_label_srm,0.9,1.8,0.995,0.248067083077,full_d,0.9,0.812830516164,1.0,0.831327263473,12,0.004
Fig. 2(b),4,4-QAM,full_state_raw_label_srm,0.9,1.8,0.996,0.248058175371,low_d,0.9,0.812830516164,1.0,0.831021756366,12,0.003
Fig. 2(b),4,4-QAM,full_state_raw_label_srm,0.9,1.8,0.9975,0.24804357982,full_d,0.9,0.812830516164,1.0,0.830563182219,12,0.01
Fig. 2(b),4,4-QAM,full_state_raw_label_srm,0.9,1.8,0.998,0.248038386988,low_d,0.9,0.812830516164,1.0,0.830410240796,12,0.003
Fig. 2(b),4,4-QAM,full_state_raw_label_srm,0.9,1.8,1.0,0.248015986872,low_d,0.9,0.812830516164,1.0,0.829798059712,12,0.009
Fig. 2(b),4,4-QAM,full_state_raw_label_srm,0.9,1.8,1.002,0.247990997767,low_d,0.9,0.812830516164,0.999999999999,0.829185216673,12,0.022
Fig. 2(b),4,4-QAM,full_state_raw_label_srm,0.9,1.8,1.0025,0.247984348634,full_d,0.9,0.812830516164,1.0,0.8290319029,12,0.022
Fig. 2(b),4,4-QAM,full_state_raw_label_srm,0.9,1.8,1.004,0.247963442497,low_d,0.9,0.812830516164,1.0,0.828571715241,12,0.003
Fig. 2(b),4,4-QAM,full_state_raw_label_srm,0.9,1.8,1.005,0.247948709703,full_d,0.9,0.812830516164,1.0,0.828264718743,12,0.02
Fig. 2(b),4,4-QAM,full_state_raw_label_srm,0.9,1.8,1.006,0.247933343963,low_d,0.9,0.812830516164,1.0,0.827957558986,12,0.003
Fig. 2(b),4,4-QAM,full_state_raw_label_srm,0.9,1.8,1.0075,0.247909114864,full_d,0.9,0.812830516164,0.999999999999,0.827496514217,12,0.016
Fig. 2(b),4,4-QAM,full_state_raw_label_srm,0.9,1.8,1.008,0.247900725141,low_d,0.9,0.812830516164,1.0,0.827342751482,12,0.004
Fig. 2(b),4,4-QAM,full_state_raw_label_srm,0.9,1.8,1.01,0.247865609077,low_d,0.9,0.812830516164,1.0,0.826727296308,12,0.004
Fig. 2(b),4,4-QAM,full_state_raw_label_srm,0.9,1.8,1.012,0.247828018889,low_d,0.9,0.812830516164,0.999999999999,0.826111197049,12,0.06
Fig. 2(b),4,4-QAM,full_state_raw_label_srm,0.9,1.8,1.0125,0.247818237475,full_d,0.9,0.812830516164,1.0,0.825957072017,12,0.078
Fig. 2(b),4,4-QAM,full_state_raw_label_srm,0.9,1.8,1.014,0.247787977756,low_d,0.9,0.812830516164,1.0,0.825494457296,12,0.003
Fig. 2(b),4,4-QAM,full_state_raw_label_srm,0.9,1.8,1.015,0.247767045346,full_d,0.9,0.812830516164,1.0,0.825185848357,12,0.013
Fig. 2(b),4,4-QAM,full_state_raw_label_srm,0.9,1.8,1.016,0.247745508922,low_d,0.9,0.812830516164,1.0,0.824877080643,12,0.003
Fig. 2(b),4,4-QAM,full_state_raw_label_srm,0.9,1.8,1.0175,0.247712078135,full_d,0.9,0.812830516164,1.0,0.824413632353,12,0.025
Fig. 2(b),4,4-QAM,full_state_raw_label_srm,0.9,1.8,1.018,0.247700635692,low_d,0.9,0.812830516164,1.0,0.82425907069,12,0.003
Fig. 2(b),4,4-QAM,full_state_raw_label_srm,0.9,1.8,1.02,0.247653381427,low_d,0.9,0.812830516164,1.0,0.823640431042,12,0.063
Fig. 2(b),4,4-QAM,full_state_raw_label_srm,0.9,1.8,1.022,0.247603769542,low_d,0.9,0.812830516164,0.999999999999,0.823021165308,12,0.004
Fig. 2(b),4,4-QAM,full_state_raw_label_srm,0.9,1.8,1.0225,0.247591000941,full_d,0.9,0.812830516164,1.0,0.822866251472,12,0.004
Fig. 2(b),4,4-QAM,full_state_raw_label_srm,0.9,1.8,1.024,0.247551823503,low_d,0.9,0.812830516164,1.0,0.822401277101,12,0.004
Fig. 2(b),4,4-QAM,full_state_raw_label_srm,0.9,1.8,1.025,0.247524982523,full_d,0.9,0.812830516164,1.0,0.822091100702,12,0.003
Fig. 2(b),4,4-QAM,full_state_raw_label_srm,0.9,1.8,1.026,0.247497566827,low_d,0.9,0.812830516164,1.0,0.821780770041,12,0.003
Fig. 2(b),4,4-QAM,full_state_raw_label_srm,0.9,1.8,1.0275,0.247455372135,full_d,0.9,0.812830516164,1.0,0.821314985803,12,0.013
Fig. 2(b),4,4-QAM,full_state_raw_label_srm,0.9,1.8,1.028,0.247441023073,low_d,0.9,0.812830516164,1.0,0.82115964775,12,0.003
Fig. 2(b),4,4-QAM,full_state_raw_label_srm,0.9,1.8,1.03,0.247382215845,low_d,0.9,0.812830516164,1.0,0.820537913855,12,0.011
Fig. 2(b),4,4-QAM,full_state_raw_label_srm,0.9,1.8,1.032,0.247321168788,low_d,0.9,0.812830516164,1.0,0.819915571987,12,0.003
Fig. 2(b),4,4-QAM,full_state_raw_label_srm,0.9,1.8,1.0325,0.247305559824,full_d,0.9,0.812830516164,1.0,0.819759891951,12,0.003
Fig. 2(b),4,4-QAM,full_state_raw_label_srm,0.9,1.8,1.034,0.24725790558,low_d,0.9,0.812830516164,1.0,0.819292625782,12,0.024
Fig. 2(b),4,4-QAM,full_state_raw_label_srm,0.9,1.8,1.035,0.24722545033,full_d,0.9,0.812830516164,1.0,0.81898092719,12,0.003
Fig. 2(b),4,4-QAM,full_state_raw_label_srm,0.9,1.8,1.036,0.247192449938,low_d,0.9,0.812830516164,1.0,0.818669078878,12,0.003
Fig. 2(b),4,4-QAM,full_state_raw_label_srm,0.9,1.8,1.0375,0.247141933705,full_d,0.9,0.812830516164,1.0,0.818201026683,12,0.072
Fig. 2(b),4,4-QAM,full_state_raw_label_srm,0.9,1.8,1.038,0.247124825608,low_d,0.9,0.812830516164,0.999999999999,0.818044934919,12,0.004
Fig. 2(b),4,4-QAM,full_state_raw_label_srm,0.9,1.8,1.04,0.247055056363,low_d,0.9,0.812830516164,1.0,0.817420197551,12,0.004
Fig. 2(b),4,4-QAM,full_state_raw_label_srm,0.9,1.8,1.042,0.246983166005,low_d,0.9,0.812830516164,1.0,0.816794870425,12,0.003
Fig. 2(b),4,4-QAM,full_state_raw_label_srm,0.9,1.8,1.0425,0.246964864783,full_d,0.9,0.812830516164,1.0,0.816638446922,12,0.047
Fig. 2(b),4,4-QAM,full_state_raw_label_srm,0.9,1.8,1.044,0.246909178357,low_d,0.9,0.812830516164,1.0,0.816168957194,12,0.039
Fig. 2(b),4,4-QAM,full_state_raw_label_srm,0.9,1.8,1.045,0.246871405499,full_d,0.9,0.812830516164,1.0,0.815855781932,12,0.003
Fig. 2(b),4,4-QAM,full_state_raw_label_srm,0.9,1.8,1.046,0.246833117261,low_d,0.9,0.812830516164,1.0,0.815542461516,12,0.009
Fig. 2(b),4,4-QAM,full_state_raw_label_srm,0.9,1.8,1.0475,0.246774725092,full_d,0.9,0.812830516164,1.0,0.815072209729,12,0.003
Fig. 2(b),4,4-QAM,full_state_raw_label_srm,0.9,1.8,1.048,0.246755006578,low_d,0.9,0.812830516164,1.0,0.814915387052,12,0.003
Fig. 2(b),4,4-QAM,full_state_raw_label_srm,0.9,1.8,1.05,0.246674870182,low_d,0.9,0.812830516164,1.0,0.814287737464,12,0.035
Fig. 2(b),4,4-QAM,full_state_raw_label_srm,0.9,1.8,1.052,0.246592731961,low_d,0.9,0.812830516164,1.0,0.81365951642,12,0.003
Fig. 2(b),4,4-QAM,full_state_raw_label_srm,0.9,1.8,1.0525,0.24657188742,full_d,0.9,0.812830516164,1.0,0.813502372299,12,0.003
Fig. 2(b),4,4-QAM,full_state_raw_label_srm,0.9,1.8,1.054,0.246508615807,low_d,0.9,0.812830516164,1.0,0.81303072759,12,0.005
Fig. 2(b),4,4-QAM,full_state_raw_label_srm,0.9,1.8,1.055,0.246465823475,full_d,0.9,0.812830516164,1.0,0.812716121402,12,0.004
Fig. 2(b),4,4-QAM,full_state_raw_label_srm,0.9,1.8,1.056,0.246422545623,low_d,0.9,0.812830516164,1.0,0.812401374646,12,0.025
Fig. 2(b),4,4-QAM,full_state_raw_label_srm,0.9,1.8,1.0575,0.246356725032,full_d,0.9,0.812830516164,1.0,0.811928991948,12,0.003
Fig. 2(b),4,4-QAM,full_state_raw_label_srm,0.9,1.8,1.058,0.246334545312,low_d,0.9,0.812830516164,1.0,0.811771461263,12,0.005
Fig. 2(b),4,4-QAM,full_state_raw_label_srm,0.9,1.8,1.06,0.246244638778,low_d,0.9,0.812830516164,1.0,0.811140991119,12,0.004
Fig. 2(b),4,4-QAM,full_state_raw_label_srm,0.9,1.8,1.062,0.246152849922,low_d,0.9,0.812830516164,1.0,0.810509967895,12,0.018
Fig. 2(b),4,4-QAM,full_state_raw_label_srm,0.9,1.8,1.0625,0.246129611396,full_d,0.9,0.812830516164,1.0,0.810352126101,12,0.004
Fig. 2(b),4,4-QAM,full_state_raw_label_srm,0.9,1.8,1.064,0.246059202642,low_d,0.9,0.812830516164,1.0,0.809878395273,12,0.016
Fig. 2(b),4,4-QAM,full_state_raw_label_srm,0.9,1.8,1.065,0.246011689557,full_d,0.9,0.812830516164,1.0,0.809562404089,12,0.003
Fig. 2(b),4,4-QAM,full_state_raw_label_srm,0.9,1.8,1.066,0.245963720824,low_d,0.9,0.812830516164,1.0,0.809246276938,12,0.016
Fig. 2(b),4,4-QAM,full_state_raw_label_srm,0.9,1.8,1.0675,0.24589091991,full_d,0.9,0.812830516164,1.0,0.808771832281,12,0.003
Fig. 2(b),4,4-QAM,full_state_raw_label_srm,0.9,1.8,1.068,0.245866428347,low_d,0.9,0.812830516164,1.0,0.808613616578,12,0.014
Fig. 2(b),4,4-QAM,full_state_raw_label_srm,0.9,1.8,1.07,0.245767349074,low_d,0.9,0.812830516164,1.0,0.807980417882,12,0.072
Fig. 2(b),4,4-QAM,full_state_raw_label_srm,0.9,1.8,1.072,0.245666506853,low_d,0.9,0.812830516164,1.0,0.80734668454,12,0.037
Fig. 2(b),4,4-QAM,full_state_raw_label_srm,0.9,1.8,1.0725,0.24564102363,full_d,0.9,0.812830516164,1.0,0.807188168099,12,0.004
Fig. 2(b),4,4-QAM,full_state_raw_label_srm,0.9,1.8,1.074,0.245563925513,low_d,0.9,0.812830516164,1.0,0.806712420247,12,0.065
Fig. 2(b),4,4-QAM,full_state_raw_label_srm,0.9,1.8,1.075,0.245511990114,full_d,0.9,0.812830516164,1.0,0.806395090147,12,0.003
Fig. 2(b),4,4-QAM,full_state_raw_label_srm,0.9,1.8,1.076,0.24545962886,low_d,0.9,0.812830516164,1.0,0.806077628696,12,0.004
Fig. 2(b),4,4-QAM,full_state_raw_label_srm,0.9,1.8,1.0775,0.245380295004,full_d,0.9,0.812830516164,1.0,0.805601191243,12,0.003
Fig. 2(b),4,4-QAM,full_state_raw_label_srm,0.9,1.8,1.078,0.245353640677,low_d,0.9,0.812830516164,1.0,0.805442313584,12,0.003
Fig. 2(b),4,4-QAM,full_state_raw_label_srm,0.9,1.8,1.08,0.245245984719,low_d,0.9,0.812830516164,1.0,0.804806478608,12,0.004
Fig. 2(b),4,4-QAM,full_state_raw_label_srm,0.9,1.8,1.082,0.245136684711,low_d,0.9,0.812830516164,1.0,0.804170127468,12,0.003
Fig. 2(b),4,4-QAM,full_state_raw_label_srm,0.9,1.8,1.0825,0.245109105603,full_d,0.9,0.812830516164,1.0,0.804010959465,12,0.01
Fig. 2(b),4,4-QAM,full_state_raw_label_srm,0.9,1.8,1.084,0.245025764345,low_d,0.9,0.812830516164,1.0,0.803533263863,12,0.004
Fig. 2(b),4,4-QAM,full_state_raw_label_srm,0.9,1.8,1.085,0.244969703923,full_d,0.9,0.812830516164,1.0,0.803214641044,12,0.025
Fig. 2(b),4,4-QAM,full_state_raw_label_srm,0.9,1.8,1.086,0.244913247281,low_d,0.9,0.812830516164,1.0,0.802895891496,12,0.003
Fig. 2(b),4,4-QAM,full_state_raw_label_srm,0.9,1.8,1.0875,0.244827825858,full_d,0.9,0.812830516164,1.0,0.802417530573,12,0.036
Fig. 2(b),4,4-QAM,full_state_raw_label_srm,0.9,1.8,1.088,0.244799157136,low_d,0.9,0.812830516164,1.0,0.802258014069,12,0.003
Fig. 2(b),4,4-QAM,full_state_raw_label_srm,0.9,1.8,1.09,0.244683517492,low_d,0.9,0.812830516164,1.0,0.801619635285,12,0.004
Fig. 2(b),4,4-QAM,full_state_raw_label_srm,0.9,1.8,1.092,0.244566351883,low_d,0.9,0.812830516164,1.0,0.800980758849,12,0.01
Fig. 2(b),4,4-QAM,full_state_raw_label_srm,0.9,1.8,1.0925,0.244536824802,full_d,0.9,0.812830516164,1.0,0.800820962415,12,0.003
Fig. 2(b),4,4-QAM,full_state_raw_label_srm,0.9,1.8,1.094,0.2444476838,low_d,0.9,0.812830516164,1.0,0.800341388464,12,0.004
Fig. 2(b),4,4-QAM,full_state_raw_label_srm,0.9,1.8,1.095,0.244387793658,full_d,0.9,0.812830516164,1.0,0.800021519199,12,0.004
Fig. 2(b),4,4-QAM,full_state_raw_label_srm,0.9,1.8,1.096,0.244327536685,low_d,0.9,0.812830516164,1.0,0.799701527837,12,0.012
Fig. 2(b),4,4-QAM,full_state_raw_label_srm,0.9,1.8,1.0975,0.244236469808,full_d,0.9,0.812830516164,1.0,0.799221312875,12,0.003
Fig. 2(b),4,4-QAM,full_state_raw_label_srm,0.9,1.8,1.098,0.24420593393,low_d,0.9,0.812830516164,1.0,0.799061180674,12,0.021
Fig. 2(b),4,4-QAM,full_state_raw_label_srm,0.9,1.8,1.1,0.244082898873,low_d,0.9,0.812830516164,1.0,0.79842035068,12,0.012
Fig. 2(b),4,4-QAM,full_state_raw_label_srm,0.9,1.8,1.102,0.243958454794,low_d,0.9,0.812830516164,1.0,0.797779041562,12,0.017
Fig. 2(b),4,4-QAM,full_state_raw_label_srm,0.9,1.8,1.1025,0.243927126338,full_d,0.9,0.812830516164,1.0,0.797618639853,12,0.067
Fig. 2(b),4,4-QAM,full_state_raw_label_srm,0.9,1.8,1.104,0.243832624918,low_d,0.9,0.812830516164,1.0,0.797137257026,12,0.018
Fig. 2(b),4,4-QAM,full_state_raw_label_srm,0.9,1.8,1.105,0.243769197547,full_d,0.9,0.812830516164,1.0,0.796816187635,12,0.039
Fig. 2(b),4,4-QAM,full_state_raw_label_srm,0.9,1.8,1.106,0.243705432407,low_d,0.9,0.812830516164,1.0,0.796495000779,12,0.012
Fig. 2(b),4,4-QAM,full_state_raw_label_srm,0.9,1.8,1.1075,0.243609157691,full_d,0.9,0.812830516164,1.0,0.796013001264,12,0.003
Fig. 2(b),4,4-QAM,full_state_raw_label_srm,0.9,1.8,1.108,0.243576900358,low_d,0.9,0.812830516164,1.0,0.795852276528,12,0.02
Fig. 2(b),4,4-QAM,full_state_raw_label_srm,0.9,1.8,1.11,0.243447051804,low_d,0.9,0.812830516164,1.0,0.795209087978,12,0.017
Fig. 2(b),4,4-QAM,full_state_raw_label_srm,0.9,1.8,1.112,0.24331590971,low_d,0.9,0.812830516164,1.0,0.794565438836,12,0.015
Fig. 2(b),4,4-QAM,full_state_raw_label_srm,0.9,1.8,1.1125,0.243282924755,full_d,0.9,0.812830516164,1.0,0.794404455017,12,0.003
Fig. 2(b),4,4-QAM,full_state_raw_label_srm,0.9,1.8,1.114,0.243183496967,low_d,0.9,0.812830516164,1.0,0.793921332806,12,0.018
Fig. 2(b),4,4-QAM,full_state_raw_label_srm,0.9,1.8,1.115,0.243116821237,full_d,0.9,0.812830516164,1.0,0.793599109616,12,0.005
Fig. 2(b),4,4-QAM,full_state_raw_label_srm,0.9,1.8,1.116,0.243049836396,low_d,0.9,0.812830516164,1.0,0.793276773594,12,0.01
Fig. 2(b),4,4-QAM,full_state_raw_label_srm,0.9,1.8,1.1175,0.242948785765,full_d,0.9,0.812830516164,1.0,0.792793059012,12,0.041
Fig. 2(b),4,4-QAM,full_state_raw_label_srm,0.9,1.8,1.118,0.242914950741,low_d,0.9,0.812830516164,1.0,0.792631764904,12,0.014
Fig. 2(b),4,4-QAM,full_state_raw_label_srm,0.9,1.8,1.12,0.242778862665,low_d,0.9,0.812830516164,1.0,0.791986310439,12,0.013
Fig. 2(b),4,4-QAM,full_state_raw_label_srm,0.9,1.8,1.122,0.242641594754,low_d,0.9,0.812830516164,1.0,0.791340413901,12,0.016
Fig. 2(b),4,4-QAM,full_state_raw_label_srm,0.9,1.8,1.1225,0.242607096066,full_d,0.9,0.812830516164,1.0,0.791178871127,12,0.003
Fig. 2(b),4,4-QAM,full_state_raw_label_srm,0.9,1.8,1.124,0.24250316951,low_d,0.9,0.812830516164,1.0,0.790694078993,12,0.022
Fig. 2(b),4,4-QAM,full_state_raw_label_srm,0.9,1.8,1.125,0.242433529896,full_d,0.9,0.812830516164,1.0,0.790370748306,12,0.003
Fig. 2(b),4,4-QAM,full_state_raw_label_srm,0.9,1.8,1.126,0.242363609349,low_d,0.9,0.812830516164,1.0,0.790047309414,12,0.04
Fig. 2(b),4,4-QAM,full_state_raw_label_srm,0.9,1.8,1.1275,0.242258207873,full_d,0.9,0.812830516164,1.0,0.789561949203,12,0.003
Fig. 2(b),4,4-QAM,full_state_raw_label_srm,0.9,1.8,1.128,0.242222936598,low_d,0.9,0.812830516164,1.0,0.789400108864,12,0.004
Fig. 2(b),4,4-QAM,full_state_raw_label_srm,0.9,1.8,1.13,0.242081173498,low_d,0.9,0.812830516164,1.0,0.788752481041,12,0.056
Fig. 2(b),4,4-QAM,full_state_raw_label_srm,0.9,1.8,1.132,0.241938342193,low_d,0.9,0.812830516164,1.0,0.78810442964,12,0.003
Fig. 2(b),4,4-QAM,full_state_raw_label_srm,0.9,1.8,1.1325,0.241902470046,full_d,0.9,0.812830516164,1.0,0.78794235104,12,0.004
Fig. 2(b),4,4-QAM,full_state_raw_label_srm,0.9,1.8,1.134,0.241794464736,low_d,0.9,0.812830516164,1.0,0.787455958359,12,0.011
Fig. 2(b),4,4-QAM,full_state_raw_label_srm,0.9,1.8,1.135,0.241722140565,full_d,0.9,0.812830516164,1.0,0.787131566416,12,0.011
Fig. 2(b),4,4-QAM,full_state_raw_label_srm,0.9,1.8,1.136,0.241649563081,low_d,0.9,0.812830516164,1.0,0.786807070888,12,0.003
Fig. 2(b),4,4-QAM,full_state_raw_label_srm,0.9,1.8,1.1375,0.241540227862,full_d,0.9,0.812830516164,1.0,0.786320134382,12,0.003
Fig. 2(b),4,4-QAM,full_state_raw_label_srm,0.9,1.8,1.138,0.241503659085,low_d,0.9,0.812830516164,1.0,0.786157770921,12,0.072
Fig. 2(b),4,4-QAM,full_state_raw_label_srm,0.9,1.8,1.14,0.241356774501,low_d,0.9,0.812830516164,1.0,0.785508062146,12,0.004
Fig. 2(b),4,4-QAM,full_state_raw_label_srm,0.9,1.8,1.142,0.24120893098,low_d,0.9,0.812830516164,1.0,0.784857948252,12,0.003
Fig. 2(b),4,4-QAM,full_state_raw_label_srm,0.9,1.8,1.1425,0.241171822793,full_d,0.9,0.812830516164,1.0,0.784695356911,12,0.012
Fig. 2(b),4,4-QAM,full_state_raw_label_srm,0.9,1.8,1.144,0.241060150069,low_d,0.9,0.812830516164,1.0,0.784207432925,12,0.007
Fig. 2(b),4,4-QAM,full_state_raw_label_srm,0.9,1.8,1.145,0.240985414795,full_d,0.9,0.812830516164,1.0,0.783882025875,12,0.004
Fig. 2(b),4,4-QAM,full_state_raw_label_srm,0.9,1.8,1.146,0.240910453204,low_d,0.9,0.812830516164,1.0,0.783556519847,12,0.003
Fig. 2(b),4,4-QAM,full_state_raw_label_srm,0.9,1.8,1.1475,0.240797592296,full_d,0.9,0.812830516164,1.0,0.783068076231,12,0.004
Fig. 2(b),4,4-QAM,full_state_raw_label_srm,0.9,1.8,1.148,0.240759861715,low_d,0.9,0.812830516164,1.0,0.782905212701,12,0.02
Fig. 2(b),4,4-QAM,full_state_raw_label_srm,0.9,1.8,1.15,0.240608396816,low_d,0.9,0.812830516164,1.0,0.782253515166,12,0.003
Fig. 2(b),4,4-QAM,full_state_raw_label_srm,0.9,1.8,1.152,0.240456079609,low_d,0.9,0.812830516164,1.0,0.781601430917,12,0.004
Fig. 2(b),4,4-QAM,full_state_raw_label_srm,0.9,1.8,1.1525,0.240417869596,full_d,0.9,0.812830516164,1.0,0.781438349862,12,0.02
Fig. 2(b),4,4-QAM,full_state_raw_label_srm,0.9,1.8,1.154,0.240302931081,low_d,0.9,0.812830516164,1.0,0.78094896363,12,0.003
Fig. 2(b),4,4-QAM,full_state_raw_label_srm,0.9,1.8,1.155,0.240226051597,full_d,0.9,0.812830516164,1.0,0.780622587494,12,0.013
Fig. 2(b),4,4-QAM,full_state_raw_label_srm,0.9,1.8,1.156,0.240148972098,low_d,0.9,0.812830516164,1.0,0.780296116975,12,0.003
Fig. 2(b),4,4-QAM,full_state_raw_label_srm,0.9,1.8,1.1575,0.240032983486,full_d,0.9,0.812830516164,1.0,0.779806235231,12,0.027
Fig. 2(b),4,4-QAM,full_state_raw_label_srm,0.9,1.8,1.158,0.239994223409,low_d,0.9,0.812830516164,1.0,0.779642894622,12,0.027
Fig. 2(b),4,4-QAM,full_state_raw_label_srm,0.9,1.8,1.16,0.239838705638,low_d,0.9,0.812830516164,1.0,0.778989300235,12,0.043
Fig. 2(b),4,4-QAM,full_state_raw_label_srm,0.9,1.8,1.1625,0.239643258125,full_d,0.9,0.812830516164,1.0,0.77817178966,12,0.019
Fig. 2(b),4,4-QAM,full_state_raw_label_srm,0.9,1.8,1.165,0.23944668071,full_d,0.9,0.812830516164,1.0,0.777353710654,12,0.02
Fig. 2(b),4,4-QAM,full_state_raw_label_srm,0.9,1.8,1.1675,0.239249012845,full_d,0.9,0.812830516164,1.0,0.776535070356,12,0.003
Fig. 2(b),4,4-QAM,full_state_raw_label_srm,0.9,1.8,1.17,0.239050293661,full_d,0.9,0.812830516164,1.0,0.775715875899,12,0.003
Fig. 2(b),4,4-QAM,full_state_raw_label_srm,0.9,1.8,1.1725,0.238850561965,full_d,0.9,0.812830516164,1.0,0.774896134405,12,0.004
Fig. 2(b),4,4-QAM,full_state_raw_label_srm,0.9,1.8,1.175,0.238649856233,full_d,0.9,0.812830516164,1.0,0.77407585299,12,0.018
Fig. 2(b),4,4-QAM,full_state_raw_label_srm,0.9,1.8,1.1775,0.238448214606,full_d,0.9,0.812830516164,1.0,0.773255038759,12,0.049
Fig. 2(b),4,4-QAM,full_state_raw_label_srm,0.9,1.8,1.18,0.238245674883,bridge,0.9,0.812830516164,1.0,0.77243369881,12,0.004
Fig. 2(b),4,4-QAM,full_state_raw_label_srm,0.9,1.8,1.1825,0.238042274518,full_d,0.9,0.812830516164,1.0,0.77161184023,12,0.061
Fig. 2(b),4,4-QAM,full_state_raw_label_srm,0.9,1.8,1.185,0.237838050611,full_d,0.9,0.812830516164,1.0,0.770789470097,12,0.003
Fig. 2(b),4,4-QAM,full_state_raw_label_srm,0.9,1.8,1.1875,0.237633039908,full_d,0.9,0.812830516164,1.0,0.769966595479,12,0.022
Fig. 2(b),4,4-QAM,full_state_raw_label_srm,0.9,1.8,1.19,0.237427278792,full_d,0.9,0.812830516164,1.0,0.769143223434,12,0.003
Fig. 2(b),4,4-QAM,full_state_raw_label_srm,0.9,1.8,1.1925,0.237220803281,full_d,0.9,0.812830516164,1.0,0.76831936101,12,0.003
Fig. 2(b),4,4-QAM,full_state_raw_label_srm,0.9,1.8,1.195,0.23701364902,full_d,0.9,0.812830516164,1.0,0.767495015243,12,0.003
Fig. 2(b),4,4-QAM,full_state_raw_label_srm,0.9,1.8,1.196,0.236930605178,bridge,0.9,0.812830516164,1.0,0.767165143175,12,0.003
Fig. 2(b),4,4-QAM,full_state_raw_label_srm,0.9,1.8,1.1975,0.237008146263,full_d,0.9,0.812830516164,1.0,0.76667019316,14,0.009
Fig. 2(b),4,4-QAM,full_state_raw_label_srm,0.9,1.8,1.2,0.237225958777,full_d,0.9,0.812830516164,1.0,0.765844901774,14,0.004
Fig. 2(b),4,4-QAM,full_state_raw_label_srm,0.9,1.8,1.2025,0.237439428184,full_d,0.9,0.812830516164,1.0,0.765019148089,14,0.037
Fig. 2(b),4,4-QAM,full_state_raw_label_srm,0.9,1.8,1.205,0.237648562575,full_d,0.9,0.812830516164,1.0,0.764192939096,14,0.003
Fig. 2(b),4,4-QAM,full_state_raw_label_srm,0.9,1.8,1.2075,0.237853370698,full_d,0.9,0.812830516164,1.0,0.763366281775,14,0.003
Fig. 2(b),4,4-QAM,full_state_raw_label_srm,0.9,1.8,1.21,0.23805386195,full_d,0.9,0.812830516164,1.0,0.762539183094,14,0.003
Fig. 2(b),4,4-QAM,full_state_raw_label_srm,0.9,1.8,1.212,0.238211153529,bridge,0.9,0.812830516164,1.0,0.761877191043,14,0.003
Fig. 2(b),4,4-QAM,full_state_raw_label_srm,0.9,1.8,1.2125,0.23825004637,full_d,0.9,0.812830516164,1.0,0.761711650007,14,0.012
Fig. 2(b),4,4-QAM,full_state_raw_label_srm,0.9,1.8,1.215,0.238441934629,full_d,0.9,0.812830516164,1.0,0.760883689456,14,0.004
Fig. 2(b),4,4-QAM,full_state_raw_label_srm,0.9,1.8,1.2175,0.238629538025,full_d,0.9,0.812830516164,1.0,0.760055308372,14,0.015
Fig. 2(b),4,4-QAM,full_state_raw_label_srm,0.9,1.8,1.22,0.23881286847,full_d,0.9,0.812830516164,1.0,0.759226513669,14,0.041
Fig. 2(b),4,4-QAM,full_state_raw_label_srm,0.9,1.8,1.2225,0.238991938484,full_d,0.9,0.812830516164,1.0,0.758397312252,14,0.031
Fig. 2(b),4,4-QAM,full_state_raw_label_srm,0.9,1.8,1.225,0.239166761185,full_d,0.9,0.812830516164,1.0,0.757567711009,14,0.014
Fig. 2(b),4,4-QAM,full_state_raw_label_srm,0.9,1.8,1.2275,0.239337350281,full_d,0.9,0.812830516164,1.0,0.756737716816,14,0.003
Fig. 2(b),4,4-QAM,full_state_raw_label_srm,0.9,1.8,1.228,0.239370961315,bridge,0.9,0.812830516164,1.0,0.756571671428,14,0.004
Fig. 2(b),4,4-QAM,full_state_raw_label_srm,0.9,1.8,1.23,0.239503720059,full_d,0.9,0.812830516164,1.0,0.755907336535,14,0.003
Fig. 2(b),4,4-QAM,full_state_raw_label_srm,0.9,1.8,1.2325,0.239665885377,full_d,0.9,0.812830516164,1.0,0.755076577013,14,0.075
Fig. 2(b),4,4-QAM,full_state_raw_label_srm,0.9,1.8,1.235,0.239823861651,full_d,0.9,0.812830516164,1.0,0.754245445082,14,0.004
Fig. 2(b),4,4-QAM,full_state_raw_label_srm,0.9,1.8,1.2375,0.239977664851,full_d,0.9,0.812830516164,1.0,0.753413947562,14,0.003
Fig. 2(b),4,4-QAM,full_state_raw_label_srm,0.9,1.8,1.24,0.240127311483,full_d,0.9,0.812830516164,1.0,0.752582091255,14,0.003
Fig. 2(b),4,4-QAM,full_state_raw_label_srm,0.9,1.8,1.2425,0.240272818588,full_d,0.9,0.812830516164,1.0,0.75174988295,14,0.098
Fig. 2(b),4,4-QAM,full_state_raw_label_srm,0.9,1.8,1.244,0.240358143159,bridge,0.9,0.812830516164,1.0,0.751250391826,14,0.003
Fig. 2(b),4,4-QAM,full_state_raw_label_srm,0.9,1.8,1.245,0.240414203721,full_d,0.9,0.812830516164,1.0,0.75091732942,14,0.003
Fig. 2(b),4,4-QAM,full_state_raw_label_srm,0.9,1.8,1.2475,0.240551484952,full_d,0.9,0.812830516164,1.0,0.750084437422,14,0.034
Fig. 2(b),4,4-QAM,full_state_raw_label_srm,0.9,1.8,1.25,0.240684680844,full_d,0.9,0.812830516164,1.0,0.749251213697,14,0.003
Fig. 2(b),4,4-QAM,full_state_raw_label_srm,0.9,1.8,1.2525,0.24081381045,full_d,0.9,0.812830516164,1.0,0.748417664973,14,0.003
Fig. 2(b),4,4-QAM,full_state_raw_label_srm,0.9,1.8,1.255,0.240938893301,full_d,0.9,0.812830516164,1.0,0.747583797959,14,0.003
Fig. 2(b),4,4-QAM,full_state_raw_label_srm,0.9,1.8,1.2575,0.24105994939,full_d,0.9,0.812830516164,1.0,0.746749619348,14,0.003
Fig. 2(b),4,4-QAM,full_state_raw_label_srm,0.9,1.8,1.26,0.241176999168,bridge,0.9,0.812830516164,1.0,0.745915135817,14,0.019
Fig. 2(b),4,4-QAM,full_state_raw_label_srm,0.9,1.8,1.2625,0.241290063528,full_d,0.9,0.812830516164,1.0,0.745080354027,14,0.003
Fig. 2(b),4,4-QAM,full_state_raw_label_srm,0.9,1.8,1.265,0.241399163794,full_d,0.9,0.812830516164,1.0,0.744245280622,14,0.004
Fig. 2(b),4,4-QAM,full_state_raw_label_srm,0.9,1.8,1.2675,0.241504321711,full_d,0.9,0.812830516164,1.0,0.743409922228,14,0.003
Fig. 2(b),4,4-QAM,full_state_raw_label_srm,0.9,1.8,1.27,0.241605559433,full_d,0.9,0.812830516164,1.0,0.742574285454,14,0.003
Fig. 2(b),4,4-QAM,full_state_raw_label_srm,0.9,1.8,1.2725,0.241702899512,full_d,0.9,0.812830516164,1.0,0.741738376893,14,0.01
Fig. 2(b),4,4-QAM,full_state_raw_label_srm,0.9,1.8,1.275,0.241796364886,full_d,0.9,0.812830516164,1.0,0.740902203118,14,0.029
Fig. 2(b),4,4-QAM,full_state_raw_label_srm,0.9,1.8,1.276,0.241832671328,bridge,0.9,0.812830516164,1.0,0.740567660817,14,0.004
Fig. 2(b),4,4-QAM,full_state_raw_label_srm,0.9,1.8,1.2775,0.241885978867,full_d,0.9,0.812830516164,1.0,0.740065770686,14,0.003
Fig. 2(b),4,4-QAM,full_state_raw_label_srm,0.9,1.8,1.28,0.24197176513,full_d,0.9,0.812830516164,1.0,0.739229086136,14,0.003
Fig. 2(b),4,4-QAM,full_state_raw_label_srm,0.9,1.8,1.2825,0.242053747699,full_d,0.9,0.812830516164,1.0,0.738392155989,14,0.003
Fig. 2(b),4,4-QAM,full_state_raw_label_srm,0.9,1.8,1.285,0.24213195094,full_d,0.9,0.812830516164,1.0,0.737554986746,14,0.003
Fig. 2(b),4,4-QAM,full_state_raw_label_srm,0.9,1.8,1.2875,0.242206399545,full_d,0.9,0.812830516164,1.0,0.736717584891,14,0.008
Fig. 2(b),4,4-QAM,full_state_raw_label_srm,0.9,1.8,1.29,0.242277118521,full_d,0.9,0.812830516164,1.0,0.735879956889,14,0.04
Fig. 2(b),4,4-QAM,full_state_raw_label_srm,0.9,1.8,1.292,0.242331025369,bridge,0.9,0.812830516164,1.0,0.735209695995,14,0.003
Fig. 2(b),4,4-QAM,full_state_raw_label_srm,0.9,1.8,1.2925,0.242344133181,full_d,0.9,0.812830516164,1.0,0.735042109188,14,0.003
Fig. 2(b),4,4-QAM,full_state_raw_label_srm,0.9,1.8,1.295,0.242407469128,full_d,0.9,0.812830516164,1.0,0.734204048213,14,0.004
Fig. 2(b),4,4-QAM,full_state_raw_label_srm,0.9,1.8,1.2975,0.242467152246,full_d,0.9,0.812830516164,1.0,0.733365780373,14,0.024
Fig. 2(b),4,4-QAM,full_state_raw_label_srm,0.9,1.8,1.3,0.242523208688,full_d,0.9,0.812830516164,1.0,0.732527312057,14,0.004
Fig. 2(b),4,4-QAM,full_state_raw_label_srm,0.9,1.8,1.3025,0.242575664863,full_d,0.9,0.812830516164,1.0,0.731688649634,14,0.003
Fig. 2(b),4,4-QAM,full_state_raw_label_srm,0.9,1.8,1.305,0.242624547427,full_d,0.9,0.812830516164,1.0,0.730849799455,14,0.005
Fig. 2(b),4,4-QAM,full_state_raw_label_srm,0.9,1.8,1.3075,0.242669883266,full_d,0.9,0.812830516164,1.0,0.730010767848,14,0.003
Fig. 2(b),4,4-QAM,full_state_raw_label_srm,0.9,1.8,1.308,0.242678527209,bridge,0.9,0.812830516164,1.0,0.729842940311,14,0.032
Fig. 2(b),4,4-QAM,full_state_raw_label_srm,0.9,1.8,1.31,0.242711699492,full_d,0.9,0.812830516164,1.0,0.729171561125,14,0.003
Fig. 2(b),4,4-QAM,full_state_raw_label_srm,0.9,1.8,1.3125,0.242750023424,full_d,0.9,0.812830516164,1.0,0.728332185574,14,0.005
Fig. 2(b),4,4-QAM,full_state_raw_label_srm,0.9,1.8,1.315,0.242784882582,full_d,0.9,0.812830516164,1.0,0.727492647465,14,0.056
Fig. 2(b),4,4-QAM,full_state_raw_label_srm,0.9,1.8,1.3175,0.24281630467,full_d,0.9,0.812830516164,1.0,0.726652953048,14,0.014
Fig. 2(b),4,4-QAM,full_state_raw_label_srm,0.9,1.8,1.32,0.242844317571,full_d,0.9,0.812830516164,1.0,0.725813108551,14,0.044
Fig. 2(b),4,4-QAM,full_state_raw_label_srm,0.9,1.8,1.3225,0.242868949331,full_d,0.9,0.812830516164,1.0,0.724973120181,14,0.037
Fig. 2(b),4,4-QAM,full_state_raw_label_srm,0.9,1.8,1.324,0.242882117164,bridge,0.9,0.812830516164,1.0,0.724469060675,14,0.003
Fig. 2(b),4,4-QAM,full_state_raw_label_srm,0.9,1.8,1.325,0.242890228149,full_d,0.9,0.812830516164,1.0,0.724132994126,14,0.003
Fig. 2(b),4,4-QAM,full_state_raw_label_srm,0.9,1.8,1.3275,0.242908182366,full_d,0.9,0.812830516164,1.0,0.723292736552,14,0.005
Fig. 2(b),4,4-QAM,full_state_raw_label_srm,0.9,1.8,1.33,0.242922840453,full_d,0.9,0.812830516164,1.0,0.722452353603,14,0.003
Fig. 2(b),4,4-QAM,full_state_raw_label_srm,0.9,1.8,1.3325,0.242934231003,full_d,0.9,0.812830516164,1.0,0.721611851402,14,0.004
Fig. 2(b),4,4-QAM,full_state_raw_label_srm,0.9,1.8,1.335,0.242942382715,full_d,0.9,0.812830516164,1.0,0.720771236052,14,0.003
Fig. 2(b),4,4-QAM,full_state_raw_label_srm,0.9,1.8,1.3375,0.242947324387,full_d,0.9,0.812830516164,1.0,0.719930513632,14,0.003
Fig. 2(b),4,4-QAM,full_state_raw_label_srm,0.9,1.8,1.34,0.242949084904,bridge,0.9,0.812830516164,1.0,0.719089690201,14,0.031
Fig. 2(b),4,4-QAM,full_state_raw_label_srm,0.9,1.8,1.3425,0.242947693229,full_d,0.9,0.812830516164,1.0,0.718248771795,14,0.003
Fig. 2(b),4,4-QAM,full_state_raw_label_srm,0.9,1.8,1.345,0.242943178388,full_d,0.9,0.812830516164,1.0,0.717407764428,14,0.044
Fig. 2(b),4,4-QAM,full_state_raw_label_srm,0.9,1.8,1.3475,0.242935569464,full_d,0.9,0.812830516164,1.0,0.716566674094,14,0.027
Fig. 2(b),4,4-QAM,full_state_raw_label_srm,0.9,1.8,1.35,0.242924895586,full_d,0.9,0.812830516164,1.0,0.715725506761,14,0.003
Fig. 2(b),4,4-QAM,full_state_raw_label_srm,0.9,1.8,1.3525,0.242911185917,full_d,0.9,0.812830516164,1.0,0.714884268377,14,0.003
Fig. 2(b),4,4-QAM,full_state_raw_label_srm,0.9,1.8,1.355,0.242894469644,full_d,0.9,0.812830516164,1.0,0.714042964866,14,0.007
Fig. 2(b),4,4-QAM,full_state_raw_label_srm,0.9,1.8,1.356,0.242886947827,bridge,0.9,0.812830516164,1.0,0.713706426549,14,0.048
Fig. 2(b),4,4-QAM,full_state_raw_label_srm,0.9,1.8,1.3575,0.24287477597,full_d,0.9,0.812830516164,1.0,0.713201602131,14,0.003
Fig. 2(b),4,4-QAM,full_state_raw_label_srm,0.9,1.8,1.36,0.242852134105,full_d,0.9,0.812830516164,1.0,0.712360186051,14,0.028
Fig. 2(b),4,4-QAM,full_state_raw_label_srm,0.9,1.8,1.3625,0.24282657325,full_d,0.9,0.812830516164,1.0,0.71151872248,14,0.003
Fig. 2(b),4,4-QAM,full_state_raw_label_srm,0.9,1.8,1.365,0.242798122596,full_d,0.9,0.812830516164,1.0,0.710677217253,14,0.003
Fig. 2(b),4,4-QAM,full_state_raw_label_srm,0.9,1.8,1.3675,0.242766811309,full_d,0.9,0.812830516164,1.0,0.709835676179,14,0.029
Fig. 2(b),4,4-QAM,full_state_raw_label_srm,0.9,1.8,1.37,0.242732668521,full_d,0.9,0.812830516164,1.0,0.708994105043,14,0.007
Fig. 2(b),4,4-QAM,full_state_raw_label_srm,0.9,1.8,1.372,0.242703335163,bridge,0.9,0.812830516164,1.0,0.708320830363,14,0.003
Fig. 2(b),4,4-QAM,full_state_raw_label_srm,0.9,1.8,1.3725,0.242695723326,full_d,0.9,0.812830516164,1.0,0.708152509608,14,0.053
Fig. 2(b),4,4-QAM,full_state_raw_label_srm,0.9,1.8,1.375,0.242656004762,full_d,0.9,0.812830516164,1.0,0.707310895614,14,0.014
Fig. 2(b),4,4-QAM,full_state_raw_label_srm,0.9,1.8,1.3775,0.242613541811,full_d,0.9,0.812830516164,1.0,0.706469268774,14,0.003
Fig. 2(b),4,4-QAM,full_state_raw_label_srm,0.9,1.8,1.38,0.242568363386,full_d,0.9,0.812830516164,1.0,0.70562763478,14,0.003
Fig. 2(b),4,4-QAM,full_state_raw_label_srm,0.9,1.8,1.3825,0.242520498324,full_d,0.9,0.812830516164,1.0,0.7047859993,14,0.03
Fig. 2(b),4,4-QAM,full_state_raw_label_srm,0.9,1.8,1.385,0.242469975374,full_d,0.9,0.812830516164,1.0,0.703944367975,14,0.019
Fig. 2(b),4,4-QAM,full_state_raw_label_srm,0.9,1.8,1.3875,0.242416823194,full_d,0.9,0.812830516164,1.0,0.703102746424,14,0.007
Fig. 2(b),4,4-QAM,full_state_raw_label_srm,0.9,1.8,1.388,0.242405879765,bridge,0.9,0.812830516164,1.0,0.702934423779,14,0.003
Fig. 2(b),4,4-QAM,full_state_raw_label_srm,0.9,1.8,1.39,0.242361070341,full_d,0.9,0.812830516164,1.0,0.702261140242,14,0.003
Fig. 2(b),4,4-QAM,full_state_raw_label_srm,0.9,1.8,1.3925,0.242302745261,full_d,0.9,0.812830516164,1.0,0.701419554997,14,0.003
Fig. 2(b),4,4-QAM,full_state_raw_label_srm,0.9,1.8,1.395,0.242241876285,full_d,0.9,0.812830516164,1.0,0.700577996236,14,0.015
Fig. 2(b),4,4-QAM,full_state_raw_label_srm,0.9,1.8,1.3975,0.242178491618,full_d,0.9,0.812830516164,1.0,0.699736469477,14,0.004
Fig. 2(b),4,4-QAM,full_state_raw_label_srm,0.9,1.8,1.4,0.242112619334,full_d,0.9,0.812830516164,1.0,0.698894980217,14,0.005
Fig. 2(b),4,4-QAM,full_state_raw_label_srm,0.9,1.8,1.4025,0.242044287368,full_d,0.9,0.812830516164,1.0,0.698053533926,14,0.043
Fig. 2(b),4,4-QAM,full_state_raw_label_srm,0.9,1.8,1.404,0.242002119106,bridge,0.9,0.812830516164,1.0,0.697548689042,14,0.003
Fig. 2(b),4,4-QAM,full_state_raw_label_srm,0.9,1.8,1.405,0.241973523507,full_d,0.9,0.812830516164,1.0,0.697212136048,14,0.053
Fig. 2(b),4,4-QAM,full_state_raw_label_srm,0.9,1.8,1.4075,0.241900355387,full_d,0.9,0.812830516164,1.0,0.696370792005,14,0.021
Fig. 2(b),4,4-QAM,full_state_raw_label_srm,0.9,1.8,1.41,0.241824810485,full_d,0.9,0.812830516164,1.0,0.69552950719,14,0.004
Fig. 2(b),4,4-QAM,full_state_raw_label_srm,0.9,1.8,1.4125,0.24174691611,full_d,0.9,0.812830516164,1.0,0.694688286973,14,0.003
Fig. 2(b),4,4-QAM,full_state_raw_label_srm,0.9,1.8,1.415,0.241666699398,full_d,0.9,0.812830516164,1.0,0.693847136699,14,0.003
Fig. 2(b),4,4-QAM,full_state_raw_label_srm,0.9,1.8,1.4175,0.241584187307,full_d,0.9,0.812830516164,1.0,0.693006061685,14,0.003
Fig. 2(b),4,4-QAM,full_state_raw_label_srm,0.9,1.8,1.42,0.241499406611,bridge,0.9,0.812830516164,1.0,0.692165067224,14,0.01
Fig. 2(b),4,4-QAM,full_state_raw_label_srm,0.9,1.8,1.4225,0.241412383892,full_d,0.9,0.812830516164,1.0,0.691324158583,14,0.043
Fig. 2(b),4,4-QAM,full_state_raw_label_srm,0.9,1.8,1.425,0.241323145535,full_d,0.9,0.812830516164,1.0,0.690483341003,14,0.003
Fig. 2(b),4,4-QAM,full_state_raw_label_srm,0.9,1.8,1.4275,0.241231717725,full_d,0.9,0.812830516164,1.0,0.689642619699,14,0.003
Fig. 2(b),4,4-QAM,full_state_raw_label_srm,0.9,1.8,1.43,0.241138126438,full_d,0.9,0.812830516164,1.0,0.688801999861,14,0.003
Fig. 2(b),4,4-QAM,full_state_raw_label_srm,0.9,1.8,1.4325,0.241042397437,full_d,0.9,0.812830516164,1.0,0.687961486651,14,0.003
Fig. 2(b),4,4-QAM,full_state_raw_label_srm,0.9,1.8,1.435,0.240944556269,full_d,0.9,0.812830516164,1.0,0.687121085207,14,0.037
Fig. 2(b),4,4-QAM,full_state_raw_label_srm,0.9,1.8,1.436,0.240904834075,bridge,0.9,0.812830516164,1.0,0.686784957069,14,0.023
Fig. 2(b),4,4-QAM,full_state_raw_label_srm,0.9,1.8,1.4375,0.240844628258,full_d,0.9,0.812830516164,1.0,0.686280800639,14,0.003
Fig. 2(b),4,4-QAM,full_state_raw_label_srm,0.9,1.8,1.44,0.2407426385,full_d,0.9,0.812830516164,1.0,0.68544063803,14,0.003
Fig. 2(b),4,4-QAM,full_state_raw_label_srm,0.9,1.8,1.4425,0.240638611859,full_d,0.9,0.812830516164,1.0,0.68460060244,14,0.003
Fig. 2(b),4,4-QAM,full_state_raw_label_srm,0.9,1.8,1.445,0.240532572965,full_d,0.9,0.812830516164,1.0,0.6837606989,14,0.007
Fig. 2(b),4,4-QAM,full_state_raw_label_srm,0.9,1.8,1.4475,0.240424546206,full_d,0.9,0.812830516164,1.0,0.682920932414,14,0.012
Fig. 2(b),4,4-QAM,full_state_raw_label_srm,0.9,1.8,1.45,0.240314555725,full_d,0.9,0.812830516164,1.0,0.682081307962,14,0.003
Fig. 2(b),4,4-QAM,full_state_raw_label_srm,0.9,1.8,1.452,0.240225165528,bridge,0.9,0.812830516164,1.0,0.681409713992,14,0.07
Fig. 2(b),4,4-QAM,full_state_raw_label_srm,0.9,1.8,1.4525,0.24022183866,full_d,0.9,0.812830516164,1.0,0.681241830494,16,0.032
Fig. 2(b),4,4-QAM,full_state_raw_label_srm,0.9,1.8,1.455,0.240635768057,full_d,0.9,0.812830516164,1.0,0.680402504936,16,0.007
Fig. 2(b),4,4-QAM,full_state_raw_label_srm,0.9,1.8,1.4575,0.241045817594,full_d,0.9,0.812830516164,1.0,0.679563336186,16,0.031
Fig. 2(b),4,4-QAM,full_state_raw_label_srm,0.9,1.8,1.46,0.241451974147,full_d,0.9,0.812830516164,1.0,0.678724329116,16,0.029
Fig. 2(b),4,4-QAM,full_state_raw_label_srm,0.9,1.8,1.4625,0.241854224651,full_d,0.9,0.812830516164,1.0,0.677885488571,16,0.003
Fig. 2(b),4,4-QAM,full_state_raw_label_srm,0.9,1.8,1.465,0.242252556107,full_d,0.9,0.812830516164,1.0,0.677046819368,16,0.003
Fig. 2(b),4,4-QAM,full_state_raw_label_srm,0.9,1.8,1.4675,0.242646955583,full_d,0.9,0.812830516164,1.0,0.676208326299,16,0.003
Fig. 2(b),4,4-QAM,full_state_raw_label_srm,0.9,1.8,1.468,0.242725362508,bridge,0.9,0.812830516164,1.0,0.67604064924,16,0.003
Fig. 2(b),4,4-QAM,full_state_raw_label_srm,0.9,1.8,1.47,0.243037410216,full_d,0.9,0.812830516164,1.0,0.675370014127,16,0.008
Fig. 2(b),4,4-QAM,full_state_raw_label_srm,0.9,1.8,1.4725,0.243423907217,full_d,0.9,0.812830516164,1.0,0.674531887589,16,0.037
Fig. 2(b),4,4-QAM,full_state_raw_label_srm,0.9,1.8,1.475,0.243806433873,full_d,0.9,0.812830516164,1.0,0.673693951396,16,0.019
Fig. 2(b),4,4-QAM,full_state_raw_label_srm,0.9,1.8,1.4775,0.244184977553,full_d,0.9,0.812830516164,1.0,0.672856210231,16,0.018
Fig. 2(b),4,4-QAM,full_state_raw_label_srm,0.9,1.8,1.48,0.244559525708,full_d,0.9,0.812830516164,1.0,0.672018668749,16,0.003
Fig. 2(b),4,4-QAM,full_state_raw_label_srm,0.9,1.8,1.4825,0.244930065878,full_d,0.9,0.812830516164,1.0,0.67118133158,16,0.003
Fig. 2(b),4,4-QAM,full_state_raw_label_srm,0.9,1.8,1.484,0.245150460997,bridge,0.9,0.812830516164,1.0,0.670679029264,16,0.004
Fig. 2(b),4,4-QAM,full_state_raw_label_srm,0.9,1.8,1.485,0.245296585693,full_d,0.9,0.812830516164,1.0,0.670344203326,16,0.003
Fig. 2(b),4,4-QAM,full_state_raw_label_srm,0.9,1.8,1.4875,0.245659072878,full_d,0.9,0.812830516164,1.0,0.669507288561,16,0.015
Fig. 2(b),4,4-QAM,full_state_raw_label_srm,0.9,1.8,1.49,0.246017515255,full_d,0.9,0.812830516164,1.0,0.668670591833,16,0.032
Fig. 2(b),4,4-QAM,full_state_raw_label_srm,0.9,1.8,1.4925,0.24637190075,full_d,0.9,0.812830516164,1.0,0.667834117663,16,0.003
Fig. 2(b),4,4-QAM,full_state_raw_label_srm,0.9,1.8,1.495,0.246722217392,full_d,0.9,0.812830516164,1.0,0.666997870544,16,0.015
Fig. 2(b),4,4-QAM,full_state_raw_label_srm,0.9,1.8,1.4975,0.247068453322,full_d,0.9,0.812830516164,1.0,0.666161854944,16,0.038
Fig. 2(b),4,4-QAM,full_state_raw_label_srm,0.9,1.8,1.5,0.247410596791,bridge,0.9,0.812830516164,1.0,0.6653260753,16,0.003
Fig. 2(b),4,4-QAM,full_state_raw_label_srm,0.9,1.8,1.5025,0.247748636169,full_d,0.9,0.812830516164,1.0,0.664490536027,16,0.003
Fig. 2(b),4,4-QAM,full_state_raw_label_srm,0.9,1.8,1.505,0.248082559945,full_d,0.9,0.812830516164,1.0,0.66365524151,16,0.032
Fig. 2(b),4,4-QAM,full_state_raw_label_srm,0.9,1.8,1.5075,0.248412356731,full_d,0.9,0.812830516164,1.0,0.662820196106,16,0.003
Fig. 2(b),4,4-QAM,full_state_raw_label_srm,0.9,1.8,1.51,0.248738015268,full_d,0.9,0.812830516164,1.0,0.661985404147,16,0.003
Fig. 2(b),4,4-QAM,full_state_raw_label_srm,0.9,1.8,1.5125,0.249059524429,full_d,0.9,0.812830516164,1.0,0.661150869939,16,0.066
Fig. 2(b),4,4-QAM,full_state_raw_label_srm,0.9,1.8,1.515,0.249376873219,full_d,0.9,0.812830516164,1.0,0.660316597758,16,0.003
Fig. 2(b),4,4-QAM,full_state_raw_label_srm,0.9,1.8,1.5175,0.249690050783,full_d,0.9,0.812830516164,1.0,0.659482591855,16,0.003
Fig. 2(b),4,4-QAM,full_state_raw_label_srm,0.9,1.8,1.52,0.24999904641,high_d,0.9,0.812830516164,1.0,0.658648856454,16,0.004
Fig. 2(b),4,4-QAM,full_state_raw_label_srm,0.9,1.8,1.522,0.250243224809,high_d,0.9,0.812830516164,1.0,0.657982065716,16,0.02
Fig. 2(b),4,4-QAM,full_state_raw_label_srm,0.9,1.8,1.5225,0.25030384953,full_d,0.9,0.812830516164,1.0,0.657815395753,16,0.003
Fig. 2(b),4,4-QAM,full_state_raw_label_srm,0.9,1.8,1.524,0.25048471466,high_d,0.9,0.812830516164,1.0,0.657315452924,16,0.003
Fig. 2(b),4,4-QAM,full_state_raw_label_srm,0.9,1.8,1.525,0.250604449727,full_d,0.9,0.812830516164,1.0,0.656982213921,16,0.004
Fig. 2(b),4,4-QAM,full_state_raw_label_srm,0.9,1.8,1.526,0.250723510682,high_d,0.9,0.812830516164,1.0,0.656649020201,16,0.007
Fig. 2(b),4,4-QAM,full_state_raw_label_srm,0.9,1.8,1.5275,0.250900836734,full_d,0.9,0.812830516164,1.0,0.656149315104,16,0.003
Fig. 2(b),4,4-QAM,full_state_raw_label_srm,0.9,1.8,1.528,0.25095960766,high_d,0.9,0.812830516164,1.0,0.655982769665,16,0.007
Fig. 2(b),4,4-QAM,full_state_raw_label_srm,0.9,1.8,1.53,0.25119300044,high_d,0.9,0.812830516164,1.0,0.655316703417,16,0.035
Fig. 2(b),4,4-QAM,full_state_raw_label_srm,0.9,1.8,1.532,0.251423683937,high_d,0.9,0.812830516164,1.0,0.654650823552,16,0.027
Fig. 2(b),4,4-QAM,full_state_raw_label_srm,0.9,1.8,1.5325,0.251480930896,full_d,0.9,0.812830516164,1.0,0.654484382952,16,0.023
Fig. 2(b),4,4-QAM,full_state_raw_label_srm,0.9,1.8,1.534,0.251651653131,high_d,0.9,0.812830516164,1.0,0.653985132151,16,0.003
Fig. 2(b),4,4-QAM,full_state_raw_label_srm,0.9,1.8,1.535,0.251764618313,full_d,0.9,0.812830516164,1.0,0.653652357772,16,0.031
Fig. 2(b),4,4-QAM,full_state_raw_label_srm,0.9,1.8,1.536,0.251876903068,high_d,0.9,0.812830516164,1.0,0.653319631286,16,0.004
Fig. 2(b),4,4-QAM,full_state_raw_label_srm,0.9,1.8,1.5375,0.252044053069,full_d,0.9,0.812830516164,1.0,0.652820631917,16,0.003
Fig. 2(b),4,4-QAM,full_state_raw_label_srm,0.9,1.8,1.538,0.252099428865,high_d,0.9,0.812830516164,1.0,0.652654323018,16,0.003
Fig. 2(b),4,4-QAM,full_state_raw_label_srm,0.9,1.8,1.54,0.252319225709,high_d,0.9,0.812830516164,1.0,0.651989209396,16,0.004
Fig. 2(b),4,4-QAM,full_state_raw_label_srm,0.9,1.8,1.542,0.252536288855,high_d,0.9,0.812830516164,1.0,0.65132429246,16,0.017
Fig. 2(b),4,4-QAM,full_state_raw_label_srm,0.9,1.8,1.5425,0.252590126952,full_d,0.9,0.812830516164,1.0,0.651158094196,16,0.006
Fig. 2(b),4,4-QAM,full_state_raw_label_srm,0.9,1.8,1.544,0.252750613632,high_d,0.9,0.812830516164,1.0,0.650659574238,16,0.018
Fig. 2(b),4,4-QAM,full_state_raw_label_srm,0.9,1.8,1.545,0.252856747693,full_d,0.9,0.812830516164,1.0,0.650327290275,16,0.003
Fig. 2(b),4,4-QAM,full_state_raw_label_srm,0.9,1.8,1.546,0.252962195442,high_d,0.9,0.812830516164,1.0,0.649995056747,16,0.015
Fig. 2(b),4,4-QAM,full_state_raw_label_srm,0.9,1.8,1.5475,0.253119079002,full_d,0.9,0.812830516164,1.0,0.649496801567,16,0.003
Fig. 2(b),4,4-QAM,full_state_raw_label_srm,0.9,1.8,1.548,0.253171029759,high_d,0.9,0.812830516164,1.0,0.649330741995,16,0.017
Fig. 2(b),4,4-QAM,full_state_raw_label_srm,0.9,1.8,1.55,0.253377112133,high_d,0.9,0.812830516164,1.0,0.648666631979,16,0.018
Fig. 2(b),4,4-QAM,full_state_raw_label_srm,0.9,1.8,1.552,0.253580438188,high_d,0.9,0.812830516164,1.0,0.648002728684,16,0.013
Fig. 2(b),4,4-QAM,full_state_raw_label_srm,0.9,1.8,1.5525,0.253630838521,full_d,0.9,0.812830516164,1.0,0.647836785392,16,0.035
Fig. 2(b),4,4-QAM,full_state_raw_label_srm,0.9,1.8,1.554,0.253781003625,high_d,0.9,0.812830516164,1.0,0.647339034085,16,0.012
Fig. 2(b),4,4-QAM,full_state_raw_label_srm,0.9,1.8,1.555,0.253880249791,full_d,0.9,0.812830516164,1.0,0.647007265661,16,0.013
Fig. 2(b),4,4-QAM,full_state_raw_label_srm,0.9,1.8,1.556,0.253978804225,high_d,0.9,0.812830516164,1.0,0.646675550147,16,0.017
Fig. 2(b),4,4-QAM,full_state_raw_label_srm,0.9,1.8,1.5575,0.254125337754,full_d,0.9,0.812830516164,1.0,0.646178076616,16,0.009
Fig. 2(b),4,4-QAM,full_state_raw_label_srm,0.9,1.8,1.558,0.254173835842,high_d,0.9,0.812830516164,1.0,0.646012278825,16,0.017
Fig. 2(b),4,4-QAM,full_state_raw_label_srm,0.9,1.8,1.56,0.254366094414,high_d,0.9,0.812830516164,1.0,0.645349222062,16,0.016
Fig. 2(b),4,4-QAM,full_state_raw_label_srm,0.9,1.8,1.562,0.254555575955,high_d,0.9,0.812830516164,1.0,0.644686381793,16,0.013
Fig. 2(b),4,4-QAM,full_state_raw_label_srm,0.9,1.8,1.5625,0.25460251197,full_d,0.9,0.812830516164,1.0,0.644520705778,16,0.003
Fig. 2(b),4,4-QAM,full_state_raw_label_srm,0.9,1.8,1.564,0.254742276562,high_d,0.9,0.812830516164,1.0,0.644023759939,16,0.029
Fig. 2(b),4,4-QAM,full_state_raw_label_srm,0.9,1.8,1.565,0.254834582818,full_d,0.9,0.812830516164,1.0,0.643692531517,16,0.021
Fig. 2(b),4,4-QAM,full_state_raw_label_srm,0.9,1.8,1.566,0.254926192413,high_d,0.9,0.812830516164,1.0,0.643361358414,16,0.026
Fig. 2(b),4,4-QAM,full_state_raw_label_srm,0.9,1.8,1.5675,0.255062299551,full_d,0.9,0.812830516164,1.0,0.642864703007,16,0.004
Fig. 2(b),4,4-QAM,full_state_raw_label_srm,0.9,1.8,1.568,0.255107319766,high_d,0.9,0.812830516164,1.0,0.642699179121,16,0.01
Fig. 2(b),4,4-QAM,full_state_raw_label_srm,0.9,1.8,1.57,0.255285654964,high_d,0.9,0.812830516164,1.0,0.642037223951,16,0.011
Fig. 2(b),4,4-QAM,full_state_raw_label_srm,0.9,1.8,1.572,0.255461194433,high_d,0.9,0.812830516164,1.0,0.641375494787,16,0.01
Fig. 2(b),4,4-QAM,full_state_raw_label_srm,0.9,1.8,1.5725,0.255504642057,full_d,0.9,0.812830516164,1.0,0.641210098029,16,0.021
Fig. 2(b),4,4-QAM,full_state_raw_label_srm,0.9,1.8,1.574,0.255633934684,high_d,0.9,0.812830516164,1.0,0.640713993501,16,0.015
Fig. 2(b),4,4-QAM,full_state_raw_label_srm,0.9,1.8,1.575,0.255719254034,full_d,0.9,0.812830516164,1.0,0.640383328894,16,0.003
Fig. 2(b),4,4-QAM,full_state_raw_label_srm,0.9,1.8,1.576,0.25580387231,high_d,0.9,0.812830516164,1.0,0.640052721954,16,0.013
Fig. 2(b),4,4-QAM,full_state_raw_label_srm,0.9,1.8,1.5775,0.255929484307,full_d,0.9,0.812830516164,1.0,0.639556920174,16,0.019
Fig. 2(b),4,4-QAM,full_state_raw_label_srm,0.9,1.8,1.578,0.255971003992,high_d,0.9,0.812830516164,1.0,0.639391681998,16,0.01
Fig. 2(b),4,4-QAM,full_state_raw_label_srm,0.9,1.8,1.58,0.256135326496,high_d,0.9,0.812830516164,1.0,0.638730875475,16,0.024
Fig. 2(b),4,4-QAM,full_state_raw_label_srm,0.9,1.8,1.582,0.256296836675,high_d,0.9,0.812830516164,1.0,0.638070304216,16,0.013
Fig. 2(b),4,4-QAM,full_state_raw_label_srm,0.9,1.8,1.5825,0.256336774434,full_d,0.9,0.812830516164,1.0,0.637905198375,16,0.003
Fig. 2(b),4,4-QAM,full_state_raw_label_srm,0.9,1.8,1.584,0.256455531469,high_d,0.9,0.812830516164,1.0,0.637409970044,16,0.017
Fig. 2(b),4,4-QAM,full_state_raw_label_srm,0.9,1.8,1.585,0.256533822164,full_d,0.9,0.812830516164,1.0,0.637079892432,16,0.062
Fig. 2(b),4,4-QAM,full_state_raw_label_srm,0.9,1.8,1.586,0.256611407904,high_d,0.9,0.812830516164,1.0,0.63674987477,16,0.038
Fig. 2(b),4,4-QAM,full_state_raw_label_srm,0.9,1.8,1.5875,0.256726463945,full_d,0.9,0.812830516164,1.0,0.636254961176,16,0.019
Fig. 2(b),4,4-QAM,full_state_raw_label_srm,0.9,1.8,1.588,0.256764463097,high_d,0.9,0.812830516164,1.0,0.636090020197,16,0.013
Fig. 2(b),4,4-QAM,full_state_raw_label_srm,0.9,1.8,1.59,0.256914694252,high_d,0.9,0.812830516164,1.0,0.635430408116,16,0.029
Fig. 2(b),4,4-QAM,full_state_raw_label_srm,0.9,1.8,1.592,0.25706209866,high_d,0.9,0.812830516164,1.0,0.634771040312,16,0.006
Fig. 2(b),4,4-QAM,full_state_raw_label_srm,0.9,1.8,1.5925,0.257098507775,full_d,0.9,0.812830516164,1.0,0.634606236737,16,0.01
Fig. 2(b),4,4-QAM,full_state_raw_label_srm,0.9,1.8,1.594,0.257206673706,high_d,0.9,0.812830516164,1.0,0.634111918556,16,0.013
Fig. 2(b),4,4-QAM,full_state_raw_label_srm,0.9,1.8,1.595,0.257277899424,full_d,0.9,0.812830516164,1.0,0.633782450497,16,0.003
Fig. 2(b),4,4-QAM,full_state_raw_label_srm,0.9,1.8,1.596,0.25734841686,high_d,0.9,0.812830516164,1.0,0.633453044611,16,0.004
Fig. 2(b),4,4-QAM,full_state_raw_label_srm,0.9,1.8,1.5975,0.257452864327,full_d,0.9,0.812830516164,1.0,0.632959052835,16,0.056
Fig. 2(b),4,4-QAM,full_state_raw_label_srm,0.9,1.8,1.598,0.257487325686,high_d,0.9,0.812830516164,1.0,0.632794420233,16,0.011
Fig. 2(b),4,4-QAM,full_state_raw_label_srm,0.9,1.8,1.6,0.257623397834,high_d,0.9,0.812830516164,1.0,0.632136047165,16,0.004
Fig. 2(b),4,4-QAM,full_state_raw_label_srm,0.9,1.8,1.602,0.25775663105,high_d,0.9,0.812830516164,1.0,0.631477927143,16,0.012
Fig. 2(b),4,4-QAM,full_state_raw_label_srm,0.9,1.8,1.6025,0.257789495515,full_d,0.9,0.812830516164,1.0,0.631313436878,16,0.037
Fig. 2(b),4,4-QAM,full_state_raw_label_srm,0.9,1.8,1.604,0.257887023166,high_d,0.9,0.812830516164,1.0,0.630820061891,16,0.028
Fig. 2(b),4,4-QAM,full_state_raw_label_srm,0.9,1.8,1.605,0.257951153161,full_d,0.9,0.812830516164,1.0,0.630491225341,16,0.003
Fig. 2(b),4,4-QAM,full_state_raw_label_srm,0.9,1.8,1.606,0.258014572109,high_d,0.9,0.812830516164,1.0,0.630162453127,16,0.003
Fig. 2(b),4,4-QAM,full_state_raw_label_srm,0.9,1.8,1.6075,0.258108366788,full_d,0.9,0.812830516164,1.0,0.6296694159,16,0.005
Fig. 2(b),4,4-QAM,full_state_raw_label_srm,0.9,1.8,1.608,0.258139275896,high_d,0.9,0.812830516164,1.0,0.629505102556,16,0.093
Fig. 2(b),4,4-QAM,full_state_raw_label_srm,0.9,1.8,1.61,0.258261132635,high_d,0.9,0.812830516164,1.0,0.628848011878,16,0.01
Fig. 2(b),4,4-QAM,full_state_raw_label_srm,0.9,1.8,1.612,0.258380140526,high_d,0.9,0.812830516164,1.0,0.62819118278,16,0.003
Fig. 2(b),4,4-QAM,full_state_raw_label_srm,0.9,1.8,1.6125,0.258409447164,full_d,0.9,0.812830516164,1.0,0.628027016574,16,0.003
Fig. 2(b),4,4-QAM,full_state_raw_label_srm,0.9,1.8,1.614,0.258496297862,high_d,0.9,0.812830516164,1.0,0.627534616942,16,0.039
Fig. 2(b),4,4-QAM,full_state_raw_label_srm,0.9,1.8,1.615,0.258553307063,full_d,0.9,0.812830516164,1.0,0.627206433269,16,0.004
Fig. 2(b),4,4-QAM,full_state_raw_label_srm,0.9,1.8,1.616,0.258609603027,high_d,0.9,0.812830516164,1.0,0.626878316036,16,0.003
Fig. 2(b),4,4-QAM,full_state_raw_label_srm,0.9,1.8,1.6175,0.258692709244,full_d,0.9,0.812830516164,1.0,0.626386265217,16,0.004
Fig. 2(b),4,4-QAM,full_state_raw_label_srm,0.9,1.8,1.618,0.258720054498,high_d,0.9,0.812830516164,1.0,0.626222281722,16,0.011
Fig. 2(b),4,4-QAM,full_state_raw_label_srm,0.9,1.8,1.62,0.258827650843,high_d,0.9,0.812830516164,1.0,0.625566515654,16,0.037
Fig. 2(b),4,4-QAM,full_state_raw_label_srm,0.9,1.8,1.622,0.258932390724,high_d,0.9,0.812830516164,1.0,0.624911019475,16,0.003
Fig. 2(b),4,4-QAM,full_state_raw_label_srm,0.9,1.8,1.6225,0.258958129223,full_d,0.9,0.812830516164,1.0,0.624747187792,16,0.003
Fig. 2(b),4,4-QAM,full_state_raw_label_srm,0.9,1.8,1.624,0.259034272893,high_d,0.9,0.812830516164,1.0,0.624255794821,16,0.003
Fig. 2(b),4,4-QAM,full_state_raw_label_srm,0.9,1.8,1.625,0.259084141971,full_d,0.9,0.812830516164,1.0,0.623928284824,16,0.003
Fig. 2(b),4,4-QAM,full_state_raw_label_srm,0.9,1.8,1.626,0.259133296196,high_d,0.9,0.812830516164,1.0,0.623600843318,16,0.004
Fig. 2(b),4,4-QAM,full_state_raw_label_srm,0.9,1.8,1.6275,0.2592056869,full_d,0.9,0.812830516164,1.0,0.623109809921,16,0.003
Fig. 2(b),4,4-QAM,full_state_raw_label_srm,0.9,1.8,1.628,0.25922945957,high_d,0.9,0.812830516164,1.0,0.622946166585,16,0.003
Fig. 2(b),4,4-QAM,full_state_raw_label_srm,0.9,1.8,1.63,0.259322762047,high_d,0.9,0.812830516164,1.0,0.622291766231,16,0.004
Fig. 2(b),4,4-QAM,full_state_raw_label_srm,0.9,1.8,1.632,0.259413202746,high_d,0.9,0.812830516164,1.0,0.621637643857,16,0.041
Fig. 2(b),4,4-QAM,full_state_raw_label_srm,0.9,1.8,1.6325,0.259435365674,full_d,0.9,0.812830516164,1.0,0.621474156884,16,0.042
Fig. 2(b),4,4-QAM,full_state_raw_label_srm,0.9,1.8,1.634,0.259500780883,high_d,0.9,0.812830516164,1.0,0.620983801055,16,0.003
Fig. 2(b),4,4-QAM,full_state_raw_label_srm,0.9,1.8,1.635,0.259543496269,full_d,0.9,0.812830516164,1.0,0.620656984989,16,0.003
Fig. 2(b),4,4-QAM,full_state_raw_label_srm,0.9,1.8,1.636,0.259585495762,high_d,0.9,0.812830516164,1.0,0.62033023941,16,0.003
Fig. 2(b),4,4-QAM,full_state_raw_label_srm,0.9,1.8,1.6375,0.259647152543,full_d,0.9,0.812830516164,1.0,0.619840253634,16,0.003
Fig. 2(b),4,4-QAM,full_state_raw_label_srm,0.9,1.8,1.638,0.259667346781,high_d,0.9,0.812830516164,1.0,0.619676960498,16,0.003
Fig. 2(b),4,4-QAM,full_state_raw_label_srm,0.9,1.8,1.64,0.25974633343,high_d,0.9,0.812830516164,1.0,0.619023965887,16,0.017
Fig. 2(b),4,4-QAM,full_state_raw_label_srm,0.9,1.8,1.642,0.259822455287,high_d,0.9,0.812830516164,1.0,0.618371257136,16,0.003
Fig. 2(b),4,4-QAM,full_state_raw_label_srm,0.9,1.8,1.6425,0.259841038088,full_d,0.9,0.812830516164,1.0,0.618208124796,16,0.025
Fig. 2(b),4,4-QAM,full_state_raw_label_srm,0.9,1.8,1.644,0.259895712025,high_d,0.9,0.812830516164,1.0,0.617718835797,16,0.003
Fig. 2(b),4,4-QAM,full_state_raw_label_srm,0.9,1.8,1.645,0.259931265896,full_d,0.9,0.812830516164,1.0,0.61739273339,16,0.003
Fig. 2(b),4,4-QAM,full_state_raw_label_srm,0.9,1.8,1.646,0.259966103405,high_d,0.9,0.812830516164,1.0,0.617066703414,16,0.003
Fig. 2(b),4,4-QAM,full_state_raw_label_srm,0.9,1.8,1.6475,0.260017016457,full_d,0.9,0.812830516164,1.0,0.616577794678,16,0.008
Fig. 2(b),4,4-QAM,full_state_raw_label_srm,0.9,1.8,1.648,0.26003362928,high_d,0.9,0.812830516164,1.0,0.616414861523,16,0.077
Fig. 2(b),4,4-QAM,full_state_raw_label_srm,0.9,1.8,1.65,0.260098289593,high_d,0.9,0.812830516164,1.0,0.615763311652,16,0.004
Fig. 2(b),4,4-QAM,full_state_raw_label_srm,0.9,1.8,1.652,0.260160084377,high_d,0.9,0.812830516164,1.0,0.615112055321,16,0.003
Fig. 2(b),4,4-QAM,full_state_raw_label_srm,0.9,1.8,1.6525,0.260175085346,full_d,0.9,0.812830516164,1.0,0.614949287281,16,0.041
Fig. 2(b),4,4-QAM,full_state_raw_label_srm,0.9,1.8,1.654,0.260219013754,high_d,0.9,0.812830516164,1.0,0.614461094042,16,0.031
Fig. 2(b),4,4-QAM,full_state_raw_label_srm,0.9,1.8,1.655,0.260247403978,full_d,0.9,0.812830516164,1.0,0.614135724519,16,0.003
Fig. 2(b),4,4-QAM,full_state_raw_label_srm,0.9,1.8,1.656,0.260275077936,high_d,0.9,0.812830516164,1.0,0.613810429322,16,0.004
Fig. 2(b),4,4-QAM,full_state_raw_label_srm,0.9,1.8,1.6575,0.260315245967,full_d,0.9,0.812830516164,1.0,0.613322626299,16,0.003
Fig. 2(b),4,4-QAM,full_state_raw_label_srm,0.9,1.8,1.658,0.260328277226,high_d,0.9,0.812830516164,1.0,0.613160062657,16,0.05
Fig. 2(b),4,4-QAM,full_state_raw_label_srm,0.9,1.8,1.66,0.260378612011,high_d,0.9,0.812830516164,1.0,0.612509995537,16,0.003
Fig. 2(b),4,4-QAM,full_state_raw_label_srm,0.9,1.8,1.662,0.26042608277,high_d,0.9,0.812830516164,1.0,0.611860229446,16,0.003
Fig. 2(b),4,4-QAM,full_state_raw_label_srm,0.9,1.8,1.6625,0.26043750302,full_d,0.9,0.812830516164,1.0,0.611697835132,16,0.024
Fig. 2(b),4,4-QAM,full_state_raw_label_srm,0.9,1.8,1.664,0.260470690069,high_d,0.9,0.812830516164,1.0,0.611210765859,16,0.004
Fig. 2(b),4,4-QAM,full_state_raw_label_srm,0.9,1.8,1.665,0.260491920122,full_d,0.9,0.812830516164,1.0,0.610886147963,16,0.006
Fig. 2(b),4,4-QAM,full_state_raw_label_srm,0.9,1.8,1.666,0.260512434561,high_d,0.9,0.812830516164,1.0,0.610561606244,16,0.003
Fig. 2(b),4,4-QAM,full_state_raw_label_srm,0.9,1.8,1.6675,0.260541864655,full_d,0.9,0.812830516164,1.0,0.610074936893,16,0.008
Fig. 2(b),4,4-QAM,full_state_raw_label_srm,0.9,1.8,1.668,0.260551316986,high_d,0.9,0.812830516164,1.0,0.609912752062,16,0.011
Fig. 2(b),4,4-QAM,full_state_raw_label_srm,0.9,1.8,1.67,0.260587338171,high_d,0.9,0.812830516164,1.0,0.609264204767,16,0.021
Fig. 2(b),4,4-QAM,full_state_raw_label_srm,0.9,1.8,1.672,0.260620499027,high_d,0.9,0.812830516164,1.0,0.608615965807,16,0.004
Fig. 2(b),4,4-QAM,full_state_raw_label_srm,0.9,1.8,1.6725,0.26062834243,full_d,0.9,0.812830516164,1.0,0.608453954414,16,0.034
Fig. 2(b),4,4-QAM,full_state_raw_label_srm,0.9,1.8,1.674,0.260650800555,high_d,0.9,0.812830516164,1.0,0.607968036622,16,0.003
Fig. 2(b),4,4-QAM,full_state_raw_label_srm,0.9,1.8,1.675,0.260664879405,full_d,0.9,0.812830516164,1.0,0.607644188643,16,0.07
Fig. 2(b),4,4-QAM,full_state_raw_label_srm,0.9,1.8,1.676,0.260678243836,high_d,0.9,0.812830516164,1.0,0.607320418646,16,0.004
Fig. 2(b),4,4-QAM,full_state_raw_label_srm,0.9,1.8,1.6775,0.260696951272,full_d,0.9,0.812830516164,1.0,0.606834910252,16,0.003
Fig. 2(b),4,4-QAM,full_state_raw_label_srm,0.9,1.8,1.678,0.260702830038,high_d,0.9,0.812830516164,1.0,0.606673113304,16,0.003
Fig. 2(b),4,4-QAM,full_state_raw_label_srm,0.9,1.8,1.68,0.260724560415,high_d,0.9,0.812830516164,1.0,0.606026122018,16,0.005
Fig. 2(b),4,4-QAM,full_state_raw_label_srm,0.9,1.8,1.682,0.2607434363,high_d,0.9,0.812830516164,1.0,0.6053794462,16,0.018
Fig. 2(b),4,4-QAM,full_state_raw_label_srm,0.9,1.8,1.6825,0.260747709422,full_d,0.9,0.812830516164,1.0,0.605217826703,16,0.034
Fig. 2(b),4,4-QAM,full_state_raw_label_srm,0.9,1.8,1.684,0.260759459113,high_d,0.9,0.812830516164,1.0,0.604733087259,16,0.029
Fig. 2(b),4,4-QAM,full_state_raw_label_srm,0.9,1.8,1.685,0.260766401083,full_d,0.9,0.812830516164,1.0,0.604410027055,16,0.003
Fig. 2(b),4,4-QAM,full_state_raw_label_srm,0.9,1.8,1.686,0.260772630355,high_d,0.9,0.812830516164,1.0,0.604087046594,16,0.022
Fig. 2(b),4,4-QAM,full_state_raw_label_srm,0.9,1.8,1.6875,0.260780638391,full_d,0.9,0.812830516164,1.0,0.603602725803,16,0.003
Fig. 2(b),4,4-QAM,full_state_raw_label_srm,0.9,1.8,1.688,0.260782951607,high_d,0.9,0.812830516164,1.0,0.6034413256,16,0.042
Fig. 2(b),4,4-QAM,full_state_raw_label_srm,0.9,1.8,1.69,0.260790424534,high_d,0.9,0.812830516164,1.0,0.602795925665,16,0.005
Fig. 2(b),4,4-QAM,full_state_raw_label_srm,0.9,1.8,1.692,0.260795050881,high_d,0.9,0.812830516164,1.0,0.602150848172,16,0.004
Fig. 2(b),4,4-QAM,full_state_raw_label_srm,0.9,1.8,1.6925,0.260795762902,full_d,0.9,0.812830516164,1.0,0.601989629341,16,0.003
Fig. 2(b),4,4-QAM,full_state_raw_label_srm,0.9,1.8,1.694,0.260796832472,high_d,0.9,0.812830516164,1.0,0.601506094495,16,0.031
Fig. 2(b),4,4-QAM,full_state_raw_label_srm,0.9,1.8,1.695,0.260796657077,full_d,0.9,0.812830516164,1.0,0.601183839517,16,0.003
Fig. 2(b),4,4-QAM,full_state_raw_label_srm,0.9,1.8,1.696,0.260795771212,high_d,0.9,0.812830516164,1.0,0.600861666006,16,0.003
Fig. 2(b),4,4-QAM,full_state_raw_label_srm,0.9,1.8,1.6975,0.260793110835,full_d,0.9,0.812830516164,1.0,0.600378558863,16,0.013
Fig. 2(b),4,4-QAM,full_state_raw_label_srm,0.9,1.8,1.698,0.260791869083,high_d,0.9,0.812830516164,1.0,0.600217564067,16,0.013
Fig. 2(b),4,4-QAM,full_state_raw_label_srm,0.9,1.8,1.7,0.260785128147,high_d,0.9,0.812830516164,1.0,0.599573790037,16,0.004
Fig. 2(b),4,4-QAM,full_state_raw_label_srm,0.9,1.8,1.702,0.260775550543,high_d,0.9,0.812830516164,1.0,0.598930345269,16,0.004
Fig. 2(b),4,4-QAM,full_state_raw_label_srm,0.9,1.8,1.7025,0.26077271317,full_d,0.9,0.812830516164,1.0,0.598769535682,16,0.003
Fig. 2(b),4,4-QAM,full_state_raw_label_srm,0.9,1.8,1.704,0.260763138486,high_d,0.9,0.812830516164,1.0,0.598287231109,16,0.012
Fig. 2(b),4,4-QAM,full_state_raw_label_srm,0.9,1.8,1.705,0.260755870252,full_d,0.9,0.812830516164,1.0,0.597965798427,16,0.003
Fig. 2(b),4,4-QAM,full_state_raw_label_srm,0.9,1.8,1.706,0.26074789427,high_d,0.9,0.812830516164,1.0,0.597644448899,16,0.019
Fig. 2(b),4,4-QAM,full_state_raw_label_srm,0.9,1.8,1.7075,0.260734603924,full_d,0.9,0.812830516164,1.0,0.597162580887,16,0.062
Fig. 2(b),4,4-QAM,full_state_raw_label_srm,0.9,1.8,1.708,0.260729820261,high_d,0.9,0.812830516164,1.0,0.597001999974,16,0.025
Fig. 2(b),4,4-QAM,full_state_raw_label_srm,0.9,1.8,1.71,0.260708918904,high_d,0.9,0.812830516164,1.0,0.596359885665,16,0.01
Fig. 2(b),4,4-QAM,full_state_raw_label_srm,0.9,1.8,1.712,0.260685192715,high_d,0.9,0.812830516164,1.0,0.595718107296,16,0.024
Fig. 2(b),4,4-QAM,full_state_raw_label_srm,0.9,1.8,1.7125,0.26067882009,full_d,0.9,0.812830516164,1.0,0.595557715349,16,0.003
Fig. 2(b),4,4-QAM,full_state_raw_label_srm,0.9,1.8,1.714,0.260658644286,high_d,0.9,0.812830516164,1.0,0.595076666187,16,0.02
Fig. 2(b),4,4-QAM,full_state_raw_label_srm,0.9,1.8,1.715,0.260644312561,full_d,0.9,0.812830516164,1.0,0.594756072516,16,0.051
Fig. 2(b),4,4-QAM,full_state_raw_label_srm,0.9,1.8,1.716,0.260629276281,high_d,0.9,0.812830516164,1.0,0.594435563652,16,0.018
Fig. 2(b),4,4-QAM,full_state_raw_label_srm,0.9,1.8,1.7175,0.260605401574,full_d,0.9,0.812830516164,1.0,0.593954959729,16,0.003
Fig. 2(b),4,4-QAM,full_state_raw_label_srm,0.9,1.8,1.718,0.260597091437,high_d,0.9,0.812830516164,1.0,0.593794801002,16,0.028
Fig. 2(b),4,4-QAM,full_state_raw_label_srm,0.9,1.8,1.72,0.260562092562,high_d,0.9,0.812830516164,1.0,0.59315437954,16,0.02
Fig. 2(b),4,4-QAM,full_state_raw_label_srm,0.9,1.8,1.722,0.260524282537,high_d,0.9,0.812830516164,1.0,0.592514300566,16,0.013
Fig. 2(b),4,4-QAM,full_state_raw_label_srm,0.9,1.8,1.7225,0.260514391132,full_d,0.9,0.812830516164,1.0,0.592354334488,16,0.003
Fig. 2(b),4,4-QAM,full_state_raw_label_srm,0.9,1.8,1.724,0.26048366431,high_d,0.9,0.812830516164,1.0,0.591874565374,16,0.007
Fig. 2(b),4,4-QAM,full_state_raw_label_srm,0.9,1.8,1.725,0.260462303062,full_d,0.9,0.812830516164,1.0,0.5915548271,16,0.003
Fig. 2(b),4,4-QAM,full_state_raw_label_srm,0.9,1.8,1.726,0.260440240902,high_d,0.9,0.812830516164,1.0,0.591235175255,16,0.004
Fig. 2(b),4,4-QAM,full_state_raw_label_srm,0.9,1.8,1.7275,0.260405834301,full_d,0.9,0.812830516164,1.0,0.590755859893,16,0.004
Fig. 2(b),4,4-QAM,full_state_raw_label_srm,0.9,1.8,1.728,0.260394015401,high_d,0.9,0.812830516164,1.0,0.590596131494,16,0.015
Fig. 2(b),4,4-QAM,full_state_raw_label_srm,0.9,1.8,1.73,0.260344990965,high_d,0.9,0.812830516164,1.0,0.58995743537,16,0.003
Fig. 2(b),4,4-QAM,full_state_raw_label_srm,0.9,1.8,1.732,0.260293170819,high_d,0.9,0.812830516164,1.0,0.589319088162,16,0.021
Fig. 2(b),4,4-QAM,full_state_raw_label_srm,0.9,1.8,1.7325,0.260279779337,full_d,0.9,0.812830516164,1.0,0.589159556026,16,0.003
Fig. 2(b),4,4-QAM,full_state_raw_label_srm,0.9,1.8,1.734,0.260238558254,high_d,0.9,0.812830516164,1.0,0.588681091138,16,0.012
Fig. 2(b),4,4-QAM,full_state_raw_label_srm,0.9,1.8,1.735,0.260210205861,full_d,0.9,0.812830516164,1.0,0.588362224343,16,0.003
Fig. 2(b),4,4-QAM,full_state_raw_label_srm,0.9,1.8,1.736,0.260181156628,high_d,0.9,0.812830516164,1.0,0.588043445568,16,0.003
Fig. 2(b),4,4-QAM,full_state_raw_label_srm,0.9,1.8,1.7375,0.260136277146,full_d,0.9,0.812830516164,1.0,0.587565442792,16,0.003
Fig. 2(b),4,4-QAM,full_state_raw_label_srm,0.9,1.8,1.738,0.260120969367,high_d,0.9,0.812830516164,1.0,0.587406152715,16,0.022
Fig. 2(b),4,4-QAM,full_state_raw_label_srm,0.9,1.8,1.74,0.260057999958,high_d,0.9,0.812830516164,1.0,0.586769213836,16,0.061
Fig. 2(b),4,4-QAM,full_state_raw_label_srm,0.9,1.8,1.742,0.259992251954,high_d,0.9,0.812830516164,1.0,0.586132630187,16,0.003
Fig. 2(b),4,4-QAM,full_state_raw_label_srm,0.9,1.8,1.7425,0.259975381221,full_d,0.9,0.812830516164,1.0,0.585973539926,16,0.003
Fig. 2(b),4,4-QAM,full_state_raw_label_srm,0.9,1.8,1.744,0.259923728974,high_d,0.9,0.812830516164,1.0,0.585496403018,16,0.032
Fig. 2(b),4,4-QAM,full_state_raw_label_srm,0.9,1.8,1.745,0.259888428015,full_d,0.9,0.812830516164,1.0,0.585178423503,16,0.02
Fig. 2(b),4,4-QAM,full_state_raw_label_srm,0.9,1.8,1.746,0.259852434696,high_d,0.9,0.812830516164,1.0,0.584860533575,16,0.003
Fig. 2(b),4,4-QAM,full_state_raw_label_srm,0.9,1.8,1.7475,0.259797147573,full_d,0.9,0.812830516164,1.0,0.584383867,16,0.003
Fig. 2(b),4,4-QAM,full_state_raw_label_srm,0.9,1.8,1.748,0.259778372863,high_d,0.9,0.812830516164,1.0,0.584225023103,16,0.089
Fig. 2(b),4,4-QAM,full_state_raw_label_srm,0.9,1.8,1.75,0.259701547279,high_d,0.9,0.812830516164,1.0,0.583589872839,16,0.003
Fig. 2(b),4,4-QAM,full_state_raw_label_srm,0.9,1.8,1.752,0.259621961807,high_d,0.9,0.812830516164,1.0,0.582955084019,16,0.003
Fig. 2(b),4,4-QAM,full_state_raw_label_srm,0.9,1.8,1.7525,0.259601634666,full_d,0.9,0.812830516164,1.0,0.582796443434,16,0.003
Fig. 2(b),4,4-QAM,full_state_raw_label_srm,0.9,1.8,1.754,0.259539620375,high_d,0.9,0.812830516164,1.0,0.582320657875,16,0.003
Fig. 2(b),4,4-QAM,full_state_raw_label_srm,0.9,1.8,1.755,0.259497417416,full_d,0.9,0.812830516164,1.0,0.582003581189,16,0.003
Fig. 2(b),4,4-QAM,full_state_raw_label_srm,0.9,1.8,1.756,0.259454526965,high_d,0.9,0.812830516164,1.0,0.581686595633,16,0.004
Fig. 2(b),4,4-QAM,full_state_raw_label_srm,0.9,1.8,1.7575,0.259388903353,full_d,0.9,0.812830516164,1.0,0.581211288501,16,0.003
Fig. 2(b),4,4-QAM,full_state_raw_label_srm,0.9,1.8,1.758,0.259366685622,high_d,0.9,0.812830516164,1.0,0.58105289852,16,0.011
Fig. 2(b),4,4-QAM,full_state_raw_label_srm,0.9,1.8,1.76,0.259276100448,high_d,0.9,0.812830516164,1.0,0.580419567756,16,0.004
Fig. 2(b),4,4-QAM,full_state_raw_label_srm,0.9,1.8,1.7625,0.259159016809,full_d,0.9,0.812830516164,1.0,0.579628421335,16,0.047
Fig. 2(b),4,4-QAM,full_state_raw_label_srm,0.9,1.8,1.765,0.259037660687,full_d,0.9,0.812830516164,1.0,0.578837851607,16,0.015
Fig. 2(b),4,4-QAM,full_state_raw_label_srm,0.9,1.8,1.7675,0.258912040468,full_d,0.9,0.812830516164,1.0,0.578047860938,16,0.044
Fig. 2(b),4,4-QAM,full_state_raw_label_srm,0.9,1.8,1.77,0.258782164673,full_d,0.9,0.812830516164,1.0,0.577258451682,16,0.003
Fig. 2(b),4,4-QAM,full_state_raw_label_srm,0.9,1.8,1.7725,0.258648041957,full_d,0.9,0.812830516164,1.0,0.576469626189,16,0.034
Fig. 2(b),4,4-QAM,full_state_raw_label_srm,0.9,1.8,1.775,0.258509681107,full_d,0.9,0.812830516164,1.0,0.5756813868,16,0.003
Fig. 2(b),4,4-QAM,full_state_raw_label_srm,0.9,1.8,1.7775,0.258367091037,full_d,0.9,0.812830516164,1.0,0.57489373585,16,0.003
Fig. 2(b),4,4-QAM,full_state_raw_label_srm,0.9,1.8,1.78,0.258220280791,full_d,0.9,0.812830516164,1.0,0.574106675668,16,0.003
Fig. 2(b),4,4-QAM,full_state_raw_label_srm,0.9,1.8,1.7825,0.258069259537,full_d,0.9,0.812830516164,1.0,0.573320208574,16,0.003
Fig. 2(b),4,4-QAM,full_state_raw_label_srm,0.9,1.8,1.785,0.257914036567,full_d,0.9,0.812830516164,1.0,0.572534336885,16,0.004
Fig. 2(b),4,4-QAM,full_state_raw_label_srm,0.9,1.8,1.7875,0.257754621294,full_d,0.9,0.812830516164,1.0,0.571749062911,16,0.003
Fig. 2(b),4,4-QAM,full_state_raw_label_srm,0.9,1.8,1.79,0.257591023252,full_d,0.9,0.812830516164,1.0,0.570964388954,16,0.069
Fig. 2(b),4,4-QAM,full_state_raw_label_srm,0.9,1.8,1.7925,0.257423252091,full_d,0.9,0.812830516164,1.0,0.570180317314,16,0.012
Fig. 2(b),4,4-QAM,full_state_raw_label_srm,0.9,1.8,1.795,0.257251317579,full_d,0.9,0.812830516164,1.0,0.569396850283,16,0.173
Fig. 2(b),4,4-QAM,full_state_raw_label_srm,0.9,1.8,1.7975,0.257075229597,full_d,0.9,0.812830516164,1.0,0.56861399015,16,0.003
Fig. 2(b),4,4-QAM,full_state_raw_label_srm,0.9,1.8,1.8,0.256894998138,full_d,0.9,0.812830516164,1.0,0.567831739197,16,0.043
Fig. 2(b),4,4-QAM,full_state_raw_label_srm,0.9,1.8,1.8025,0.256710633305,full_d,0.9,0.812830516164,1.0,0.567050099702,16,0.004
Fig. 2(b),4,4-QAM,full_state_raw_label_srm,0.9,1.8,1.805,0.256522145311,full_d,0.9,0.812830516164,1.0,0.56626907394,16,0.004
Fig. 2(b),4,4-QAM,full_state_raw_label_srm,0.9,1.8,1.8075,0.256329544473,full_d,0.9,0.812830516164,1.0,0.565488664178,16,0.007
Fig. 2(b),4,4-QAM,full_state_raw_label_srm,0.9,1.8,1.81,0.256132841215,full_d,0.9,0.812830516164,1.0,0.564708872683,16,0.004
Fig. 2(b),4,4-QAM,full_state_raw_label_srm,0.9,1.8,1.8125,0.255932046062,full_d,0.9,0.812830516164,1.0,0.563929701717,16,0.11
Fig. 2(b),4,4-QAM,full_state_raw_label_srm,0.9,1.8,1.815,0.255727169641,full_d,0.9,0.812830516164,1.0,0.563151153535,16,0.067
Fig. 2(b),4,4-QAM,full_state_raw_label_srm,0.9,1.8,1.8175,0.255518222675,full_d,0.9,0.812830516164,1.0,0.562373230392,16,0.032
Fig. 2(b),4,4-QAM,full_state_raw_label_srm,0.9,1.8,1.82,0.255305215988,full_d,0.9,0.812830516164,1.0,0.56159593454,16,0.063
Fig. 2(b),4,4-QAM,full_state_raw_label_srm,0.9,1.8,1.8225,0.255088160494,full_d,0.9,0.812830516164,1.0,0.560819268224,16,0.015
Fig. 2(b),4,4-QAM,full_state_raw_label_srm,0.9,1.8,1.825,0.254867067203,full_d,0.9,0.812830516164,1.0,0.56004323369,16,0.019
Fig. 2(b),4,4-QAM,full_state_raw_label_srm,0.9,1.8,1.8275,0.254641947214,full_d,0.9,0.812830516164,1.0,0.559267833179,16,0.017
Fig. 2(b),4,4-QAM,full_state_raw_label_srm,0.9,1.8,1.83,0.254412811714,full_d,0.9,0.812830516164,1.0,0.55849306893,16,0.037
Fig. 2(b),4,4-QAM,full_state_raw_label_srm,0.9,1.8,1.8325,0.254179671977,full_d,0.9,0.812830516164,1.0,0.557718943178,16,0.014
Fig. 2(b),4,4-QAM,full_state_raw_label_srm,0.9,1.8,1.835,0.253942539361,full_d,0.9,0.812830516164,1.0,0.556945458159,16,0.004
Fig. 2(b),4,4-QAM,full_state_raw_label_srm,0.9,1.8,1.8375,0.253701425305,full_d,0.9,0.812830516164,1.0,0.556172616103,16,0.013
Fig. 2(b),4,4-QAM,full_state_raw_label_srm,0.9,1.8,1.84,0.253456341326,full_d,0.9,0.812830516164,1.0,0.555400419241,16,0.047
Fig. 2(b),4,4-QAM,full_state_raw_label_srm,0.9,1.8,1.8425,0.253207299019,full_d,0.9,0.812830516164,1.0,0.5546288698,16,0.024
Fig. 2(b),4,4-QAM,full_state_raw_label_srm,0.9,1.8,1.845,0.252954310052,full_d,0.9,0.812830516164,1.0,0.553857970007,16,0.034
Fig. 2(b),4,4-QAM,full_state_raw_label_srm,0.9,1.8,1.8475,0.252697386165,full_d,0.9,0.812830516164,1.0,0.553087722087,16,0.034
Fig. 2(b),4,4-QAM,full_state_raw_label_srm,0.9,1.8,1.85,0.252436539164,full_d,0.9,0.812830516164,1.0,0.552318128263,16,0.004
Fig. 2(b),4,4-QAM,full_state_raw_label_srm,0.9,1.8,1.8525,0.252171780923,full_d,0.9,0.812830516164,1.0,0.551549190756,16,0.037
Fig. 2(b),4,4-QAM,full_state_raw_label_srm,0.9,1.8,1.855,0.251903123376,full_d,0.9,0.812830516164,1.0,0.550780911789,16,0.004
Fig. 2(b),4,4-QAM,full_state_raw_label_srm,0.9,1.8,1.8575,0.251630578516,full_d,0.9,0.812830516164,1.0,0.550013293581,16,0.092
Fig. 2(b),4,4-QAM,full_state_raw_label_srm,0.9,1.8,1.86,0.25135415839,full_d,0.9,0.812830516164,1.0,0.549246338352,16,0.003
Fig. 2(b),4,4-QAM,full_state_raw_label_srm,0.9,1.8,1.8625,0.251073875098,full_d,0.9,0.812830516164,1.0,0.548480048319,16,0.03
Fig. 2(b),4,4-QAM,full_state_raw_label_srm,0.9,1.8,1.865,0.250789740785,full_d,0.9,0.812830516164,1.0,0.547714425702,16,0.003
Fig. 2(b),4,4-QAM,full_state_raw_label_srm,0.9,1.8,1.8675,0.25050176764,full_d,0.9,0.812830516164,1.0,0.546949472718,16,0.004
Fig. 2(b),4,4-QAM,full_state_raw_label_srm,0.9,1.8,1.87,0.250209967887,full_d,0.9,0.812830516164,1.0,0.546185191584,16,0.003
Fig. 2(b),4,4-QAM,full_state_raw_label_srm,0.9,1.8,1.8725,0.249914353787,full_d,0.9,0.812830516164,1.0,0.545421584518,16,0.003
Fig. 2(b),4,4-QAM,full_state_raw_label_srm,0.9,1.8,1.875,0.249614937623,full_d,0.9,0.812830516164,1.0,0.544658653736,16,0.02
Fig. 2(b),4,4-QAM,full_state_raw_label_srm,0.9,1.8,1.8775,0.249311731704,full_d,0.9,0.812830516164,1.0,0.543896401457,16,0.003
Fig. 2(b),4,4-QAM,full_state_raw_label_srm,0.9,1.8,1.88,0.249004748349,full_d,0.9,0.812830516164,1.0,0.543134829898,16,0.003
Fig. 2(b),4,4-QAM,full_state_raw_label_srm,0.9,1.8,1.8825,0.248693999888,full_d,0.9,0.812830516164,1.0,0.542373941276,16,0.068
Fig. 2(b),4,4-QAM,full_state_raw_label_srm,0.9,1.8,1.885,0.248379498649,full_d,0.9,0.812830516164,1.0,0.54161373781,16,0.003
Fig. 2(b),4,4-QAM,full_state_raw_label_srm,0.9,1.8,1.8875,0.24806125695,full_d,0.9,0.812830516164,1.0,0.540854221719,16,0.034
Fig. 2(b),4,4-QAM,full_state_raw_label_srm,0.9,1.8,1.89,0.247739287093,full_d,0.9,0.812830516164,1.0,0.540095395221,16,0.003
Fig. 2(b),4,4-QAM,full_state_raw_label_srm,0.9,1.8,1.8925,0.247413601349,full_d,0.9,0.812830516164,1.0,0.539337260539,16,0.003
Fig. 2(b),4,4-QAM,full_state_raw_label_srm,0.9,1.8,1.895,0.24708421195,full_d,0.9,0.812830516164,1.0,0.538579819891,16,0.003
Fig. 2(b),4,4-QAM,full_state_raw_label_srm,0.9,1.8,1.8975,0.246751131074,full_d,0.9,0.812830516164,1.0,0.537823075501,16,0.003
Fig. 2(b),4,4-QAM,full_state_raw_label_srm,0.9,1.8,1.9,0.246414370831,full_d,0.9,0.812830516164,1.0,0.537067029591,16,0.004
Fig. 2(b),4,4-QAM,full_state_raw_label_srm,0.9,1.8,1.9025,0.246073943249,full_d,0.9,0.812830516164,1.0,0.536311684385,16,0.003
Fig. 2(b),4,4-QAM,full_state_raw_label_srm,0.9,1.8,1.905,0.245729860252,full_d,0.9,0.812830516164,1.0,0.535557042108,16,0.003
Fig. 2(b),4,4-QAM,full_state_raw_label_srm,0.9,1.8,1.9075,0.245382133644,full_d,0.9,0.812830516164,1.0,0.534803104988,16,0.013
Fig. 2(b),4,4-QAM,full_state_raw_label_srm,0.9,1.8,1.91,0.245030775083,full_d,0.9,0.812830516164,1.0,0.534049875251,16,0.003
Fig. 2(b),4,4-QAM,full_state_raw_label_srm,0.9,1.8,1.9125,0.244675796053,full_d,0.9,0.812830516164,1.0,0.533297355127,16,0.003
Fig. 2(b),4,4-QAM,full_state_raw_label_srm,0.9,1.8,1.915,0.24431720784,full_d,0.9,0.812830516164,1.0,0.532545546847,16,0.046
Fig. 2(b),4,4-QAM,full_state_raw_label_srm,0.9,1.8,1.9175,0.24395502149,full_d,0.9,0.812830516164,1.0,0.531794452642,16,0.003
Fig. 2(b),4,4-QAM,full_state_raw_label_srm,0.9,1.8,1.92,0.243589247771,full_d,0.9,0.812830516164,1.0,0.531044074748,16,0.003
Fig. 2(b),4,4-QAM,full_state_raw_label_srm,0.9,1.8,1.9225,0.24321989713,full_d,0.9,0.812830516164,1.0,0.530294415399,16,0.025
Fig. 2(b),4,4-QAM,full_state_raw_label_srm,0.9,1.8,1.925,0.24284697963,full_d,0.9,0.812830516164,1.0,0.529545476832,16,0.003
Fig. 2(b),4,4-QAM,full_state_raw_label_srm,0.9,1.8,1.9275,0.242470504891,full_d,0.9,0.812830516164,1.0,0.528797261288,16,0.025
Fig. 2(b),4,4-QAM,full_state_raw_label_srm,0.9,1.8,1.93,0.242090482003,full_d,0.9,0.812830516164,1.0,0.528049771006,16,0.003
Fig. 2(b),4,4-QAM,full_state_raw_label_srm,0.9,1.8,1.9325,0.241706919441,full_d,0.9,0.812830516164,1.0,0.527303008229,16,0.034
Fig. 2(b),4,4-QAM,full_state_raw_label_srm,0.9,1.8,1.935,0.241319824937,full_d,0.9,0.812830516164,1.0,0.526556975203,16,0.023
Fig. 2(b),4,4-QAM,full_state_raw_label_srm,0.9,1.8,1.9375,0.240929205344,full_d,0.9,0.812830516164,1.0,0.525811674174,16,0.013
Fig. 2(b),4,4-QAM,full_state_raw_label_srm,0.9,1.8,1.94,0.240535066447,full_d,0.9,0.812830516164,1.0,0.52506710739,16,0.02
Fig. 2(b),4,4-QAM,full_state_raw_label_srm,0.9,1.8,1.9425,0.24013741273,full_d,0.9,0.812830516164,1.0,0.524323277103,16,0.014
Fig. 2(b),4,4-QAM,full_state_raw_label_srm,0.9,1.8,1.945,0.239736247067,full_d,0.9,0.812830516164,1.0,0.523580185565,16,0.027
Fig. 2(b),4,4-QAM,full_state_raw_label_srm,0.9,1.8,1.9475,0.239331570305,full_d,0.9,0.812830516164,1.0,0.522837835032,16,0.02
Fig. 2(b),4,4-QAM,full_state_raw_label_srm,0.9,1.8,1.95,0.238923380687,full_d,0.9,0.812830516164,1.0,0.52209622776,16,0.016
Fig. 2(b),4,4-QAM,full_state_raw_label_srm,0.9,1.8,1.9525,0.238511673009,full_d,0.9,0.812830516164,1.0,0.521355366008,16,0.018
Fig. 2(b),4,4-QAM,full_state_raw_label_srm,0.9,1.8,1.955,0.238096437342,full_d,0.9,0.812830516164,1.0,0.520615252039,16,0.031
Fig. 2(b),4,4-QAM,full_state_raw_label_srm,0.9,1.8,1.9575,0.237677656916,full_d,0.9,0.812830516164,1.0,0.519875888115,16,0.01
Fig. 2(b),4,4-QAM,full_state_raw_label_srm,0.9,1.8,1.96,0.237255304292,full_d,0.9,0.812830516164,1.0,0.519137276503,16,0.03
Fig. 2(b),4,4-QAM,full_state_raw_label_srm,0.9,1.8,1.9625,0.23682933311,full_d,0.9,0.812830516164,1.0,0.51839941947,16,0.017
Fig. 2(b),4,4-QAM,full_state_raw_label_srm,0.9,1.8,1.965,0.236399653273,full_d,0.9,0.812830516164,1.0,0.517662319287,16,0.009
Fig. 2(b),4,4-QAM,full_state_raw_label_srm,0.9,1.8,1.9675,0.2359660065,full_d,0.9,0.812830516164,1.0,0.516925978227,16,0.022
Fig. 2(b),4,4-QAM,full_state_raw_label_srm,0.9,1.8,1.97,0.235528498064,full_d,0.9,0.812830516164,1.0,0.516190398563,16,0.004
Fig. 2(b),4,4-QAM,full_state_raw_label_srm,0.9,1.8,1.9725,0.235087399898,full_d,0.9,0.812830516164,1.0,0.515455582574,16,0.04
Fig. 2(b),4,4-QAM,full_state_raw_label_srm,0.9,1.8,1.975,0.234642841776,full_d,0.9,0.812830516164,1.0,0.514721532538,16,0.109
Fig. 2(b),4,4-QAM,full_state_raw_label_srm,0.9,1.8,1.9775,0.234194918211,full_d,0.9,0.812830516164,1.0,0.513988250737,16,0.004
Fig. 2(b),4,4-QAM,full_state_raw_label_srm,0.9,1.8,1.98,0.233743706932,full_d,0.9,0.812830516164,1.0,0.513255739454,16,0.004
Fig. 2(b),4,4-QAM,full_state_raw_label_srm,0.9,1.8,1.9825,0.233289275759,full_d,0.9,0.812830516164,1.0,0.512524000975,16,0.032
Fig. 2(b),4,4-QAM,full_state_raw_label_srm,0.9,1.8,1.985,0.232831685975,full_d,0.9,0.812830516164,1.0,0.511793037589,16,0.005
Fig. 2(b),4,4-QAM,full_state_raw_label_srm,0.9,1.8,1.9875,0.232370994229,full_d,0.9,0.812830516164,1.0,0.511062851584,16,0.004
Fig. 2(b),4,4-QAM,full_state_raw_label_srm,0.9,1.8,1.99,0.231907253728,full_d,0.9,0.812830516164,1.0,0.510333445254,16,0.004
Fig. 2(b),4,4-QAM,full_state_raw_label_srm,0.9,1.8,1.9925,0.231440515027,full_d,0.9,0.812830516164,1.0,0.509604820893,16,0.003
Fig. 2(b),4,4-QAM,full_state_raw_label_srm,0.9,1.8,1.995,0.230970826586,full_d,0.9,0.812830516164,1.0,0.508876980797,16,0.019
Fig. 2(b),4,4-QAM,full_state_raw_label_srm,0.9,1.8,1.9975,0.230498235166,full_d,0.9,0.812830516164,1.0,0.508149927265,16,0.02
Fig. 2(b),4,4-QAM,full_state_raw_label_srm,0.9,1.8,2.0,0.230022786134,full_d,0.9,0.812830516164,1.0,0.507423662598,16,0.06
Fig. 2(b),4,4-QAM,full_state_raw_label_srm,0.95,1.9,0.5,0.141399042553,full_d,0.95,0.803526122186,0.99999999967,0.952069130234,12,0.01
Fig. 2(b),4,4-QAM,full_state_raw_label_srm,0.95,1.9,0.5025,0.142364696325,full_d,0.95,0.803526122186,0.999999999968,0.951600474982,12,0.032
Fig. 2(b),4,4-QAM,full_state_raw_label_srm,0.95,1.9,0.505,0.1433279364,full_d,0.95,0.803526122186,0.999999999973,0.95112971633,12,0.004
Fig. 2(b),4,4-QAM,full_state_raw_label_srm,0.95,1.9,0.5075,0.144288695259,full_d,0.95,0.803526122186,0.999999998697,0.9506568577,12,0.004
Fig. 2(b),4,4-QAM,full_state_raw_label_srm,0.95,1.9,0.51,0.14524690646,full_d,0.95,0.803526122186,0.999999999963,0.950181902531,12,0.005
Fig. 2(b),4,4-QAM,full_state_raw_label_srm,0.95,1.9,0.5125,0.146202502792,full_d,0.95,0.803526122186,0.999999999594,0.949704854277,12,0.004
Fig. 2(b),4,4-QAM,full_state_raw_label_srm,0.95,1.9,0.515,0.147155418386,full_d,0.95,0.803526122186,0.999999999983,0.949225716407,12,0.003
Fig. 2(b),4,4-QAM,full_state_raw_label_srm,0.95,1.9,0.5175,0.148105587212,full_d,0.95,0.803526122186,0.999999999692,0.948744492409,12,0.004
Fig. 2(b),4,4-QAM,full_state_raw_label_srm,0.95,1.9,0.52,0.149052944005,full_d,0.95,0.803526122186,0.999999999755,0.948261185785,12,0.023
Fig. 2(b),4,4-QAM,full_state_raw_label_srm,0.95,1.9,0.5225,0.14999742373,full_d,0.95,0.803526122186,0.999999999987,0.947775800054,12,0.005
Fig. 2(b),4,4-QAM,full_state_raw_label_srm,0.95,1.9,0.525,0.15093896173,full_d,0.95,0.803526122186,0.999999999986,0.947288338751,12,0.019
Fig. 2(b),4,4-QAM,full_state_raw_label_srm,0.95,1.9,0.5275,0.151877493811,full_d,0.95,0.803526122186,0.999999999624,0.946798805427,12,0.026
Fig. 2(b),4,4-QAM,full_state_raw_label_srm,0.95,1.9,0.53,0.152812956385,full_d,0.95,0.803526122186,0.999999999982,0.94630720365,12,0.026
Fig. 2(b),4,4-QAM,full_state_raw_label_srm,0.95,1.9,0.5325,0.153745285929,full_d,0.95,0.803526122186,0.999999999739,0.945813537003,12,0.014
Fig. 2(b),4,4-QAM,full_state_raw_label_srm,0.95,1.9,0.535,0.154674419726,full_d,0.95,0.803526122186,0.999999999998,0.945317809088,12,0.012
Fig. 2(b),4,4-QAM,full_state_raw_label_srm,0.95,1.9,0.5375,0.155600295215,full_d,0.95,0.803526122186,0.999999999995,0.944820023519,12,0.033
Fig. 2(b),4,4-QAM,full_state_raw_label_srm,0.95,1.9,0.54,0.156522850301,full_d,0.95,0.803526122186,0.999999999127,0.944320183932,12,0.008
Fig. 2(b),4,4-QAM,full_state_raw_label_srm,0.95,1.9,0.5425,0.157442023805,full_d,0.95,0.803526122186,0.99999999975,0.943818293974,12,0.019
Fig. 2(b),4,4-QAM,full_state_raw_label_srm,0.95,1.9,0.545,0.158357754328,full_d,0.95,0.803526122186,0.999999999886,0.943314357312,12,0.017
Fig. 2(b),4,4-QAM,full_state_raw_label_srm,0.95,1.9,0.5475,0.159269981314,full_d,0.95,0.803526122186,0.999999999995,0.942808377628,12,0.011
Fig. 2(b),4,4-QAM,full_state_raw_label_srm,0.95,1.9,0.55,0.16017864457,full_d,0.95,0.803526122186,0.999999999878,0.942300358621,12,0.02
Fig. 2(b),4,4-QAM,full_state_raw_label_srm,0.95,1.9,0.5525,0.161083684455,full_d,0.95,0.803526122186,0.999999999818,0.941790304007,12,0.035
Fig. 2(b),4,4-QAM,full_state_raw_label_srm,0.95,1.9,0.555,0.161985041764,full_d,0.95,0.803526122186,0.999999999858,0.941278217518,12,0.03
Fig. 2(b),4,4-QAM,full_state_raw_label_srm,0.95,1.9,0.5575,0.162882657675,full_d,0.95,0.803526122186,0.999999999404,0.940764102902,12,0.007
Fig. 2(b),4,4-QAM,full_state_raw_label_srm,0.95,1.9,0.56,0.163776474172,full_d,0.95,0.803526122186,0.999999999814,0.940247963925,12,0.02
Fig. 2(b),4,4-QAM,full_state_raw_label_srm,0.95,1.9,0.5625,0.164666433319,full_d,0.95,0.803526122186,0.999999999924,0.939729804369,12,0.007
Fig. 2(b),4,4-QAM,full_state_raw_label_srm,0.95,1.9,0.565,0.165552477893,full_d,0.95,0.803526122186,0.999999999874,0.939209628034,12,0.028
Fig. 2(b),4,4-QAM,full_state_raw_label_srm,0.95,1.9,0.5675,0.166434551206,full_d,0.95,0.803526122186,0.999999999994,0.938687438734,12,0.013
Fig. 2(b),4,4-QAM,full_state_raw_label_srm,0.95,1.9,0.57,0.167312596976,full_d,0.95,0.803526122186,0.999999999995,0.938163240304,12,0.016
Fig. 2(b),4,4-QAM,full_state_raw_label_srm,0.95,1.9,0.5725,0.168186559498,full_d,0.95,0.803526122186,0.999999999967,0.937637036592,12,0.021
Fig. 2(b),4,4-QAM,full_state_raw_label_srm,0.95,1.9,0.575,0.169056383584,full_d,0.95,0.803526122186,0.999999999984,0.937108831466,12,0.016
Fig. 2(b),4,4-QAM,full_state_raw_label_srm,0.95,1.9,0.5775,0.169922014547,full_d,0.95,0.803526122186,0.999999999998,0.936578628808,12,0.016
Fig. 2(b),4,4-QAM,full_state_raw_label_srm,0.95,1.9,0.58,0.170783398134,full_d,0.95,0.803526122186,0.9999999994,0.93604643252,12,0.02
Fig. 2(b),4,4-QAM,full_state_raw_label_srm,0.95,1.9,0.5825,0.171640481039,full_d,0.95,0.803526122186,0.999999999999,0.93551224652,12,0.018
Fig. 2(b),4,4-QAM,full_state_raw_label_srm,0.95,1.9,0.585,0.172493209873,full_d,0.95,0.803526122186,0.999999999974,0.934976074742,12,0.022
Fig. 2(b),4,4-QAM,full_state_raw_label_srm,0.95,1.9,0.5875,0.173341532213,full_d,0.95,0.803526122186,0.999999999977,0.93443792114,12,0.025
Fig. 2(b),4,4-QAM,full_state_raw_label_srm,0.95,1.9,0.59,0.174185396061,full_d,0.95,0.803526122186,0.999999999941,0.933897789682,12,0.027
Fig. 2(b),4,4-QAM,full_state_raw_label_srm,0.95,1.9,0.5925,0.175024750006,full_d,0.95,0.803526122186,0.999999999996,0.933355684357,12,0.016
Fig. 2(b),4,4-QAM,full_state_raw_label_srm,0.95,1.9,0.595,0.175859543145,full_d,0.95,0.803526122186,0.999999999998,0.932811609167,12,0.028
Fig. 2(b),4,4-QAM,full_state_raw_label_srm,0.95,1.9,0.5975,0.176689725169,full_d,0.95,0.803526122186,0.999999999977,0.932265568136,12,0.018
Fig. 2(b),4,4-QAM,full_state_raw_label_srm,0.95,1.9,0.6,0.17751524632,full_d,0.95,0.803526122186,0.999999999882,0.931717565302,12,0.036
Fig. 2(b),4,4-QAM,full_state_raw_label_srm,0.95,1.9,0.6025,0.178336057471,full_d,0.95,0.803526122186,0.999999999997,0.931167604723,12,0.004
Fig. 2(b),4,4-QAM,full_state_raw_label_srm,0.95,1.9,0.605,0.179152109961,full_d,0.95,0.803526122186,0.999999999988,0.930615690474,12,0.004
Fig. 2(b),4,4-QAM,full_state_raw_label_srm,0.95,1.9,0.6075,0.179963355782,full_d,0.95,0.803526122186,0.999999999931,0.930061826647,12,0.028
Fig. 2(b),4,4-QAM,full_state_raw_label_srm,0.95,1.9,0.61,0.180769747525,full_d,0.95,0.803526122186,0.999999999995,0.929506017352,12,0.051
Fig. 2(b),4,4-QAM,full_state_raw_label_srm,0.95,1.9,0.6125,0.181571238309,full_d,0.95,0.803526122186,0.999999999995,0.928948266717,12,0.003
Fig. 2(b),4,4-QAM,full_state_raw_label_srm,0.95,1.9,0.615,0.182367781869,full_d,0.95,0.803526122186,0.999999999876,0.928388578889,12,0.004
Fig. 2(b),4,4-QAM,full_state_raw_label_srm,0.95,1.9,0.6175,0.18315933261,full_d,0.95,0.803526122186,0.999999999998,0.927826958032,12,0.013
Fig. 2(b),4,4-QAM,full_state_raw_label_srm,0.95,1.9,0.62,0.183945845411,full_d,0.95,0.803526122186,0.999999999999,0.927263408328,12,0.013
Fig. 2(b),4,4-QAM,full_state_raw_label_srm,0.95,1.9,0.6225,0.184727275841,full_d,0.95,0.803526122186,0.999999999999,0.926697933977,12,0.048
Fig. 2(b),4,4-QAM,full_state_raw_label_srm,0.95,1.9,0.625,0.18550358006,full_d,0.95,0.803526122186,0.999999999995,0.926130539197,12,0.003
Fig. 2(b),4,4-QAM,full_state_raw_label_srm,0.95,1.9,0.6275,0.186274714842,full_d,0.95,0.803526122186,0.999999999997,0.925561228227,12,0.068
Fig. 2(b),4,4-QAM,full_state_raw_label_srm,0.95,1.9,0.63,0.187040637575,full_d,0.95,0.803526122186,0.999999999997,0.92499000532,12,0.006
Fig. 2(b),4,4-QAM,full_state_raw_label_srm,0.95,1.9,0.6325,0.187801306254,full_d,0.95,0.803526122186,0.999999999892,0.924416874751,12,0.006
Fig. 2(b),4,4-QAM,full_state_raw_label_srm,0.95,1.9,0.635,0.188556679547,full_d,0.95,0.803526122186,0.999999999846,0.923841840812,12,0.034
Fig. 2(b),4,4-QAM,full_state_raw_label_srm,0.95,1.9,0.6375,0.189306716742,full_d,0.95,0.803526122186,0.99999999997,0.923264907813,12,0.004
Fig. 2(b),4,4-QAM,full_state_raw_label_srm,0.95,1.9,0.64,0.190051377692,full_d,0.95,0.803526122186,0.999999999996,0.922686080085,12,0.003
Fig. 2(b),4,4-QAM,full_state_raw_label_srm,0.95,1.9,0.6425,0.190790622947,full_d,0.95,0.803526122186,0.999999999997,0.922105361976,12,0.003
Fig. 2(b),4,4-QAM,full_state_raw_label_srm,0.95,1.9,0.645,0.19152441369,full_d,0.95,0.803526122186,0.999999999983,0.921522757852,12,0.004
Fig. 2(b),4,4-QAM,full_state_raw_label_srm,0.95,1.9,0.6475,0.192252711746,full_d,0.95,0.803526122186,0.999999999972,0.9209382721,12,0.003
Fig. 2(b),4,4-QAM,full_state_raw_label_srm,0.95,1.9,0.65,0.192975479595,full_d,0.95,0.803526122186,0.999999999998,0.920351909125,12,0.03
Fig. 2(b),4,4-QAM,full_state_raw_label_srm,0.95,1.9,0.6525,0.193692680347,full_d,0.95,0.803526122186,0.999999999998,0.919763673351,12,0.004
Fig. 2(b),4,4-QAM,full_state_raw_label_srm,0.95,1.9,0.655,0.194404277783,full_d,0.95,0.803526122186,0.999999999988,0.919173569222,12,0.047
Fig. 2(b),4,4-QAM,full_state_raw_label_srm,0.95,1.9,0.6575,0.195110236345,full_d,0.95,0.803526122186,0.999999999999,0.9185816012,12,0.004
Fig. 2(b),4,4-QAM,full_state_raw_label_srm,0.95,1.9,0.66,0.195810521123,full_d,0.95,0.803526122186,0.999999999999,0.917987773768,12,0.004
Fig. 2(b),4,4-QAM,full_state_raw_label_srm,0.95,1.9,0.6625,0.196505097882,full_d,0.95,0.803526122186,0.999999999998,0.917392091426,12,0.003
Fig. 2(b),4,4-QAM,full_state_raw_label_srm,0.95,1.9,0.665,0.197193933041,full_d,0.95,0.803526122186,0.999999999951,0.916794558697,12,0.053
Fig. 2(b),4,4-QAM,full_state_raw_label_srm,0.95,1.9,0.6675,0.197876993725,full_d,0.95,0.803526122186,0.99999999997,0.91619518012,12,0.082
Fig. 2(b),4,4-QAM,full_state_raw_label_srm,0.95,1.9,0.67,0.198554247695,full_d,0.95,0.803526122186,0.999999999999,0.915593960256,12,0.003
Fig. 2(b),4,4-QAM,full_state_raw_label_srm,0.95,1.9,0.6725,0.199225663395,full_d,0.95,0.803526122186,0.999999999994,0.914990903685,12,0.003
Fig. 2(b),4,4-QAM,full_state_raw_label_srm,0.95,1.9,0.675,0.199891209962,full_d,0.95,0.803526122186,0.999999999999,0.914386015008,12,0.004
Fig. 2(b),4,4-QAM,full_state_raw_label_srm,0.95,1.9,0.6775,0.200550857205,full_d,0.95,0.803526122186,0.999999999988,0.913779298845,12,0.004
Fig. 2(b),4,4-QAM,full_state_raw_label_srm,0.95,1.9,0.68,0.201204575629,full_d,0.95,0.803526122186,0.999999999999,0.913170759835,12,0.004
Fig. 2(b),4,4-QAM,full_state_raw_label_srm,0.95,1.9,0.6825,0.201852336412,full_d,0.95,0.803526122186,0.999999999999,0.912560402639,12,0.036
Fig. 2(b),4,4-QAM,full_state_raw_label_srm,0.95,1.9,0.685,0.202494111424,full_d,0.95,0.803526122186,0.99999999996,0.911948231938,12,0.003
Fig. 2(b),4,4-QAM,full_state_raw_label_srm,0.95,1.9,0.6875,0.203129873255,full_d,0.95,0.803526122186,0.999999999992,0.911334252434,12,0.003
Fig. 2(b),4,4-QAM,full_state_raw_label_srm,0.95,1.9,0.69,0.203759595149,full_d,0.95,0.803526122186,0.999999999998,0.910718468846,12,0.005
Fig. 2(b),4,4-QAM,full_state_raw_label_srm,0.95,1.9,0.6925,0.204383251062,full_d,0.95,0.803526122186,0.99999999996,0.910100885918,12,0.003
Fig. 2(b),4,4-QAM,full_state_raw_label_srm,0.95,1.9,0.695,0.205000815668,full_d,0.95,0.803526122186,0.999999999952,0.909481508413,12,0.003
Fig. 2(b),4,4-QAM,full_state_raw_label_srm,0.95,1.9,0.6975,0.205612264324,full_d,0.95,0.803526122186,0.999999999952,0.908860341113,12,0.009
Fig. 2(b),4,4-QAM,full_state_raw_label_srm,0.95,1.9,0.7,0.206217573097,full_d,0.95,0.803526122186,0.99999999997,0.908237388824,12,0.005
Fig. 2(b),4,4-QAM,full_state_raw_label_srm,0.95,1.9,0.7025,0.206816718755,full_d,0.95,0.803526122186,0.999999999999,0.90761265637,12,0.011
Fig. 2(b),4,4-QAM,full_state_raw_label_srm,0.95,1.9,0.705,0.207409678768,full_d,0.95,0.803526122186,0.999999999999,0.906986148598,12,0.003
Fig. 2(b),4,4-QAM,full_state_raw_label_srm,0.95,1.9,0.7075,0.207996431328,full_d,0.95,0.803526122186,0.999999999993,0.906357870375,12,0.07
Fig. 2(b),4,4-QAM,full_state_raw_label_srm,0.95,1.9,0.71,0.208576955335,full_d,0.95,0.803526122186,0.999999999996,0.905727826591,12,0.013
Fig. 2(b),4,4-QAM,full_state_raw_label_srm,0.95,1.9,0.7125,0.209151230396,full_d,0.95,0.803526122186,0.999999999999,0.905096022155,12,0.003
Fig. 2(b),4,4-QAM,full_state_raw_label_srm,0.95,1.9,0.715,0.20971923683,full_d,0.95,0.803526122186,0.999999999965,0.904462461998,12,0.035
Fig. 2(b),4,4-QAM,full_state_raw_label_srm,0.95,1.9,0.7175,0.210280955695,full_d,0.95,0.803526122186,0.999999999998,0.903827151075,12,0.003
Fig. 2(b),4,4-QAM,full_state_raw_label_srm,0.95,1.9,0.72,0.210836368717,full_d,0.95,0.803526122186,0.999999999944,0.903190094358,12,0.003
Fig. 2(b),4,4-QAM,full_state_raw_label_srm,0.95,1.9,0.7225,0.211385458408,full_d,0.95,0.803526122186,0.999999999993,0.902551296846,12,0.011
Fig. 2(b),4,4-QAM,full_state_raw_label_srm,0.95,1.9,0.725,0.211928207927,full_d,0.95,0.803526122186,0.99999999998,0.901910763556,12,0.004
Fig. 2(b),4,4-QAM,full_state_raw_label_srm,0.95,1.9,0.7275,0.212464601207,full_d,0.95,0.803526122186,1.0,0.901268499528,12,0.009
Fig. 2(b),4,4-QAM,full_state_raw_label_srm,0.95,1.9,0.73,0.212994622869,full_d,0.95,0.803526122186,0.999999999995,0.900624509825,12,0.003
Fig. 2(b),4,4-QAM,full_state_raw_label_srm,0.95,1.9,0.7325,0.213518258276,full_d,0.95,0.803526122186,0.999999999998,0.89997879953,12,0.045
Fig. 2(b),4,4-QAM,full_state_raw_label_srm,0.95,1.9,0.735,0.214035493502,full_d,0.95,0.803526122186,0.999999999992,0.89933137375,12,0.003
Fig. 2(b),4,4-QAM,full_state_raw_label_srm,0.95,1.9,0.7375,0.214546315354,full_d,0.95,0.803526122186,0.999999999998,0.898682237615,12,0.005
Fig. 2(b),4,4-QAM,full_state_raw_label_srm,0.95,1.9,0.74,0.215050711346,full_d,0.95,0.803526122186,0.999999999974,0.898031396274,12,0.006
Fig. 2(b),4,4-QAM,full_state_raw_label_srm,0.95,1.9,0.7425,0.215548669745,full_d,0.95,0.803526122186,0.999999999999,0.897378854903,12,0.036
Fig. 2(b),4,4-QAM,full_state_raw_label_srm,0.95,1.9,0.745,0.216040179509,full_d,0.95,0.803526122186,0.999999999999,0.896724618696,12,0.004
Fig. 2(b),4,4-QAM,full_state_raw_label_srm,0.95,1.9,0.7475,0.216525230341,full_d,0.95,0.803526122186,0.999999999999,0.896068692873,12,0.01
Fig. 2(b),4,4-QAM,full_state_raw_label_srm,0.95,1.9,0.75,0.217003812664,full_d,0.95,0.803526122186,0.999999999995,0.895411082675,12,0.011
Fig. 2(b),4,4-QAM,full_state_raw_label_srm,0.95,1.9,0.7525,0.217475917628,full_d,0.95,0.803526122186,0.999999999999,0.894751793367,12,0.003
Fig. 2(b),4,4-QAM,full_state_raw_label_srm,0.95,1.9,0.755,0.217941537103,full_d,0.95,0.803526122186,0.999999999999,0.894090830237,12,0.061
Fig. 2(b),4,4-QAM,full_state_raw_label_srm,0.95,1.9,0.7575,0.218400663686,full_d,0.95,0.803526122186,0.999999999992,0.893428198594,12,0.004
Fig. 2(b),4,4-QAM,full_state_raw_label_srm,0.95,1.9,0.76,0.218853290699,full_d,0.95,0.803526122186,0.999999999987,0.892763903773,12,0.018
Fig. 2(b),4,4-QAM,full_state_raw_label_srm,0.95,1.9,0.7625,0.219299412193,full_d,0.95,0.803526122186,0.999999999999,0.892097951129,12,0.027
Fig. 2(b),4,4-QAM,full_state_raw_label_srm,0.95,1.9,0.765,0.219739022928,full_d,0.95,0.803526122186,0.999999999998,0.891430346044,12,0.003
Fig. 2(b),4,4-QAM,full_state_raw_label_srm,0.95,1.9,0.7675,0.2201721184,full_d,0.95,0.803526122186,0.999999999999,0.89076109392,12,0.003
Fig. 2(b),4,4-QAM,full_state_raw_label_srm,0.95,1.9,0.77,0.220598694821,full_d,0.95,0.803526122186,0.999999999999,0.890090200184,12,0.003
Fig. 2(b),4,4-QAM,full_state_raw_label_srm,0.95,1.9,0.7725,0.221018749126,full_d,0.95,0.803526122186,0.999999999992,0.889417670286,12,0.063
Fig. 2(b),4,4-QAM,full_state_raw_label_srm,0.95,1.9,0.775,0.221432278972,full_d,0.95,0.803526122186,0.999999999997,0.888743509701,12,0.003
Fig. 2(b),4,4-QAM,full_state_raw_label_srm,0.95,1.9,0.7775,0.221839282732,full_d,0.95,0.803526122186,0.999999999999,0.888067723926,12,0.003
Fig. 2(b),4,4-QAM,full_state_raw_label_srm,0.95,1.9,0.78,0.222239759497,full_d,0.95,0.803526122186,1.0,0.887390318482,12,0.018
Fig. 2(b),4,4-QAM,full_state_raw_label_srm,0.95,1.9,0.7825,0.222633709076,full_d,0.95,0.803526122186,0.999999999998,0.886711298914,12,0.004
Fig. 2(b),4,4-QAM,full_state_raw_label_srm,0.95,1.9,0.785,0.223021131995,full_d,0.95,0.803526122186,0.999999999998,0.886030670791,12,0.003
Fig. 2(b),4,4-QAM,full_state_raw_label_srm,0.95,1.9,0.7875,0.223402029492,full_d,0.95,0.803526122186,0.999999999999,0.885348439706,12,0.003
Fig. 2(b),4,4-QAM,full_state_raw_label_srm,0.95,1.9,0.79,0.223776403517,full_d,0.95,0.803526122186,1.0,0.884664611277,12,0.003
Fig. 2(b),4,4-QAM,full_state_raw_label_srm,0.95,1.9,0.7925,0.224144256731,full_d,0.95,0.803526122186,1.0,0.883979191144,12,0.011
Fig. 2(b),4,4-QAM,full_state_raw_label_srm,0.95,1.9,0.795,0.224505592503,full_d,0.95,0.803526122186,0.999999999992,0.883292184972,12,0.004
Fig. 2(b),4,4-QAM,full_state_raw_label_srm,0.95,1.9,0.7975,0.224860414915,full_d,0.95,0.803526122186,0.999999999998,0.882603598451,12,0.004
Fig. 2(b),4,4-QAM,full_state_raw_label_srm,0.95,1.9,0.8,0.225208728743,full_d,0.95,0.803526122186,1.0,0.881913437294,12,0.022
Fig. 2(b),4,4-QAM,full_state_raw_label_srm,0.95,1.9,0.8025,0.225550539474,full_d,0.95,0.803526122186,1.0,0.881221707239,12,0.038
Fig. 2(b),4,4-QAM,full_state_raw_label_srm,0.95,1.9,0.805,0.225885853291,full_d,0.95,0.803526122186,1.0,0.880528414049,12,0.003
Fig. 2(b),4,4-QAM,full_state_raw_label_srm,0.95,1.9,0.8075,0.226214677077,full_d,0.95,0.803526122186,0.999999999999,0.879833563511,12,0.007
Fig. 2(b),4,4-QAM,full_state_raw_label_srm,0.95,1.9,0.81,0.226537018412,full_d,0.95,0.803526122186,0.999999999999,0.879137161434,12,0.019
Fig. 2(b),4,4-QAM,full_state_raw_label_srm,0.95,1.9,0.8125,0.226852885565,full_d,0.95,0.803526122186,0.999999999999,0.878439213656,12,0.003
Fig. 2(b),4,4-QAM,full_state_raw_label_srm,0.95,1.9,0.815,0.227162287498,full_d,0.95,0.803526122186,0.999999999999,0.877739726035,12,0.026
Fig. 2(b),4,4-QAM,full_state_raw_label_srm,0.95,1.9,0.8175,0.227465233859,full_d,0.95,0.803526122186,0.999999999999,0.877038704458,12,0.003
Fig. 2(b),4,4-QAM,full_state_raw_label_srm,0.95,1.9,0.82,0.227761734981,low_d,0.95,0.803526122186,0.999999999999,0.876336154833,12,0.037
Fig. 2(b),4,4-QAM,full_state_raw_label_srm,0.95,1.9,0.822,0.227994302686,low_d,0.95,0.803526122186,0.999999999999,0.875773018925,12,0.003
Fig. 2(b),4,4-QAM,full_state_raw_label_srm,0.95,1.9,0.8225,0.22805180188,full_d,0.95,0.803526122186,0.999999999999,0.875632083094,12,0.004
Fig. 2(b),4,4-QAM,full_state_raw_label_srm,0.95,1.9,0.824,0.228222758425,low_d,0.95,0.803526122186,0.999999999991,0.875208911914,12,0.004
Fig. 2(b),4,4-QAM,full_state_raw_label_srm,0.95,1.9,0.825,0.228335446245,full_d,0.95,0.803526122186,0.999999999996,0.8749264952,12,0.031
Fig. 2(b),4,4-QAM,full_state_raw_label_srm,0.95,1.9,0.826,0.228447108431,low_d,0.95,0.803526122186,0.999999999998,0.874643836858,12,0.003
Fig. 2(b),4,4-QAM,full_state_raw_label_srm,0.95,1.9,0.8275,0.228612680448,full_d,0.95,0.803526122186,1.0,0.874219397134,12,0.003
Fig. 2(b),4,4-QAM,full_state_raw_label_srm,0.95,1.9,0.828,0.228667359203,low_d,0.95,0.803526122186,0.999999999997,0.874077796829,12,0.003
Fig. 2(b),4,4-QAM,full_state_raw_label_srm,0.95,1.9,0.83,0.228883517523,low_d,0.95,0.803526122186,0.999999999995,0.873510794905,12,0.007
Fig. 2(b),4,4-QAM,full_state_raw_label_srm,0.95,1.9,0.832,0.229095590444,low_d,0.95,0.803526122186,0.999999999999,0.872942834177,12,0.029
Fig. 2(b),4,4-QAM,full_state_raw_label_srm,0.95,1.9,0.8325,0.229147971182,full_d,0.95,0.803526122186,1.0,0.872800694544,12,0.048
Fig. 2(b),4,4-QAM,full_state_raw_label_srm,0.95,1.9,0.834,0.229303585286,low_d,0.95,0.803526122186,0.999999999995,0.872373917744,12,0.004
Fig. 2(b),4,4-QAM,full_state_raw_label_srm,0.95,1.9,0.835,0.229406055793,full_d,0.95,0.803526122186,0.999999999998,0.872089102111,12,0.003
Fig. 2(b),4,4-QAM,full_state_raw_label_srm,0.95,1.9,0.836,0.22950750965,low_d,0.95,0.803526122186,0.999999999999,0.871804048718,12,0.003
Fig. 2(b),4,4-QAM,full_state_raw_label_srm,0.95,1.9,0.8375,0.229657786389,full_d,0.95,0.803526122186,0.999999999997,0.871376023686,12,0.03
Fig. 2(b),4,4-QAM,full_state_raw_label_srm,0.95,1.9,0.838,0.229707371396,low_d,0.95,0.803526122186,0.999999999998,0.871233230219,12,0.003
Fig. 2(b),4,4-QAM,full_state_raw_label_srm,0.95,1.9,0.84,0.229903178661,low_d,0.95,0.803526122186,1.0,0.870661465377,12,0.039
Fig. 2(b),4,4-QAM,full_state_raw_label_srm,0.95,1.9,0.842,0.230094939843,low_d,0.95,0.803526122186,0.999999999999,0.870088757332,12,0.004
Fig. 2(b),4,4-QAM,full_state_raw_label_srm,0.95,1.9,0.8425,0.230142248947,full_d,0.95,0.803526122186,0.999999999997,0.869945433315,12,0.003
Fig. 2(b),4,4-QAM,full_state_raw_label_srm,0.95,1.9,0.844,0.23028266361,low_d,0.95,0.803526122186,1.0,0.869515109237,12,0.003
Fig. 2(b),4,4-QAM,full_state_raw_label_srm,0.95,1.9,0.845,0.230375014243,full_d,0.95,0.803526122186,0.999999999996,0.869227933658,12,0.003
Fig. 2(b),4,4-QAM,full_state_raw_label_srm,0.95,1.9,0.846,0.230466358893,low_d,0.95,0.803526122186,1.0,0.868940524252,12,0.054
Fig. 2(b),4,4-QAM,full_state_raw_label_srm,0.95,1.9,0.8475,0.230601492182,full_d,0.95,0.803526122186,1.0,0.868508972586,12,0.003
Fig. 2(b),4,4-QAM,full_state_raw_label_srm,0.95,1.9,0.848,0.230646034884,low_d,0.95,0.803526122186,0.999999999997,0.868365005547,12,0.003
Fig. 2(b),4,4-QAM,full_state_raw_label_srm,0.95,1.9,0.85,0.230821701042,low_d,0.95,0.803526122186,1.0,0.867788556305,12,0.003
Fig. 2(b),4,4-QAM,full_state_raw_label_srm,0.95,1.9,0.852,0.23099336708,low_d,0.95,0.803526122186,1.0,0.867211179717,12,0.004
Fig. 2(b),4,4-QAM,full_state_raw_label_srm,0.95,1.9,0.8525,0.231035659734,full_d,0.95,0.803526122186,0.999999999999,0.867066691047,12,0.025
Fig. 2(b),4,4-QAM,full_state_raw_label_srm,0.95,1.9,0.854,0.231161042974,low_d,0.95,0.803526122186,1.0,0.866632878984,12,0.02
Fig. 2(b),4,4-QAM,full_state_raw_label_srm,0.95,1.9,0.855,0.231243387804,full_d,0.95,0.803526122186,0.999999999998,0.866343383066,12,0.004
Fig. 2(b),4,4-QAM,full_state_raw_label_srm,0.95,1.9,0.856,0.231324738956,low_d,0.95,0.803526122186,0.999999999999,0.866053657317,12,0.003
Fig. 2(b),4,4-QAM,full_state_raw_label_srm,0.95,1.9,0.8575,0.231444905424,full_d,0.95,0.803526122186,1.0,0.865618638643,12,0.003
Fig. 2(b),4,4-QAM,full_state_raw_label_srm,0.95,1.9,0.858,0.231484465513,low_d,0.95,0.803526122186,0.999999999998,0.865473517939,12,0.003
Fig. 2(b),4,4-QAM,full_state_raw_label_srm,0.95,1.9,0.86,0.231640233388,low_d,0.95,0.803526122186,1.0,0.864892464082,12,0.012
Fig. 2(b),4,4-QAM,full_state_raw_label_srm,0.95,1.9,0.862,0.231792053574,low_d,0.95,0.803526122186,0.999999999998,0.864310498987,12,0.004
Fig. 2(b),4,4-QAM,full_state_raw_label_srm,0.95,1.9,0.8625,0.231829393107,full_d,0.95,0.803526122186,0.999999999997,0.864164865713,12,0.081
Fig. 2(b),4,4-QAM,full_state_raw_label_srm,0.95,1.9,0.864,0.231939937319,low_d,0.95,0.803526122186,1.0,0.863727625906,12,0.052
Fig. 2(b),4,4-QAM,full_state_raw_label_srm,0.95,1.9,0.865,0.232012406608,full_d,0.95,0.803526122186,1.0,0.86343584989,12,0.003
Fig. 2(b),4,4-QAM,full_state_raw_label_srm,0.95,1.9,0.866,0.232083896117,low_d,0.95,0.803526122186,1.0,0.863143848102,12,0.073
Fig. 2(b),4,4-QAM,full_state_raw_label_srm,0.95,1.9,0.8675,0.232189296523,full_d,0.95,0.803526122186,1.0,0.862705422992,12,0.004
Fig. 2(b),4,4-QAM,full_state_raw_label_srm,0.95,1.9,0.868,0.232223941709,low_d,0.95,0.803526122186,0.999999999999,0.862559168846,12,0.005
Fig. 2(b),4,4-QAM,full_state_raw_label_srm,0.95,1.9,0.87,0.232360086086,low_d,0.95,0.803526122186,0.999999999998,0.861973591421,12,0.003
Fig. 2(b),4,4-QAM,full_state_raw_label_srm,0.95,1.9,0.872,0.232492341482,low_d,0.95,0.803526122186,0.999999999998,0.861387119118,12,0.003
Fig. 2(b),4,4-QAM,full_state_raw_label_srm,0.95,1.9,0.8725,0.232524799134,full_d,0.95,0.803526122186,0.999999999999,0.861240361605,12,0.018
Fig. 2(b),4,4-QAM,full_state_raw_label_srm,0.95,1.9,0.874,0.232620720371,low_d,0.95,0.803526122186,0.999999999998,0.86079975524,12,0.004
Fig. 2(b),4,4-QAM,full_state_raw_label_srm,0.95,1.9,0.875,0.232683460091,full_d,0.95,0.803526122186,1.0,0.860505739996,12,0.011
Fig. 2(b),4,4-QAM,full_state_raw_label_srm,0.95,1.9,0.876,0.232745235471,low_d,0.95,0.803526122186,0.999999999998,0.8602115031,12,0.028
Fig. 2(b),4,4-QAM,full_state_raw_label_srm,0.95,1.9,0.8775,0.23283609397,full_d,0.95,0.803526122186,0.999999999998,0.85976973307,12,0.003
Fig. 2(b),4,4-QAM,full_state_raw_label_srm,0.95,1.9,0.878,0.232865899739,low_d,0.95,0.803526122186,1.0,0.859622366018,12,0.004
Fig. 2(b),4,4-QAM,full_state_raw_label_srm,0.95,1.9,0.88,0.232982726365,low_d,0.95,0.803526122186,0.999999999997,0.859032347327,12,0.003
Fig. 2(b),4,4-QAM,full_state_raw_label_srm,0.95,1.9,0.882,0.233095728782,low_d,0.95,0.803526122186,0.999999999998,0.85844145037,12,0.004
Fig. 2(b),4,4-QAM,full_state_raw_label_srm,0.95,1.9,0.8825,0.233123383449,full_d,0.95,0.803526122186,1.0,0.858293589293,12,0.003
Fig. 2(b),4,4-QAM,full_state_raw_label_srm,0.95,1.9,0.884,0.233204920649,low_d,0.95,0.803526122186,0.999999999999,0.857849678496,12,0.003
Fig. 2(b),4,4-QAM,full_state_raw_label_srm,0.95,1.9,0.885,0.23325809196,full_d,0.95,0.803526122186,1.0,0.857553465517,12,0.014
Fig. 2(b),4,4-QAM,full_state_raw_label_srm,0.95,1.9,0.886,0.233310315863,low_d,0.95,0.803526122186,1.0,0.85725703507,12,0.005
Fig. 2(b),4,4-QAM,full_state_raw_label_srm,0.95,1.9,0.8875,0.233386879206,full_d,0.95,0.803526122186,1.0,0.856811982571,12,0.016
Fig. 2(b),4,4-QAM,full_state_raw_label_srm,0.95,1.9,0.888,0.233411928545,low_d,0.95,0.803526122186,0.999999999999,0.856663523461,12,0.003
Fig. 2(b),4,4-QAM,full_state_raw_label_srm,0.95,1.9,0.89,0.23350977305,low_d,0.95,0.803526122186,1.0,0.856069147051,12,0.011
Fig. 2(b),4,4-QAM,full_state_raw_label_srm,0.95,1.9,0.892,0.233603863953,low_d,0.95,0.803526122186,0.999999999996,0.855473909232,12,0.097
Fig. 2(b),4,4-QAM,full_state_raw_label_srm,0.95,1.9,0.8925,0.233626801909,full_d,0.95,0.803526122186,0.999999999999,0.85532496558,12,0.003
Fig. 2(b),4,4-QAM,full_state_raw_label_srm,0.95,1.9,0.894,0.233694216059,low_d,0.95,0.803526122186,1.0,0.854877813404,12,0.106
Fig. 2(b),4,4-QAM,full_state_raw_label_srm,0.95,1.9,0.895,0.233737994748,full_d,0.95,0.803526122186,0.999999999996,0.854579444802,12,0.015
Fig. 2(b),4,4-QAM,full_state_raw_label_srm,0.95,1.9,0.896,0.233780844389,low_d,0.95,0.803526122186,0.999999999999,0.854280862977,12,0.003
Fig. 2(b),4,4-QAM,full_state_raw_label_srm,0.95,1.9,0.8975,0.233843381072,full_d,0.95,0.803526122186,0.999999999999,0.853832591384,12,0.017
Fig. 2(b),4,4-QAM,full_state_raw_label_srm,0.95,1.9,0.898,0.233863764189,low_d,0.95,0.803526122186,1.0,0.853683061372,12,0.003
Fig. 2(b),4,4-QAM,full_state_raw_label_srm,0.95,1.9,0.9,0.233942990919,low_d,0.95,0.803526122186,1.0,0.853084412019,12,0.004
Fig. 2(b),4,4-QAM,full_state_raw_label_srm,0.95,1.9,0.902,0.234018540258,low_d,0.95,0.803526122186,1.0,0.852484918357,12,0.003
Fig. 2(b),4,4-QAM,full_state_raw_label_srm,0.95,1.9,0.9025,0.234036854858,full_d,0.95,0.803526122186,1.0,0.852334913422,12,0.018
Fig. 2(b),4,4-QAM,full_state_raw_label_srm,0.95,1.9,0.904,0.234090428097,low_d,0.95,0.803526122186,1.0,0.851884583835,12,0.003
Fig. 2(b),4,4-QAM,full_state_raw_label_srm,0.95,1.9,0.905,0.234125003978,full_d,0.95,0.803526122186,1.0,0.851584102332,12,0.013
Fig. 2(b),4,4-QAM,full_state_raw_label_srm,0.95,1.9,0.906,0.234158670539,low_d,0.95,0.803526122186,1.0,0.851283411912,12,0.011
Fig. 2(b),4,4-QAM,full_state_raw_label_srm,0.95,1.9,0.9075,0.234207469883,full_d,0.95,0.803526122186,0.999999999999,0.850831985511,12,0.003
Fig. 2(b),4,4-QAM,full_state_raw_label_srm,0.95,1.9,0.908,0.234223283896,low_d,0.95,0.803526122186,1.0,0.850681406056,12,0.003
Fig. 2(b),4,4-QAM,full_state_raw_label_srm,0.95,1.9,0.91,0.234284284688,low_d,0.95,0.803526122186,1.0,0.850078569744,12,0.028
Fig. 2(b),4,4-QAM,full_state_raw_label_srm,0.95,1.9,0.912,0.234341689641,low_d,0.95,0.803526122186,1.0,0.849474906463,12,0.003
Fig. 2(b),4,4-QAM,full_state_raw_label_srm,0.95,1.9,0.9125,0.234355481008,full_d,0.95,0.803526122186,1.0,0.849323861839,12,0.04
Fig. 2(b),4,4-QAM,full_state_raw_label_srm,0.95,1.9,0.914,0.234395515682,low_d,0.95,0.803526122186,1.0,0.84887041971,12,0.004
Fig. 2(b),4,4-QAM,full_state_raw_label_srm,0.95,1.9,0.915,0.234421091955,full_d,0.95,0.803526122186,1.0,0.848567868627,12,0.011
Fig. 2(b),4,4-QAM,full_state_raw_label_srm,0.95,1.9,0.916,0.23444577994,low_d,0.95,0.803526122186,1.0,0.84826511299,12,0.003
Fig. 2(b),4,4-QAM,full_state_raw_label_srm,0.95,1.9,0.9175,0.234481151129,full_d,0.95,0.803526122186,1.0,0.847810596961,12,0.004
Fig. 2(b),4,4-QAM,full_state_raw_label_srm,0.95,1.9,0.918,0.234492499742,low_d,0.95,0.803526122186,0.999999999998,0.847658989818,12,0.003
Fig. 2(b),4,4-QAM,full_state_raw_label_srm,0.95,1.9,0.92,0.234535692614,low_d,0.95,0.803526122186,1.0,0.847052053718,12,0.004
Fig. 2(b),4,4-QAM,full_state_raw_label_srm,0.95,1.9,0.922,0.23457537627,low_d,0.95,0.803526122186,0.999999999999,0.846444308224,12,0.003
Fig. 2(b),4,4-QAM,full_state_raw_label_srm,0.95,1.9,0.9225,0.234584750964,full_d,0.95,0.803526122186,0.999999999999,0.846292245797,12,0.047
Fig. 2(b),4,4-QAM,full_state_raw_label_srm,0.95,1.9,0.924,0.234611568622,low_d,0.95,0.803526122186,1.0,0.845835756877,12,0.013
Fig. 2(b),4,4-QAM,full_state_raw_label_srm,0.95,1.9,0.925,0.234628361208,full_d,0.95,0.803526122186,1.0,0.845531180118,12,0.003
Fig. 2(b),4,4-QAM,full_state_raw_label_srm,0.95,1.9,0.926,0.234644287768,low_d,0.95,0.803526122186,0.999999999998,0.845226403229,12,0.003
Fig. 2(b),4,4-QAM,full_state_raw_label_srm,0.95,1.9,0.9275,0.23466655883,full_d,0.95,0.803526122186,1.0,0.844768863624,12,0.004
Fig. 2(b),4,4-QAM,full_state_raw_label_srm,0.95,1.9,0.928,0.234673551994,low_d,0.95,0.803526122186,0.999999999999,0.84461625084,12,0.003
Fig. 2(b),4,4-QAM,full_state_raw_label_srm,0.95,1.9,0.93,0.23469937977,low_d,0.95,0.803526122186,0.999999999999,0.844005303281,12,0.01
Fig. 2(b),4,4-QAM,full_state_raw_label_srm,0.95,1.9,0.932,0.234721789749,low_d,0.95,0.803526122186,0.999999999999,0.843393564129,12,0.003
Fig. 2(b),4,4-QAM,full_state_raw_label_srm,0.95,1.9,0.9325,0.234726860416,full_d,0.95,0.803526122186,0.999999999999,0.843240506075,12,0.003
Fig. 2(b),4,4-QAM,full_state_raw_label_srm,0.95,1.9,0.934,0.234740800764,low_d,0.95,0.803526122186,1.0,0.842781036971,12,0.011
Fig. 2(b),4,4-QAM,full_state_raw_label_srm,0.95,1.9,0.935,0.234749037594,full_d,0.95,0.803526122186,0.999999999998,0.842474479014,12,0.006
Fig. 2(b),4,4-QAM,full_state_raw_label_srm,0.95,1.9,0.936,0.234756431825,low_d,0.95,0.803526122186,1.0,0.842167725404,12,0.003
Fig. 2(b),4,4-QAM,full_state_raw_label_srm,0.95,1.9,0.9375,0.234765948561,full_d,0.95,0.803526122186,0.999999999999,0.841707229127,12,0.011
Fig. 2(b),4,4-QAM,full_state_raw_label_srm,0.95,1.9,0.938,0.234768702118,low_d,0.95,0.803526122186,1.0,0.841553633031,12,0.032
Fig. 2(b),4,4-QAM,full_state_raw_label_srm,0.95,1.9,0.94,0.234777631001,low_d,0.95,0.803526122186,1.0,0.840938763467,12,0.003
Fig. 2(b),4,4-QAM,full_state_raw_label_srm,0.95,1.9,0.942,0.234783238001,low_d,0.95,0.803526122186,1.0,0.840323120332,12,0.046
Fig. 2(b),4,4-QAM,full_state_raw_label_srm,0.95,1.9,0.9425,0.234784123012,full_d,0.95,0.803526122186,0.999999999999,0.840169089103,12,0.003
Fig. 2(b),4,4-QAM,full_state_raw_label_srm,0.95,1.9,0.944,0.234785542816,low_d,0.95,0.803526122186,1.0,0.839706707258,12,0.005
Fig. 2(b),4,4-QAM,full_state_raw_label_srm,0.95,1.9,0.945,0.234785463104,full_d,0.95,0.803526122186,1.0,0.83939821313,12,0.027
Fig. 2(b),4,4-QAM,full_state_raw_label_srm,0.95,1.9,0.946,0.234784565306,low_d,0.95,0.803526122186,0.999999999999,0.839089527883,12,0.003
Fig. 2(b),4,4-QAM,full_state_raw_label_srm,0.95,1.9,0.9475,0.234781690189,full_d,0.95,0.803526122186,1.0,0.838626142661,12,0.011
Fig. 2(b),4,4-QAM,full_state_raw_label_srm,0.95,1.9,0.948,0.234780325496,low_d,0.95,0.803526122186,0.999999999999,0.838471585854,12,0.003
Fig. 2(b),4,4-QAM,full_state_raw_label_srm,0.95,1.9,0.95,0.234772843571,low_d,0.95,0.803526122186,0.999999999999,0.837852884828,12,0.025
Fig. 2(b),4,4-QAM,full_state_raw_label_srm,0.95,1.9,0.952,0.234762139872,low_d,0.95,0.803526122186,0.999999999999,0.837233428467,12,0.112
Fig. 2(b),4,4-QAM,full_state_raw_label_srm,0.95,1.9,0.9525,0.234758962944,full_d,0.95,0.803526122186,1.0,0.837078446786,12,0.003
Fig. 2(b),4,4-QAM,full_state_raw_label_srm,0.95,1.9,0.954,0.234748234896,low_d,0.95,0.803526122186,0.999999999999,0.836613220443,12,0.003
Fig. 2(b),4,4-QAM,full_state_raw_label_srm,0.95,1.9,0.955,0.234740088377,full_d,0.95,0.803526122186,1.0,0.836302835708,12,0.035
Fig. 2(b),4,4-QAM,full_state_raw_label_srm,0.95,1.9,0.956,0.234731149295,low_d,0.95,0.803526122186,1.0,0.835992264437,12,0.003
Fig. 2(b),4,4-QAM,full_state_raw_label_srm,0.95,1.9,0.9575,0.234716260314,full_d,0.95,0.803526122186,1.0,0.835526058788,12,0.003
Fig. 2(b),4,4-QAM,full_state_raw_label_srm,0.95,1.9,0.958,0.234710903866,low_d,0.95,0.803526122186,0.999999999999,0.835370564137,12,0.003
Fig. 2(b),4,4-QAM,full_state_raw_label_srm,0.95,1.9,0.96,0.23468751956,low_d,0.95,0.803526122186,1.0,0.834748123239,12,0.003
Fig. 2(b),4,4-QAM,full_state_raw_label_srm,0.95,1.9,0.962,0.234661017466,low_d,0.95,0.803526122186,1.0,0.834124945446,12,0.003
Fig. 2(b),4,4-QAM,full_state_raw_label_srm,0.95,1.9,0.9625,0.234653907274,full_d,0.95,0.803526122186,1.0,0.833969036293,12,0.003
Fig. 2(b),4,4-QAM,full_state_raw_label_srm,0.95,1.9,0.964,0.234631418821,low_d,0.95,0.803526122186,1.0,0.83350103447,12,0.01
Fig. 2(b),4,4-QAM,full_state_raw_label_srm,0.95,1.9,0.965,0.234615464966,full_d,0.95,0.803526122186,1.0,0.833188805201,12,0.017
Fig. 2(b),4,4-QAM,full_state_raw_label_srm,0.95,1.9,0.966,0.234598744999,low_d,0.95,0.803526122186,0.999999999999,0.832876394031,12,0.005
Fig. 2(b),4,4-QAM,full_state_raw_label_srm,0.95,1.9,0.9675,0.234572234482,full_d,0.95,0.803526122186,1.0,0.832407437233,12,0.003
Fig. 2(b),4,4-QAM,full_state_raw_label_srm,0.95,1.9,0.968,0.23456301751,low_d,0.95,0.803526122186,1.0,0.832251027855,12,0.026
Fig. 2(b),4,4-QAM,full_state_raw_label_srm,0.95,1.9,0.97,0.234524258,low_d,0.95,0.803526122186,0.999999999998,0.831624939677,12,0.008
Fig. 2(b),4,4-QAM,full_state_raw_label_srm,0.95,1.9,0.972,0.234482488248,low_d,0.95,0.803526122186,1.0,0.830998133239,12,0.004
Fig. 2(b),4,4-QAM,full_state_raw_label_srm,0.95,1.9,0.9725,0.234471578024,full_d,0.95,0.803526122186,1.0,0.830841319841,12,0.066
Fig. 2(b),4,4-QAM,full_state_raw_label_srm,0.95,1.9,0.974,0.234437730159,low_d,0.95,0.803526122186,1.0,0.830370612291,12,0.011
Fig. 2(b),4,4-QAM,full_state_raw_label_srm,0.95,1.9,0.975,0.234414237368,full_d,0.95,0.803526122186,1.0,0.830056585048,12,0.003
Fig. 2(b),4,4-QAM,full_state_raw_label_srm,0.95,1.9,0.976,0.234390005765,low_d,0.95,0.803526122186,1.0,0.829742380588,12,0.003
Fig. 2(b),4,4-QAM,full_state_raw_label_srm,0.95,1.9,0.9775,0.234352279157,full_d,0.95,0.803526122186,1.0,0.829270742642,12,0.003
Fig. 2(b),4,4-QAM,full_state_raw_label_srm,0.95,1.9,0.978,0.234339337225,low_d,0.95,0.803526122186,1.0,0.829113441894,12,0.021
Fig. 2(b),4,4-QAM,full_state_raw_label_srm,0.95,1.9,0.98,0.234285746814,low_d,0.95,0.803526122186,0.999999999999,0.828483799982,12,0.04
Fig. 2(b),4,4-QAM,full_state_raw_label_srm,0.95,1.9,0.982,0.234229256929,low_d,0.95,0.803526122186,1.0,0.827853458627,12,0.003
Fig. 2(b),4,4-QAM,full_state_raw_label_srm,0.95,1.9,0.9825,0.23421468405,full_d,0.95,0.803526122186,1.0,0.827695764444,12,0.006
Fig. 2(b),4,4-QAM,full_state_raw_label_srm,0.95,1.9,0.984,0.23416989008,low_d,0.95,0.803526122186,1.0,0.827222421616,12,0.003
Fig. 2(b),4,4-QAM,full_state_raw_label_srm,0.95,1.9,0.985,0.234139134861,full_d,0.95,0.803526122186,1.0,0.826906643424,12,0.059
Fig. 2(b),4,4-QAM,full_state_raw_label_srm,0.95,1.9,0.986,0.234107668894,low_d,0.95,0.803526122186,1.0,0.82659069274,12,0.047
Fig. 2(b),4,4-QAM,full_state_raw_label_srm,0.95,1.9,0.9875,0.234059143516,full_d,0.95,0.803526122186,1.0,0.826116444331,12,0.015
Fig. 2(b),4,4-QAM,full_state_raw_label_srm,0.95,1.9,0.988,0.234042616102,low_d,0.95,0.803526122186,1.0,0.825958275797,12,0.003
Fig. 2(b),4,4-QAM,full_state_raw_label_srm,0.95,1.9,0.99,0.233974754549,low_d,0.95,0.803526122186,1.0,0.825325174592,12,0.004
Fig. 2(b),4,4-QAM,full_state_raw_label_srm,0.95,1.9,0.992,0.233904107179,low_d,0.95,0.803526122186,1.0,0.824691392936,12,0.003
Fig. 2(b),4,4-QAM,full_state_raw_label_srm,0.95,1.9,0.9925,0.233886012751,full_d,0.95,0.803526122186,1.0,0.824532841649,12,0.003
Fig. 2(b),4,4-QAM,full_state_raw_label_srm,0.95,1.9,0.994,0.233830697041,low_d,0.95,0.803526122186,1.0,0.824056934648,12,0.004
Fig. 2(b),4,4-QAM,full_state_raw_label_srm,0.95,1.9,0.995,0.233792963163,full_d,0.95,0.803526122186,1.0,0.823739452962,12,0.003
Fig. 2(b),4,4-QAM,full_state_raw_label_srm,0.95,1.9,0.996,0.233754547282,low_d,0.95,0.803526122186,1.0,0.823421803553,12,0.003
Fig. 2(b),4,4-QAM,full_state_raw_label_srm,0.95,1.9,0.9975,0.233695651067,full_d,0.95,0.803526122186,1.0,0.822945016005,12,0.05
Fig. 2(b),4,4-QAM,full_state_raw_label_srm,0.95,1.9,0.998,0.233675681147,low_d,0.95,0.803526122186,1.0,0.822786003479,12,0.003
Fig. 2(b),4,4-QAM,full_state_raw_label_srm,0.95,1.9,1.0,0.233594121973,low_d,0.95,0.803526122186,1.0,0.822149538265,12,0.029
Fig. 2(b),4,4-QAM,full_state_raw_label_srm,0.95,1.9,1.002,0.233509893188,low_d,0.95,0.803526122186,0.999999999999,0.821512411753,12,0.003
Fig. 2(b),4,4-QAM,full_state_raw_label_srm,0.95,1.9,1.0025,0.233488421619,full_d,0.95,0.803526122186,0.999999999999,0.821353027248,12,0.003
Fig. 2(b),4,4-QAM,full_state_raw_label_srm,0.95,1.9,1.004,0.233423018309,low_d,0.95,0.803526122186,1.0,0.820874627791,12,0.003
Fig. 2(b),4,4-QAM,full_state_raw_label_srm,0.95,1.9,1.005,0.233378595957,full_d,0.95,0.803526122186,1.0,0.820555490471,12,0.003
Fig. 2(b),4,4-QAM,full_state_raw_label_srm,0.95,1.9,1.006,0.233333520938,low_d,0.95,0.803526122186,1.0,0.820236190234,12,0.004
Fig. 2(b),4,4-QAM,full_state_raw_label_srm,0.95,1.9,1.0075,0.233264691143,full_d,0.95,0.803526122186,1.0,0.819756935466,12,0.003
Fig. 2(b),4,4-QAM,full_state_raw_label_srm,0.95,1.9,1.008,0.233241424758,low_d,0.95,0.803526122186,1.0,0.819597102942,12,0.003
Fig. 2(b),4,4-QAM,full_state_raw_label_srm,0.95,1.9,1.01,0.233146753534,low_d,0.95,0.803526122186,1.0,0.81895736978,12,0.004
Fig. 2(b),4,4-QAM,full_state_raw_label_srm,0.95,1.9,1.012,0.233049531107,low_d,0.95,0.803526122186,1.0,0.818316994621,12,0.058
Fig. 2(b),4,4-QAM,full_state_raw_label_srm,0.95,1.9,1.0125,0.233024829676,full_d,0.95,0.803526122186,1.0,0.818156800973,12,0.003
Fig. 2(b),4,4-QAM,full_state_raw_label_srm,0.95,1.9,1.014,0.232949781392,low_d,0.95,0.803526122186,1.0,0.817675981341,12,0.054
Fig. 2(b),4,4-QAM,full_state_raw_label_srm,0.95,1.9,1.015,0.232898966294,full_d,0.95,0.803526122186,1.0,0.817355236618,12,0.005
Fig. 2(b),4,4-QAM,full_state_raw_label_srm,0.95,1.9,1.016,0.232847528375,low_d,0.95,0.803526122186,1.0,0.817034333821,12,0.026
Fig. 2(b),4,4-QAM,full_state_raw_label_srm,0.95,1.9,1.0175,0.232769210289,full_d,0.95,0.803526122186,1.0,0.8165526843,12,0.006
Fig. 2(b),4,4-QAM,full_state_raw_label_srm,0.95,1.9,1.018,0.232742796112,low_d,0.95,0.803526122186,1.0,0.816392055949,12,0.003
Fig. 2(b),4,4-QAM,full_state_raw_label_srm,0.95,1.9,1.02,0.232635608723,low_d,0.95,0.803526122186,1.0,0.815749151617,12,0.003
Fig. 2(b),4,4-QAM,full_state_raw_label_srm,0.95,1.9,1.022,0.232525990393,low_d,0.95,0.803526122186,1.0,0.815105624722,12,0.003
Fig. 2(b),4,4-QAM,full_state_raw_label_srm,0.95,1.9,1.0225,0.232498208816,full_d,0.95,0.803526122186,1.0,0.81494464618,12,0.003
Fig. 2(b),4,4-QAM,full_state_raw_label_srm,0.95,1.9,1.024,0.232413965365,low_d,0.95,0.803526122186,1.0,0.814461479167,12,0.004
Fig. 2(b),4,4-QAM,full_state_raw_label_srm,0.95,1.9,1.025,0.232357057931,full_d,0.95,0.803526122186,1.0,0.814139175612,12,0.003
Fig. 2(b),4,4-QAM,full_state_raw_label_srm,0.95,1.9,1.026,0.232299557941,low_d,0.95,0.803526122186,1.0,0.813816718857,12,0.006
Fig. 2(b),4,4-QAM,full_state_raw_label_srm,0.95,1.9,1.0275,0.232212203575,full_d,0.95,0.803526122186,0.999999999999,0.813332747545,12,0.048
Fig. 2(b),4,4-QAM,full_state_raw_label_srm,0.95,1.9,1.028,0.232182792476,low_d,0.95,0.803526122186,1.0,0.813171347705,12,0.051
Fig. 2(b),4,4-QAM,full_state_raw_label_srm,0.95,1.9,1.03,0.232063693379,low_d,0.95,0.803526122186,1.0,0.812525369625,12,0.003
Fig. 2(b),4,4-QAM,full_state_raw_label_srm,0.95,1.9,1.032,0.231942285106,low_d,0.95,0.803526122186,1.0,0.811878788539,12,0.004
Fig. 2(b),4,4-QAM,full_state_raw_label_srm,0.95,1.9,1.0325,0.2319115751,full_d,0.95,0.803526122186,1.0,0.811717049507,12,0.009
Fig. 2(b),4,4-QAM,full_state_raw_label_srm,0.95,1.9,1.034,0.231818592161,low_d,0.95,0.803526122186,1.0,0.81123160837,12,0.003
Fig. 2(b),4,4-QAM,full_state_raw_label_srm,0.95,1.9,1.035,0.231755896605,full_d,0.95,0.803526122186,1.0,0.810907794858,12,0.003
Fig. 2(b),4,4-QAM,full_state_raw_label_srm,0.95,1.9,1.036,0.231692639088,low_d,0.95,0.803526122186,1.0,0.810583833048,12,0.003
Fig. 2(b),4,4-QAM,full_state_raw_label_srm,0.95,1.9,1.0375,0.231596705865,full_d,0.95,0.803526122186,1.0,0.810097613352,12,0.114
Fig. 2(b),4,4-QAM,full_state_raw_label_srm,0.95,1.9,1.038,0.231564450477,low_d,0.95,0.803526122186,1.0,0.809935466505,12,0.003
Fig. 2(b),4,4-QAM,full_state_raw_label_srm,0.95,1.9,1.04,0.23143405095,low_d,0.95,0.803526122186,1.0,0.809286512677,12,0.013
Fig. 2(b),4,4-QAM,full_state_raw_label_srm,0.95,1.9,1.042,0.231301465169,low_d,0.95,0.803526122186,1.0,0.808636975504,12,0.019
Fig. 2(b),4,4-QAM,full_state_raw_label_srm,0.95,1.9,1.0425,0.231267980014,full_d,0.95,0.803526122186,1.0,0.808474500526,12,0.056
Fig. 2(b),4,4-QAM,full_state_raw_label_srm,0.95,1.9,1.044,0.231166717825,low_d,0.95,0.803526122186,1.0,0.807986858932,12,0.003
Fig. 2(b),4,4-QAM,full_state_raw_label_srm,0.95,1.9,1.045,0.231098541291,full_d,0.95,0.803526122186,1.0,0.807661584605,12,0.004
Fig. 2(b),4,4-QAM,full_state_raw_label_srm,0.95,1.9,1.046,0.231029833639,low_d,0.95,0.803526122186,1.0,0.807336166907,12,0.003
Fig. 2(b),4,4-QAM,full_state_raw_label_srm,0.95,1.9,1.0475,0.230925783084,full_d,0.95,0.803526122186,1.0,0.806847772625,12,0.003
Fig. 2(b),4,4-QAM,full_state_raw_label_srm,0.95,1.9,1.048,0.23089083736,low_d,0.95,0.803526122186,0.999999999999,0.806684903381,12,0.027
Fig. 2(b),4,4-QAM,full_state_raw_label_srm,0.95,1.9,1.05,0.23074975376,low_d,0.95,0.803526122186,1.0,0.806033072307,12,0.003
Fig. 2(b),4,4-QAM,full_state_raw_label_srm,0.95,1.9,1.052,0.230606607632,low_d,0.95,0.803526122186,0.999999999999,0.805380677644,12,0.052
Fig. 2(b),4,4-QAM,full_state_raw_label_srm,0.95,1.9,1.0525,0.230570501737,full_d,0.95,0.803526122186,1.0,0.805217491381,12,0.003
Fig. 2(b),4,4-QAM,full_state_raw_label_srm,0.95,1.9,1.054,0.230461423788,low_d,0.95,0.803526122186,1.0,0.804727723351,12,0.003
Fig. 2(b),4,4-QAM,full_state_raw_label_srm,0.95,1.9,1.055,0.23038807548,full_d,0.95,0.803526122186,1.0,0.804401037583,12,0.003
Fig. 2(b),4,4-QAM,full_state_raw_label_srm,0.95,1.9,1.056,0.230314227054,low_d,0.95,0.803526122186,1.0,0.804074213393,12,0.009
Fig. 2(b),4,4-QAM,full_state_raw_label_srm,0.95,1.9,1.0575,0.230202523488,full_d,0.95,0.803526122186,1.0,0.803583718655,12,0.003
Fig. 2(b),4,4-QAM,full_state_raw_label_srm,0.95,1.9,1.058,0.230165042272,low_d,0.95,0.803526122186,1.0,0.803420151736,12,0.02
Fig. 2(b),4,4-QAM,full_state_raw_label_srm,0.95,1.9,1.06,0.230013894291,low_d,0.95,0.803526122186,1.0,0.802765542348,12,0.053
Fig. 2(b),4,4-QAM,full_state_raw_label_srm,0.95,1.9,1.062,0.22986080797,low_d,0.95,0.803526122186,1.0,0.802110389202,12,0.003
Fig. 2(b),4,4-QAM,full_state_raw_label_srm,0.95,1.9,1.0625,0.229822236437,full_d,0.95,0.803526122186,1.0,0.801946516419,12,0.004
Fig. 2(b),4,4-QAM,full_state_raw_label_srm,0.95,1.9,1.064,0.229705808169,low_d,0.95,0.803526122186,1.0,0.801454696271,12,0.003
Fig. 2(b),4,4-QAM,full_state_raw_label_srm,0.95,1.9,1.065,0.229627598485,full_d,0.95,0.803526122186,1.0,0.801126648629,12,0.003
Fig. 2(b),4,4-QAM,full_state_raw_label_srm,0.95,1.9,1.066,0.229548919755,low_d,0.95,0.803526122186,1.0,0.800798467533,12,0.003
Fig. 2(b),4,4-QAM,full_state_raw_label_srm,0.95,1.9,1.0675,0.229430028998,full_d,0.95,0.803526122186,1.0,0.800305946748,12,0.003
Fig. 2(b),4,4-QAM,full_state_raw_label_srm,0.95,1.9,1.068,0.229390167589,low_d,0.95,0.803526122186,1.0,0.800141706965,12,0.086
Fig. 2(b),4,4-QAM,full_state_raw_label_srm,0.95,1.9,1.07,0.229229576533,low_d,0.95,0.803526122186,1.0,0.799484418548,12,0.004
Fig. 2(b),4,4-QAM,full_state_raw_label_srm,0.95,1.9,1.072,0.22906717144,low_d,0.95,0.803526122186,1.0,0.798826606265,12,0.003
Fig. 2(b),4,4-QAM,full_state_raw_label_srm,0.95,1.9,1.0725,0.229026289635,full_d,0.95,0.803526122186,1.0,0.798662071807,12,0.01
Fig. 2(b),4,4-QAM,full_state_raw_label_srm,0.95,1.9,1.074,0.228902977154,low_d,0.95,0.803526122186,1.0,0.798168274101,12,0.003
Fig. 2(b),4,4-QAM,full_state_raw_label_srm,0.95,1.9,1.075,0.228820216826,full_d,0.95,0.803526122186,1.0,0.797838914309,12,0.013
Fig. 2(b),4,4-QAM,full_state_raw_label_srm,0.95,1.9,1.076,0.228737018511,low_d,0.95,0.803526122186,1.0,0.797509426041,12,0.003
Fig. 2(b),4,4-QAM,full_state_raw_label_srm,0.95,1.9,1.0775,0.228611406598,full_d,0.95,0.803526122186,1.0,0.797014953839,12,0.003
Fig. 2(b),4,4-QAM,full_state_raw_label_srm,0.95,1.9,1.078,0.228569320327,low_d,0.95,0.803526122186,1.0,0.796850066074,12,0.049
Fig. 2(b),4,4-QAM,full_state_raw_label_srm,0.95,1.9,1.08,0.228399907407,low_d,0.95,0.803526122186,1.0,0.796190198189,12,0.004
Fig. 2(b),4,4-QAM,full_state_raw_label_srm,0.95,1.9,1.082,0.228228804532,low_d,0.95,0.803526122186,1.0,0.795529826377,12,0.003
Fig. 2(b),4,4-QAM,full_state_raw_label_srm,0.95,1.9,1.0825,0.22818576766,full_d,0.95,0.803526122186,1.0,0.795364655153,12,0.003
Fig. 2(b),4,4-QAM,full_state_raw_label_srm,0.95,1.9,1.084,0.228056036463,low_d,0.95,0.803526122186,1.0,0.794868954628,12,0.003
Fig. 2(b),4,4-QAM,full_state_raw_label_srm,0.95,1.9,1.085,0.227969035712,full_d,0.95,0.803526122186,1.0,0.794538332526,12,0.022
Fig. 2(b),4,4-QAM,full_state_raw_label_srm,0.95,1.9,1.086,0.227881627937,low_d,0.95,0.803526122186,1.0,0.794207586938,12,0.003
Fig. 2(b),4,4-QAM,full_state_raw_label_srm,0.95,1.9,1.0875,0.227749759856,full_d,0.95,0.803526122186,1.0,0.79371123811,12,0.003
Fig. 2(b),4,4-QAM,full_state_raw_label_srm,0.95,1.9,1.088,0.22770560366,low_d,0.95,0.803526122186,1.0,0.793545727298,12,0.003
Fig. 2(b),4,4-QAM,full_state_raw_label_srm,0.95,1.9,1.09,0.227527988312,low_d,0.95,0.803526122186,1.0,0.792883379704,12,0.012
Fig. 2(b),4,4-QAM,full_state_raw_label_srm,0.95,1.9,1.092,0.227348806538,low_d,0.95,0.803526122186,1.0,0.792220548152,12,0.003
Fig. 2(b),4,4-QAM,full_state_raw_label_srm,0.95,1.9,1.0925,0.227303769226,full_d,0.95,0.803526122186,1.0,0.792054765114,12,0.023
Fig. 2(b),4,4-QAM,full_state_raw_label_srm,0.95,1.9,1.094,0.227168082949,low_d,0.95,0.803526122186,1.0,0.791557236637,12,0.046
Fig. 2(b),4,4-QAM,full_state_raw_label_srm,0.95,1.9,1.095,0.227077150654,full_d,0.95,0.803526122186,1.0,0.791225402143,12,0.003
Fig. 2(b),4,4-QAM,full_state_raw_label_srm,0.95,1.9,1.096,0.226985842116,low_d,0.95,0.803526122186,1.0,0.790893449157,12,0.003
Fig. 2(b),4,4-QAM,full_state_raw_label_srm,0.95,1.9,1.0975,0.226848180561,full_d,0.95,0.803526122186,1.0,0.790395298598,12,0.003
Fig. 2(b),4,4-QAM,full_state_raw_label_srm,0.95,1.9,1.098,0.226802108573,low_d,0.95,0.803526122186,1.0,0.790229189707,12,0.003
Fig. 2(b),4,4-QAM,full_state_raw_label_srm,0.95,1.9,1.1,0.226616906809,low_d,0.95,0.803526122186,1.0,0.789564462286,12,0.003
Fig. 2(b),4,4-QAM,full_state_raw_label_srm,0.95,1.9,1.102,0.226430261267,low_d,0.95,0.803526122186,1.0,0.788899270889,12,0.003
Fig. 2(b),4,4-QAM,full_state_raw_label_srm,0.95,1.9,1.1025,0.226383377151,full_d,0.95,0.803526122186,1.0,0.788732901013,12,0.013
Fig. 2(b),4,4-QAM,full_state_raw_label_srm,0.95,1.9,1.104,0.226242196344,low_d,0.95,0.803526122186,1.0,0.788233619515,12,0.045
Fig. 2(b),4,4-QAM,full_state_raw_label_srm,0.95,1.9,1.105,0.226147639224,full_d,0.95,0.803526122186,1.0,0.787900622586,12,0.004
Fig. 2(b),4,4-QAM,full_state_raw_label_srm,0.95,1.9,1.106,0.226052736384,low_d,0.95,0.803526122186,1.0,0.787567512161,12,0.003
Fig. 2(b),4,4-QAM,full_state_raw_label_srm,0.95,1.9,1.1075,0.225909740538,full_d,0.95,0.803526122186,1.0,0.787067634813,12,0.064
Fig. 2(b),4,4-QAM,full_state_raw_label_srm,0.95,1.9,1.108,0.225861905681,low_d,0.95,0.803526122186,1.0,0.786900952823,12,0.003
Fig. 2(b),4,4-QAM,full_state_raw_label_srm,0.95,1.9,1.11,0.225669728472,low_d,0.95,0.803526122186,1.0,0.786233945498,12,0.004
Fig. 2(b),4,4-QAM,full_state_raw_label_srm,0.95,1.9,1.112,0.225476228936,low_d,0.95,0.803526122186,1.0,0.785566494182,12,0.003
Fig. 2(b),4,4-QAM,full_state_raw_label_srm,0.95,1.9,1.1125,0.225427650266,full_d,0.95,0.803526122186,1.0,0.785399562447,12,0.02
Fig. 2(b),4,4-QAM,full_state_raw_label_srm,0.95,1.9,1.114,0.225281431192,low_d,0.95,0.803526122186,1.0,0.784898602869,12,0.003
Fig. 2(b),4,4-QAM,full_state_raw_label_srm,0.95,1.9,1.115,0.225183553011,full_d,0.95,0.803526122186,1.0,0.784564493463,12,0.003
Fig. 2(b),4,4-QAM,full_state_raw_label_srm,0.95,1.9,1.116,0.225085359295,low_d,0.95,0.803526122186,1.0,0.784230275555,12,0.003
Fig. 2(b),4,4-QAM,full_state_raw_label_srm,0.95,1.9,1.1175,0.224937483645,full_d,0.95,0.803526122186,1.0,0.783728746346,12,0.003
Fig. 2(b),4,4-QAM,full_state_raw_label_srm,0.95,1.9,1.118,0.224888037238,low_d,0.95,0.803526122186,1.0,0.783561516233,12,0.08
Fig. 2(b),4,4-QAM,full_state_raw_label_srm,0.95,1.9,1.12,0.224689488943,low_d,0.95,0.803526122186,1.0,0.782892328896,12,0.03
Fig. 2(b),4,4-QAM,full_state_raw_label_srm,0.95,1.9,1.122,0.224489738263,low_d,0.95,0.803526122186,1.0,0.782222717536,12,0.003
Fig. 2(b),4,4-QAM,full_state_raw_label_srm,0.95,1.9,1.1225,0.224439615509,full_d,0.95,0.803526122186,1.0,0.78205524891,12,0.003
Fig. 2(b),4,4-QAM,full_state_raw_label_srm,0.95,1.9,1.124,0.224288808981,low_d,0.95,0.803526122186,1.0,0.781552686142,12,0.003
Fig. 2(b),4,4-QAM,full_state_raw_label_srm,0.95,1.9,1.125,0.224187909775,full_d,0.95,0.803526122186,1.0,0.781217514179,12,0.004
Fig. 2(b),4,4-QAM,full_state_raw_label_srm,0.95,1.9,1.126,0.224086724802,low_d,0.95,0.803526122186,1.0,0.780882238704,12,0.003
Fig. 2(b),4,4-QAM,full_state_raw_label_srm,0.95,1.9,1.1275,0.223934417984,full_d,0.95,0.803526122186,1.0,0.780379132495,12,0.016
Fig. 2(b),4,4-QAM,full_state_raw_label_srm,0.95,1.9,1.128,0.223883509356,low_d,0.95,0.803526122186,1.0,0.780211379209,12,0.003
Fig. 2(b),4,4-QAM,full_state_raw_label_srm,0.95,1.9,1.13,0.223679186193,low_d,0.95,0.803526122186,1.0,0.779540111643,12,0.053
Fig. 2(b),4,4-QAM,full_state_raw_label_srm,0.95,1.9,1.132,0.223473778782,low_d,0.95,0.803526122186,1.0,0.778868439991,12,0.003
Fig. 2(b),4,4-QAM,full_state_raw_label_srm,0.95,1.9,1.1325,0.223422260258,full_d,0.95,0.803526122186,1.0,0.778700459406,12,0.003
Fig. 2(b),4,4-QAM,full_state_raw_label_srm,0.95,1.9,1.134,0.223267310508,low_d,0.95,0.803526122186,1.0,0.778196368234,12,0.003
Fig. 2(b),4,4-QAM,full_state_raw_label_srm,0.95,1.9,1.135,0.223163685831,full_d,0.95,0.803526122186,1.0,0.777860183561,12,0.003
Fig. 2(b),4,4-QAM,full_state_raw_label_srm,0.95,1.9,1.136,0.223059804668,low_d,0.95,0.803526122186,1.0,0.777523900354,12,0.021
Fig. 2(b),4,4-QAM,full_state_raw_label_srm,0.95,1.9,1.1375,0.222903508353,full_d,0.95,0.803526122186,1.0,0.777019291882,12,0.003
Fig. 2(b),4,4-QAM,full_state_raw_label_srm,0.95,1.9,1.138,0.222851284475,low_d,0.95,0.803526122186,1.0,0.776851040329,12,0.003
Fig. 2(b),4,4-QAM,full_state_raw_label_srm,0.95,1.9,1.14,0.222641773046,low_d,0.95,0.803526122186,1.0,0.776177792136,12,0.004
Fig. 2(b),4,4-QAM,full_state_raw_label_srm,0.95,1.9,1.142,0.222431293409,low_d,0.95,0.803526122186,1.0,0.775504159747,12,0.003
Fig. 2(b),4,4-QAM,full_state_raw_label_srm,0.95,1.9,1.1425,0.222378524907,full_d,0.95,0.803526122186,1.0,0.775335692085,12,0.047
Fig. 2(b),4,4-QAM,full_state_raw_label_srm,0.95,1.9,1.144,0.222219868496,low_d,0.95,0.803526122186,1.0,0.774830147136,12,0.003
Fig. 2(b),4,4-QAM,full_state_raw_label_srm,0.95,1.9,1.145,0.222113808701,full_d,0.95,0.803526122186,1.0,0.774492999487,12,0.003
Fig. 2(b),4,4-QAM,full_state_raw_label_srm,0.95,1.9,1.146,0.222007521142,low_d,0.95,0.803526122186,1.0,0.774155758271,12,0.011
Fig. 2(b),4,4-QAM,full_state_raw_label_srm,0.95,1.9,1.1475,0.221847668956,full_d,0.95,0.803526122186,1.0,0.773649722092,12,0.003
Fig. 2(b),4,4-QAM,full_state_raw_label_srm,0.95,1.9,1.148,0.221794274083,low_d,0.95,0.803526122186,1.0,0.773480997118,12,0.003
Fig. 2(b),4,4-QAM,full_state_raw_label_srm,0.95,1.9,1.15,0.221580149952,low_d,0.95,0.803526122186,1.0,0.772805867643,12,0.063
Fig. 2(b),4,4-QAM,full_state_raw_label_srm,0.95,1.9,1.152,0.22136517128,low_d,0.95,0.803526122186,1.0,0.772130373805,12,0.003
Fig. 2(b),4,4-QAM,full_state_raw_label_srm,0.95,1.9,1.1525,0.221311295721,full_d,0.95,0.803526122186,1.0,0.771961443878,12,0.009
Fig. 2(b),4,4-QAM,full_state_raw_label_srm,0.95,1.9,1.154,0.221149360493,low_d,0.95,0.803526122186,1.0,0.771454519563,12,0.003
Fig. 2(b),4,4-QAM,full_state_raw_label_srm,0.95,1.9,1.155,0.221041150035,full_d,0.95,0.803526122186,1.0,0.771116458526,12,0.003
Fig. 2(b),4,4-QAM,full_state_raw_label_srm,0.95,1.9,1.156,0.220932739908,low_d,0.95,0.803526122186,1.0,0.770778308871,12,0.004
Fig. 2(b),4,4-QAM,full_state_raw_label_srm,0.95,1.9,1.1575,0.220769756403,full_d,0.95,0.803526122186,1.0,0.770270919311,12,0.011
Fig. 2(b),4,4-QAM,full_state_raw_label_srm,0.95,1.9,1.158,0.220715331733,low_d,0.95,0.803526122186,1.0,0.770101745683,12,0.006
Fig. 2(b),4,4-QAM,full_state_raw_label_srm,0.95,1.9,1.16,0.220497158064,low_d,0.95,0.803526122186,1.0,0.769424833946,12,0.032
Fig. 2(b),4,4-QAM,full_state_raw_label_srm,0.95,1.9,1.1625,0.22022339798,full_d,0.95,0.803526122186,1.0,0.768578210138,12,0.051
Fig. 2(b),4,4-QAM,full_state_raw_label_srm,0.95,1.9,1.165,0.219948518832,full_d,0.95,0.803526122186,1.0,0.767731055586,12,0.003
Fig. 2(b),4,4-QAM,full_state_raw_label_srm,0.95,1.9,1.1675,0.219672563011,full_d,0.95,0.803526122186,1.0,0.766883377979,12,0.011
Fig. 2(b),4,4-QAM,full_state_raw_label_srm,0.95,1.9,1.17,0.219395572615,full_d,0.95,0.803526122186,1.0,0.766035184996,12,0.004
Fig. 2(b),4,4-QAM,full_state_raw_label_srm,0.95,1.9,1.1725,0.219117589442,full_d,0.95,0.803526122186,1.0,0.765186484308,12,0.018
Fig. 2(b),4,4-QAM,full_state_raw_label_srm,0.95,1.9,1.175,0.218838654986,full_d,0.95,0.803526122186,1.0,0.764337283577,12,0.012
Fig. 2(b),4,4-QAM,full_state_raw_label_srm,0.95,1.9,1.1775,0.218558810427,full_d,0.95,0.803526122186,1.0,0.763487590453,12,0.036
Fig. 2(b),4,4-QAM,full_state_raw_label_srm,0.95,1.9,1.18,0.21827809663,bridge,0.95,0.803526122186,1.0,0.762637412578,12,0.003
Fig. 2(b),4,4-QAM,full_state_raw_label_srm,0.95,1.9,1.1825,0.217996554138,full_d,0.95,0.803526122186,1.0,0.761786757581,12,0.011
Fig. 2(b),4,4-QAM,full_state_raw_label_srm,0.95,1.9,1.185,0.217714223167,full_d,0.95,0.803526122186,1.0,0.76093563308,12,0.003
Fig. 2(b),4,4-QAM,full_state_raw_label_srm,0.95,1.9,1.1875,0.2174311436,full_d,0.95,0.803526122186,1.0,0.760084046686,12,0.009
Fig. 2(b),4,4-QAM,full_state_raw_label_srm,0.95,1.9,1.19,0.217147354981,full_d,0.95,0.803526122186,1.0,0.759232005992,12,0.038
Fig. 2(b),4,4-QAM,full_state_raw_label_srm,0.95,1.9,1.1925,0.216862896515,full_d,0.95,0.803526122186,1.0,0.758379518585,12,0.005
Fig. 2(b),4,4-QAM,full_state_raw_label_srm,0.95,1.9,1.195,0.216577807055,full_d,0.95,0.803526122186,1.0,0.757526592037,12,0.022
Fig. 2(b),4,4-QAM,full_state_raw_label_srm,0.95,1.9,1.196,0.216463603229,bridge,0.95,0.803526122186,1.0,0.757185300151,12,0.017
Fig. 2(b),4,4-QAM,full_state_raw_label_srm,0.95,1.9,1.1975,0.216292125104,full_d,0.95,0.803526122186,1.0,0.756673233907,12,0.003
Fig. 2(b),4,4-QAM,full_state_raw_label_srm,0.95,1.9,1.2,0.216005888808,full_d,0.95,0.803526122186,1.0,0.755819451744,12,0.003
Fig. 2(b),4,4-QAM,full_state_raw_label_srm,0.95,1.9,1.2025,0.215719135949,full_d,0.95,0.803526122186,1.0,0.754965253081,12,0.003
Fig. 2(b),4,4-QAM,full_state_raw_label_srm,0.95,1.9,1.205,0.215431903946,full_d,0.95,0.803526122186,1.0,0.754110645442,12,0.087
Fig. 2(b),4,4-QAM,full_state_raw_label_srm,0.95,1.9,1.2075,0.215144229843,full_d,0.95,0.803526122186,1.0,0.753255636332,12,0.004
Fig. 2(b),4,4-QAM,full_state_raw_label_srm,0.95,1.9,1.21,0.214856150311,full_d,0.95,0.803526122186,1.0,0.752400233248,12,0.024
Fig. 2(b),4,4-QAM,full_state_raw_label_srm,0.95,1.9,1.212,0.214625419178,bridge,0.95,0.803526122186,1.0,0.751715632145,12,0.003
Fig. 2(b),4,4-QAM,full_state_raw_label_srm,0.95,1.9,1.2125,0.214567701642,full_d,0.95,0.803526122186,1.0,0.751544443668,12,0.003
Fig. 2(b),4,4-QAM,full_state_raw_label_srm,0.95,1.9,1.215,0.214278919743,full_d,0.95,0.803526122186,1.0,0.75068827506,12,0.003
Fig. 2(b),4,4-QAM,full_state_raw_label_srm,0.95,1.9,1.2175,0.213989840134,full_d,0.95,0.803526122186,1.0,0.749831734874,12,0.023
Fig. 2(b),4,4-QAM,full_state_raw_label_srm,0.95,1.9,1.22,0.213700497943,full_d,0.95,0.803526122186,1.0,0.748974830548,12,0.006
Fig. 2(b),4,4-QAM,full_state_raw_label_srm,0.95,1.9,1.2225,0.213410927903,full_d,0.95,0.803526122186,1.0,0.748117569503,12,0.027
Fig. 2(b),4,4-QAM,full_state_raw_label_srm,0.95,1.9,1.225,0.213121164345,full_d,0.95,0.803526122186,1.0,0.747259959147,12,0.003
Fig. 2(b),4,4-QAM,full_state_raw_label_srm,0.95,1.9,1.2275,0.212831241202,full_d,0.95,0.803526122186,1.0,0.74640200687,12,0.004
Fig. 2(b),4,4-QAM,full_state_raw_label_srm,0.95,1.9,1.228,0.21277324038,bridge,0.95,0.803526122186,1.0,0.746230376033,12,0.004
Fig. 2(b),4,4-QAM,full_state_raw_label_srm,0.95,1.9,1.23,0.212541191996,full_d,0.95,0.803526122186,1.0,0.745543720047,12,0.026
Fig. 2(b),4,4-QAM,full_state_raw_label_srm,0.95,1.9,1.2325,0.212251049841,full_d,0.95,0.803526122186,1.0,0.744685106039,12,0.003
Fig. 2(b),4,4-QAM,full_state_raw_label_srm,0.95,1.9,1.235,0.211960847438,full_d,0.95,0.803526122186,1.0,0.743826172188,12,0.003
Fig. 2(b),4,4-QAM,full_state_raw_label_srm,0.95,1.9,1.2375,0.211670617071,full_d,0.95,0.803526122186,1.0,0.742966925822,12,0.003
Fig. 2(b),4,4-QAM,full_state_raw_label_srm,0.95,1.9,1.24,0.211380390603,full_d,0.95,0.803526122186,1.0,0.74210737425,12,0.067
Fig. 2(b),4,4-QAM,full_state_raw_label_srm,0.95,1.9,1.2425,0.211090199476,full_d,0.95,0.803526122186,1.0,0.741247524767,12,0.004
Fig. 2(b),4,4-QAM,full_state_raw_label_srm,0.95,1.9,1.244,0.211112474895,bridge,0.95,0.803526122186,1.0,0.740731475106,14,0.003
Fig. 2(b),4,4-QAM,full_state_raw_label_srm,0.95,1.9,1.245,0.21113981756,full_d,0.95,0.803526122186,1.0,0.740387384647,14,0.004
Fig. 2(b),4,4-QAM,full_state_raw_label_srm,0.95,1.9,1.2475,0.211205471044,full_d,0.95,0.803526122186,1.0,0.739526961152,14,0.032
Fig. 2(b),4,4-QAM,full_state_raw_label_srm,0.95,1.9,1.25,0.211267278686,full_d,0.95,0.803526122186,1.0,0.738666261521,14,0.003
Fig. 2(b),4,4-QAM,full_state_raw_label_srm,0.95,1.9,1.2525,0.21132526072,full_d,0.95,0.803526122186,1.0,0.737805292978,14,0.004
Fig. 2(b),4,4-QAM,full_state_raw_label_srm,0.95,1.9,1.255,0.211379437877,full_d,0.95,0.803526122186,1.0,0.73694406273,14,0.003
Fig. 2(b),4,4-QAM,full_state_raw_label_srm,0.95,1.9,1.2575,0.211429831375,full_d,0.95,0.803526122186,1.0,0.736082577963,14,0.003
Fig. 2(b),4,4-QAM,full_state_raw_label_srm,0.95,1.9,1.26,0.211476462908,bridge,0.95,0.803526122186,1.0,0.735220845848,14,0.083
Fig. 2(b),4,4-QAM,full_state_raw_label_srm,0.95,1.9,1.2625,0.211519354638,full_d,0.95,0.803526122186,1.0,0.734358873534,14,0.003
Fig. 2(b),4,4-QAM,full_state_raw_label_srm,0.95,1.9,1.265,0.211558529178,full_d,0.95,0.803526122186,1.0,0.733496668153,14,0.003
Fig. 2(b),4,4-QAM,full_state_raw_label_srm,0.95,1.9,1.2675,0.21159400959,full_d,0.95,0.803526122186,1.0,0.732634236819,14,0.013
Fig. 2(b),4,4-QAM,full_state_raw_label_srm,0.95,1.9,1.27,0.211625819365,full_d,0.95,0.803526122186,1.0,0.731771586624,14,0.13
Fig. 2(b),4,4-QAM,full_state_raw_label_srm,0.95,1.9,1.2725,0.211653982419,full_d,0.95,0.803526122186,1.0,0.730908724643,14,0.003
Fig. 2(b),4,4-QAM,full_state_raw_label_srm,0.95,1.9,1.275,0.211678523078,full_d,0.95,0.803526122186,1.0,0.730045657932,14,0.013
Fig. 2(b),4,4-QAM,full_state_raw_label_srm,0.95,1.9,1.276,0.211687330597,bridge,0.95,0.803526122186,1.0,0.729700375499,14,0.004
Fig. 2(b),4,4-QAM,full_state_raw_label_srm,0.95,1.9,1.2775,0.211699466069,full_d,0.95,0.803526122186,1.0,0.729182393524,14,0.003
Fig. 2(b),4,4-QAM,full_state_raw_label_srm,0.95,1.9,1.28,0.211716836505,full_d,0.95,0.803526122186,1.0,0.728318938434,14,0.008
Fig. 2(b),4,4-QAM,full_state_raw_label_srm,0.95,1.9,1.2825,0.21173065988,full_d,0.95,0.803526122186,1.0,0.727455299658,14,0.017
Fig. 2(b),4,4-QAM,full_state_raw_label_srm,0.95,1.9,1.285,0.211740962051,full_d,0.95,0.803526122186,1.0,0.726591484169,14,0.003
Fig. 2(b),4,4-QAM,full_state_raw_label_srm,0.95,1.9,1.2875,0.211747769231,full_d,0.95,0.803526122186,1.0,0.725727498922,14,0.003
Fig. 2(b),4,4-QAM,full_state_raw_label_srm,0.95,1.9,1.29,0.211751107976,full_d,0.95,0.803526122186,1.0,0.724863350851,14,0.005
Fig. 2(b),4,4-QAM,full_state_raw_label_srm,0.95,1.9,1.292,0.211751299755,bridge,0.95,0.803526122186,1.0,0.724171919805,14,0.048
Fig. 2(b),4,4-QAM,full_state_raw_label_srm,0.95,1.9,1.2925,0.211751005172,full_d,0.95,0.803526122186,1.0,0.723999046866,14,0.069
Fig. 2(b),4,4-QAM,full_state_raw_label_srm,0.95,1.9,1.295,0.211747488029,full_d,0.95,0.803526122186,1.0,0.72313459386,14,0.011
Fig. 2(b),4,4-QAM,full_state_raw_label_srm,0.95,1.9,1.2975,0.211740584061,full_d,0.95,0.803526122186,1.0,0.722269998703,14,0.004
Fig. 2(b),4,4-QAM,full_state_raw_label_srm,0.95,1.9,1.3,0.211730321081,full_d,0.95,0.803526122186,1.0,0.721405268242,14,0.079
Fig. 2(b),4,4-QAM,full_state_raw_label_srm,0.95,1.9,1.3025,0.211716727189,full_d,0.95,0.803526122186,1.0,0.720540409306,14,0.003
Fig. 2(b),4,4-QAM,full_state_raw_label_srm,0.95,1.9,1.305,0.211699830755,full_d,0.95,0.803526122186,1.0,0.7196754287,14,0.004
Fig. 2(b),4,4-QAM,full_state_raw_label_srm,0.95,1.9,1.3075,0.211679660416,full_d,0.95,0.803526122186,1.0,0.718810333206,14,0.003
Fig. 2(b),4,4-QAM,full_state_raw_label_srm,0.95,1.9,1.308,0.211675236018,bridge,0.95,0.803526122186,1.0,0.718637300916,14,0.004
Fig. 2(b),4,4-QAM,full_state_raw_label_srm,0.95,1.9,1.31,0.211656245057,full_d,0.95,0.803526122186,1.0,0.717945129586,14,0.003
Fig. 2(b),4,4-QAM,full_state_raw_label_srm,0.95,1.9,1.3125,0.211629613802,full_d,0.95,0.803526122186,1.0,0.717079824578,14,0.003
Fig. 2(b),4,4-QAM,full_state_raw_label_srm,0.95,1.9,1.315,0.211599796004,full_d,0.95,0.803526122186,1.0,0.716214424901,14,0.004
Fig. 2(b),4,4-QAM,full_state_raw_label_srm,0.95,1.9,1.3175,0.211566821233,full_d,0.95,0.803526122186,1.0,0.715348937246,14,0.004
Fig. 2(b),4,4-QAM,full_state_raw_label_srm,0.95,1.9,1.32,0.21153071926,full_d,0.95,0.803526122186,1.0,0.714483368286,14,0.004
Fig. 2(b),4,4-QAM,full_state_raw_label_srm,0.95,1.9,1.3225,0.211491520055,full_d,0.95,0.803526122186,1.0,0.713617724668,14,0.003
Fig. 2(b),4,4-QAM,full_state_raw_label_srm,0.95,1.9,1.324,0.211466526396,bridge,0.95,0.803526122186,1.0,0.713098305419,14,0.003
Fig. 2(b),4,4-QAM,full_state_raw_label_srm,0.95,1.9,1.325,0.211449253767,full_d,0.95,0.803526122186,1.0,0.712752013018,14,0.003
Fig. 2(b),4,4-QAM,full_state_raw_label_srm,0.95,1.9,1.3275,0.211403950716,full_d,0.95,0.803526122186,1.0,0.711886239937,14,0.004
Fig. 2(b),4,4-QAM,full_state_raw_label_srm,0.95,1.9,1.33,0.211355641381,full_d,0.95,0.803526122186,1.0,0.711020412004,14,0.004
Fig. 2(b),4,4-QAM,full_state_raw_label_srm,0.95,1.9,1.3325,0.211304356392,full_d,0.95,0.803526122186,1.0,0.710154535774,14,0.004
Fig. 2(b),4,4-QAM,full_state_raw_label_srm,0.95,1.9,1.335,0.211250126514,full_d,0.95,0.803526122186,1.0,0.709288617777,14,0.004
Fig. 2(b),4,4-QAM,full_state_raw_label_srm,0.95,1.9,1.3375,0.21119298264,full_d,0.95,0.803526122186,1.0,0.708422664522,14,0.023
Fig. 2(b),4,4-QAM,full_state_raw_label_srm,0.95,1.9,1.34,0.211132955776,bridge,0.95,0.803526122186,1.0,0.707556682491,14,0.078
Fig. 2(b),4,4-QAM,full_state_raw_label_srm,0.95,1.9,1.3425,0.211070077036,full_d,0.95,0.803526122186,1.0,0.706690678143,14,0.004
Fig. 2(b),4,4-QAM,full_state_raw_label_srm,0.95,1.9,1.345,0.211004377623,full_d,0.95,0.803526122186,1.0,0.705824657913,14,0.003
Fig. 2(b),4,4-QAM,full_state_raw_label_srm,0.95,1.9,1.3475,0.210935888829,full_d,0.95,0.803526122186,1.0,0.704958628211,14,0.003
Fig. 2(b),4,4-QAM,full_state_raw_label_srm,0.95,1.9,1.35,0.210864642012,full_d,0.95,0.803526122186,1.0,0.704092595424,14,0.003
Fig. 2(b),4,4-QAM,full_state_raw_label_srm,0.95,1.9,1.3525,0.210790668597,full_d,0.95,0.803526122186,1.0,0.70322656591,14,0.068
Fig. 2(b),4,4-QAM,full_state_raw_label_srm,0.95,1.9,1.355,0.210714000057,full_d,0.95,0.803526122186,1.0,0.702360546008,14,0.009
Fig. 2(b),4,4-QAM,full_state_raw_label_srm,0.95,1.9,1.356,0.210682585065,bridge,0.95,0.803526122186,1.0,0.702014142152,14,0.003
Fig. 2(b),4,4-QAM,full_state_raw_label_srm,0.95,1.9,1.3575,0.210634667909,full_d,0.95,0.803526122186,1.0,0.701494542026,14,0.014
Fig. 2(b),4,4-QAM,full_state_raw_label_srm,0.95,1.9,1.36,0.210552703698,full_d,0.95,0.803526122186,1.0,0.700628560252,14,0.007
Fig. 2(b),4,4-QAM,full_state_raw_label_srm,0.95,1.9,1.3625,0.210468138993,full_d,0.95,0.803526122186,1.0,0.699762606945,14,0.026
Fig. 2(b),4,4-QAM,full_state_raw_label_srm,0.95,1.9,1.365,0.210381005371,full_d,0.95,0.803526122186,1.0,0.69889668834,14,0.005
Fig. 2(b),4,4-QAM,full_state_raw_label_srm,0.95,1.9,1.3675,0.210291334412,full_d,0.95,0.803526122186,1.0,0.698030810646,14,0.05
Fig. 2(b),4,4-QAM,full_state_raw_label_srm,0.95,1.9,1.37,0.210199157688,full_d,0.95,0.803526122186,1.0,0.697164980046,14,0.003
Fig. 2(b),4,4-QAM,full_state_raw_label_srm,0.95,1.9,1.372,0.21012363336,bridge,0.95,0.803526122186,1.0,0.696472353614,14,0.004
Fig. 2(b),4,4-QAM,full_state_raw_label_srm,0.95,1.9,1.3725,0.210104506749,full_d,0.95,0.803526122186,1.0,0.696299202699,14,0.003
Fig. 2(b),4,4-QAM,full_state_raw_label_srm,0.95,1.9,1.375,0.210007413122,full_d,0.95,0.803526122186,1.0,0.695433484735,14,0.003
Fig. 2(b),4,4-QAM,full_state_raw_label_srm,0.95,1.9,1.3775,0.209907908295,full_d,0.95,0.803526122186,1.0,0.69456783226,14,0.004
Fig. 2(b),4,4-QAM,full_state_raw_label_srm,0.95,1.9,1.38,0.209806023708,full_d,0.95,0.803526122186,1.0,0.693702251353,14,0.003
Fig. 2(b),4,4-QAM,full_state_raw_label_srm,0.95,1.9,1.3825,0.209701790748,full_d,0.95,0.803526122186,1.0,0.692836748066,14,0.016
Fig. 2(b),4,4-QAM,full_state_raw_label_srm,0.95,1.9,1.385,0.209595240738,full_d,0.95,0.803526122186,1.0,0.691971328426,14,0.003
Fig. 2(b),4,4-QAM,full_state_raw_label_srm,0.95,1.9,1.3875,0.209486404925,full_d,0.95,0.803526122186,1.0,0.691105998432,14,0.003
Fig. 2(b),4,4-QAM,full_state_raw_label_srm,0.95,1.9,1.388,0.209464366211,bridge,0.95,0.803526122186,1.0,0.690932943717,14,0.003
Fig. 2(b),4,4-QAM,full_state_raw_label_srm,0.95,1.9,1.39,0.209375314479,full_d,0.95,0.803526122186,1.0,0.690240764056,14,0.004
Fig. 2(b),4,4-QAM,full_state_raw_label_srm,0.95,1.9,1.3925,0.209262000476,full_d,0.95,0.803526122186,1.0,0.689375631244,14,0.029
Fig. 2(b),4,4-QAM,full_state_raw_label_srm,0.95,1.9,1.395,0.209146493895,full_d,0.95,0.803526122186,1.0,0.688510605915,14,0.003
Fig. 2(b),4,4-QAM,full_state_raw_label_srm,0.95,1.9,1.3975,0.209028825608,full_d,0.95,0.803526122186,1.0,0.68764569396,14,0.003
Fig. 2(b),4,4-QAM,full_state_raw_label_srm,0.95,1.9,1.4,0.208909026372,full_d,0.95,0.803526122186,1.0,0.686780901243,14,0.059
Fig. 2(b),4,4-QAM,full_state_raw_label_srm,0.95,1.9,1.4025,0.208787126822,full_d,0.95,0.803526122186,1.0,0.685916233601,14,0.013
Fig. 2(b),4,4-QAM,full_state_raw_label_srm,0.95,1.9,1.404,0.208712991637,bridge,0.95,0.803526122186,1.0,0.685397495469,14,0.003
Fig. 2(b),4,4-QAM,full_state_raw_label_srm,0.95,1.9,1.405,0.208663157462,full_d,0.95,0.803526122186,1.0,0.685051696843,14,0.006
Fig. 2(b),4,4-QAM,full_state_raw_label_srm,0.95,1.9,1.4075,0.208537148659,full_d,0.95,0.803526122186,1.0,0.684187296751,14,0.013
Fig. 2(b),4,4-QAM,full_state_raw_label_srm,0.95,1.9,1.41,0.208409130634,full_d,0.95,0.803526122186,1.0,0.683323039078,14,0.083
Fig. 2(b),4,4-QAM,full_state_raw_label_srm,0.95,1.9,1.4125,0.208279133453,full_d,0.95,0.803526122186,1.0,0.682458929552,14,0.004
Fig. 2(b),4,4-QAM,full_state_raw_label_srm,0.95,1.9,1.415,0.208147187027,full_d,0.95,0.803526122186,1.0,0.681594973869,14,0.029
Fig. 2(b),4,4-QAM,full_state_raw_label_srm,0.95,1.9,1.4175,0.208013321096,full_d,0.95,0.803526122186,1.0,0.6807311777,14,0.003
Fig. 2(b),4,4-QAM,full_state_raw_label_srm,0.95,1.9,1.42,0.207877565228,bridge,0.95,0.803526122186,1.0,0.679867546687,14,0.003
Fig. 2(b),4,4-QAM,full_state_raw_label_srm,0.95,1.9,1.4225,0.20773994881,full_d,0.95,0.803526122186,1.0,0.679004086444,14,0.003
Fig. 2(b),4,4-QAM,full_state_raw_label_srm,0.95,1.9,1.425,0.207600501044,full_d,0.95,0.803526122186,1.0,0.678140802555,14,0.003
Fig. 2(b),4,4-QAM,full_state_raw_label_srm,0.95,1.9,1.4275,0.207459250938,full_d,0.95,0.803526122186,1.0,0.677277700579,14,0.005
Fig. 2(b),4,4-QAM,full_state_raw_label_srm,0.95,1.9,1.43,0.207316227298,full_d,0.95,0.803526122186,1.0,0.676414786042,14,0.004
Fig. 2(b),4,4-QAM,full_state_raw_label_srm,0.95,1.9,1.4325,0.20717145873,full_d,0.95,0.803526122186,1.0,0.675552064446,14,0.043
Fig. 2(b),4,4-QAM,full_state_raw_label_srm,0.95,1.9,1.435,0.207024973624,full_d,0.95,0.803526122186,1.0,0.67468954126,14,0.006
Fig. 2(b),4,4-QAM,full_state_raw_label_srm,0.95,1.9,1.436,0.20696590527,bridge,0.95,0.803526122186,1.0,0.674344588761,14,0.003
Fig. 2(b),4,4-QAM,full_state_raw_label_srm,0.95,1.9,1.4375,0.206876800156,full_d,0.95,0.803526122186,1.0,0.673827221928,14,0.008
Fig. 2(b),4,4-QAM,full_state_raw_label_srm,0.95,1.9,1.44,0.206726966278,full_d,0.95,0.803526122186,1.0,0.672965111862,14,0.003
Fig. 2(b),4,4-QAM,full_state_raw_label_srm,0.95,1.9,1.4425,0.206575499716,full_d,0.95,0.803526122186,1.0,0.672103216448,14,0.022
Fig. 2(b),4,4-QAM,full_state_raw_label_srm,0.95,1.9,1.445,0.206422427962,full_d,0.95,0.803526122186,1.0,0.671241541041,14,0.003
Fig. 2(b),4,4-QAM,full_state_raw_label_srm,0.95,1.9,1.4475,0.20626777827,full_d,0.95,0.803526122186,1.0,0.670380090967,14,0.004
Fig. 2(b),4,4-QAM,full_state_raw_label_srm,0.95,1.9,1.45,0.206111577652,full_d,0.95,0.803526122186,1.0,0.669518871523,14,0.01
Fig. 2(b),4,4-QAM,full_state_raw_label_srm,0.95,1.9,1.452,0.205985518483,bridge,0.95,0.803526122186,1.0,0.668830065563,14,0.004
Fig. 2(b),4,4-QAM,full_state_raw_label_srm,0.95,1.9,1.4525,0.205953852869,full_d,0.95,0.803526122186,1.0,0.668657887978,14,0.014
Fig. 2(b),4,4-QAM,full_state_raw_label_srm,0.95,1.9,1.455,0.205794630435,full_d,0.95,0.803526122186,1.0,0.66779714557,14,0.021
Fig. 2(b),4,4-QAM,full_state_raw_label_srm,0.95,1.9,1.4575,0.205633936603,full_d,0.95,0.803526122186,1.0,0.666936649508,14,0.014
Fig. 2(b),4,4-QAM,full_state_raw_label_srm,0.95,1.9,1.46,0.205471797367,full_d,0.95,0.803526122186,1.0,0.666076404974,14,0.033
Fig. 2(b),4,4-QAM,full_state_raw_label_srm,0.95,1.9,1.4625,0.205308238456,full_d,0.95,0.803526122186,1.0,0.665216417116,14,0.014
Fig. 2(b),4,4-QAM,full_state_raw_label_srm,0.95,1.9,1.465,0.20514328533,full_d,0.95,0.803526122186,1.0,0.664356691057,14,0.008
Fig. 2(b),4,4-QAM,full_state_raw_label_srm,0.95,1.9,1.4675,0.204976963174,full_d,0.95,0.803526122186,1.0,0.663497231888,14,0.074
Fig. 2(b),4,4-QAM,full_state_raw_label_srm,0.95,1.9,1.468,0.204943536657,bridge,0.95,0.803526122186,1.0,0.663325372527,14,0.003
Fig. 2(b),4,4-QAM,full_state_raw_label_srm,0.95,1.9,1.47,0.2048092969,full_d,0.95,0.803526122186,1.0,0.66263804467,14,0.031
Fig. 2(b),4,4-QAM,full_state_raw_label_srm,0.95,1.9,1.4725,0.204640311138,full_d,0.95,0.803526122186,1.0,0.661779134437,14,0.003
Fig. 2(b),4,4-QAM,full_state_raw_label_srm,0.95,1.9,1.475,0.204470030234,full_d,0.95,0.803526122186,1.0,0.66092050619,14,0.003
Fig. 2(b),4,4-QAM,full_state_raw_label_srm,0.95,1.9,1.4775,0.204298478248,full_d,0.95,0.803526122186,1.0,0.660062164903,14,0.004
Fig. 2(b),4,4-QAM,full_state_raw_label_srm,0.95,1.9,1.48,0.204125678952,full_d,0.95,0.803526122186,1.0,0.659204115519,14,0.012
Fig. 2(b),4,4-QAM,full_state_raw_label_srm,0.95,1.9,1.4825,0.203951655823,full_d,0.95,0.803526122186,1.0,0.658346362951,14,0.003
Fig. 2(b),4,4-QAM,full_state_raw_label_srm,0.95,1.9,1.484,0.203846664162,bridge,0.95,0.803526122186,1.0,0.657831855915,14,0.019
Fig. 2(b),4,4-QAM,full_state_raw_label_srm,0.95,1.9,1.485,0.203776432044,full_d,0.95,0.803526122186,1.0,0.657488912084,14,0.006
Fig. 2(b),4,4-QAM,full_state_raw_label_srm,0.95,1.9,1.4875,0.204021066024,full_d,0.95,0.803526122186,1.0,0.65663176777,16,0.068
Fig. 2(b),4,4-QAM,full_state_raw_label_srm,0.95,1.9,1.49,0.204347211717,full_d,0.95,0.803526122186,1.0,0.655774934835,16,0.027
Fig. 2(b),4,4-QAM,full_state_raw_label_srm,0.95,1.9,1.4925,0.204669915977,full_d,0.95,0.803526122186,1.0,0.654918418072,16,0.003
Fig. 2(b),4,4-QAM,full_state_raw_label_srm,0.95,1.9,1.495,0.204989168891,full_d,0.95,0.803526122186,1.0,0.654062222247,16,0.003
Fig. 2(b),4,4-QAM,full_state_raw_label_srm,0.95,1.9,1.4975,0.205304960611,full_d,0.95,0.803526122186,1.0,0.653206352093,16,0.003
Fig. 2(b),4,4-QAM,full_state_raw_label_srm,0.95,1.9,1.5,0.205617281358,bridge,0.95,0.803526122186,1.0,0.652350812316,16,0.003
Fig. 2(b),4,4-QAM,full_state_raw_label_srm,0.95,1.9,1.5025,0.205926121426,full_d,0.95,0.803526122186,1.0,0.651495607591,16,0.004
Fig. 2(b),4,4-QAM,full_state_raw_label_srm,0.95,1.9,1.505,0.206231471184,full_d,0.95,0.803526122186,1.0,0.650640742562,16,0.004
Fig. 2(b),4,4-QAM,full_state_raw_label_srm,0.95,1.9,1.5075,0.20653332108,full_d,0.95,0.803526122186,1.0,0.649786221847,16,0.003
Fig. 2(b),4,4-QAM,full_state_raw_label_srm,0.95,1.9,1.51,0.206831661642,full_d,0.95,0.803526122186,1.0,0.64893205003,16,0.079
Fig. 2(b),4,4-QAM,full_state_raw_label_srm,0.95,1.9,1.5125,0.207126483483,full_d,0.95,0.803526122186,1.0,0.648078231667,16,0.003
Fig. 2(b),4,4-QAM,full_state_raw_label_srm,0.95,1.9,1.515,0.207417777305,full_d,0.95,0.803526122186,1.0,0.647224771285,16,0.004
Fig. 2(b),4,4-QAM,full_state_raw_label_srm,0.95,1.9,1.5175,0.207705533899,full_d,0.95,0.803526122186,1.0,0.64637167338,16,0.02
Fig. 2(b),4,4-QAM,full_state_raw_label_srm,0.95,1.9,1.52,0.207989744149,high_d,0.95,0.803526122186,1.0,0.64551894242,16,0.003
Fig. 2(b),4,4-QAM,full_state_raw_label_srm,0.95,1.9,1.522,0.208214552918,high_d,0.95,0.803526122186,1.0,0.644837024834,16,0.004
Fig. 2(b),4,4-QAM,full_state_raw_label_srm,0.95,1.9,1.5225,0.208270399038,full_d,0.95,0.803526122186,1.0,0.644666582841,16,0.003
Fig. 2(b),4,4-QAM,full_state_raw_label_srm,0.95,1.9,1.524,0.208437081683,high_d,0.95,0.803526122186,1.0,0.644155347192,16,0.014
Fig. 2(b),4,4-QAM,full_state_raw_label_srm,0.95,1.9,1.525,0.208547489646,full_d,0.95,0.803526122186,1.0,0.643814599052,16,0.003
Fig. 2(b),4,4-QAM,full_state_raw_label_srm,0.95,1.9,1.526,0.208657325913,high_d,0.95,0.803526122186,1.0,0.64347391174,16,0.003
Fig. 2(b),4,4-QAM,full_state_raw_label_srm,0.95,1.9,1.5275,0.208821007158,full_d,0.95,0.803526122186,1.0,0.642962995432,16,0.004
Fig. 2(b),4,4-QAM,full_state_raw_label_srm,0.95,1.9,1.528,0.20887528112,high_d,0.95,0.803526122186,1.0,0.642792720711,16,0.003
Fig. 2(b),4,4-QAM,full_state_raw_label_srm,0.95,1.9,1.53,0.209090942864,high_d,0.95,0.803526122186,1.0,0.642111776328,16,0.024
Fig. 2(b),4,4-QAM,full_state_raw_label_srm,0.95,1.9,1.532,0.209304306743,high_d,0.95,0.803526122186,1.0,0.641431080801,16,0.026
Fig. 2(b),4,4-QAM,full_state_raw_label_srm,0.95,1.9,1.5325,0.209357288161,full_d,0.95,0.803526122186,1.0,0.641260946061,16,0.004
Fig. 2(b),4,4-QAM,full_state_raw_label_srm,0.95,1.9,1.534,0.209515368407,high_d,0.95,0.803526122186,1.0,0.640750636328,16,0.003
Fig. 2(b),4,4-QAM,full_state_raw_label_srm,0.95,1.9,1.535,0.20962003456,full_d,0.95,0.803526122186,1.0,0.64041050892,16,0.018
Fig. 2(b),4,4-QAM,full_state_raw_label_srm,0.95,1.9,1.536,0.209724123548,high_d,0.95,0.803526122186,1.0,0.640070445095,16,0.003
Fig. 2(b),4,4-QAM,full_state_raw_label_srm,0.95,1.9,1.5375,0.209879173685,full_d,0.95,0.803526122186,1.0,0.639560469167,16,0.004
Fig. 2(b),4,4-QAM,full_state_raw_label_srm,0.95,1.9,1.538,0.209930567908,high_d,0.95,0.803526122186,1.0,0.639390509276,16,0.054
Fig. 2(b),4,4-QAM,full_state_raw_label_srm,0.95,1.9,1.54,0.210134697277,high_d,0.95,0.803526122186,1.0,0.638710831034,16,0.034
Fig. 2(b),4,4-QAM,full_state_raw_label_srm,0.95,1.9,1.542,0.210336507495,high_d,0.95,0.803526122186,1.0,0.638031412518,16,0.003
Fig. 2(b),4,4-QAM,full_state_raw_label_srm,0.95,1.9,1.5425,0.210386597199,full_d,0.95,0.803526122186,1.0,0.637861598723,16,0.003
Fig. 2(b),4,4-QAM,full_state_raw_label_srm,0.95,1.9,1.544,0.21053599445,high_d,0.95,0.803526122186,1.0,0.637352255868,16,0.071
Fig. 2(b),4,4-QAM,full_state_raw_label_srm,0.95,1.9,1.545,0.210634865434,full_d,0.95,0.803526122186,1.0,0.637012776407,16,0.013
Fig. 2(b),4,4-QAM,full_state_raw_label_srm,0.95,1.9,1.546,0.210733154085,high_d,0.95,0.803526122186,1.0,0.636673363209,16,0.003
Fig. 2(b),4,4-QAM,full_state_raw_label_srm,0.95,1.9,1.5475,0.210879494093,full_d,0.95,0.803526122186,1.0,0.636164368232,16,0.016
Fig. 2(b),4,4-QAM,full_state_raw_label_srm,0.95,1.9,1.548,0.21092798239,high_d,0.95,0.803526122186,1.0,0.635994736656,16,0.003
Fig. 2(b),4,4-QAM,full_state_raw_label_srm,0.95,1.9,1.55,0.211120475413,high_d,0.95,0.803526122186,1.0,0.635316378313,16,0.003
Fig. 2(b),4,4-QAM,full_state_raw_label_srm,0.95,1.9,1.552,0.211310629253,high_d,0.95,0.803526122186,1.0,0.63463829027,16,0.003
Fig. 2(b),4,4-QAM,full_state_raw_label_srm,0.95,1.9,1.5525,0.211357801764,full_d,0.95,0.803526122186,1.0,0.634468810737,16,0.04
Fig. 2(b),4,4-QAM,full_state_raw_label_srm,0.95,1.9,1.554,0.211498440064,high_d,0.95,0.803526122186,1.0,0.633960474606,16,0.007
Fig. 2(b),4,4-QAM,full_state_raw_label_srm,0.95,1.9,1.555,0.211591465647,full_d,0.95,0.803526122186,1.0,0.633621669563,16,0.016
Fig. 2(b),4,4-QAM,full_state_raw_label_srm,0.95,1.9,1.556,0.211683904055,high_d,0.95,0.803526122186,1.0,0.63328293339,16,0.025
Fig. 2(b),4,4-QAM,full_state_raw_label_srm,0.95,1.9,1.5575,0.2118214597,full_d,0.95,0.803526122186,1.0,0.632774958821,16,0.004
Fig. 2(b),4,4-QAM,full_state_raw_label_srm,0.95,1.9,1.558,0.211867017493,high_d,0.95,0.803526122186,1.0,0.632605668677,16,0.007
Fig. 2(b),4,4-QAM,full_state_raw_label_srm,0.95,1.9,1.56,0.2120477767,high_d,0.95,0.803526122186,1.0,0.631928682512,16,0.024
Fig. 2(b),4,4-QAM,full_state_raw_label_srm,0.95,1.9,1.562,0.212226178057,high_d,0.95,0.803526122186,1.0,0.631251976927,16,0.048
Fig. 2(b),4,4-QAM,full_state_raw_label_srm,0.95,1.9,1.5625,0.212270409563,full_d,0.95,0.803526122186,1.0,0.631082844608,16,0.003
Fig. 2(b),4,4-QAM,full_state_raw_label_srm,0.95,1.9,1.564,0.212402218002,high_d,0.95,0.803526122186,1.0,0.630575553943,16,0.009
Fig. 2(b),4,4-QAM,full_state_raw_label_srm,0.95,1.9,1.565,0.212489351349,full_d,0.95,0.803526122186,1.0,0.630237449056,16,0.019
Fig. 2(b),4,4-QAM,full_state_raw_label_srm,0.95,1.9,1.566,0.212575893034,high_d,0.95,0.803526122186,1.0,0.629899415571,16,0.07
Fig. 2(b),4,4-QAM,full_state_raw_label_srm,0.95,1.9,1.5675,0.212704595261,full_d,0.95,0.803526122186,1.0,0.629392499771,16,0.003
Fig. 2(b),4,4-QAM,full_state_raw_label_srm,0.95,1.9,1.568,0.212747199711,high_d,0.95,0.803526122186,1.0,0.629223563808,16,0.004
Fig. 2(b),4,4-QAM,full_state_raw_label_srm,0.95,1.9,1.57,0.212916134653,high_d,0.95,0.803526122186,1.0,0.628548000642,16,0.003
Fig. 2(b),4,4-QAM,full_state_raw_label_srm,0.95,1.9,1.572,0.213082694538,high_d,0.95,0.803526122186,1.0,0.627872728047,16,0.003
Fig. 2(b),4,4-QAM,full_state_raw_label_srm,0.95,1.9,1.5725,0.213123963023,full_d,0.95,0.803526122186,1.0,0.62770395553,16,0.003
Fig. 2(b),4,4-QAM,full_state_raw_label_srm,0.95,1.9,1.574,0.213246876109,high_d,0.95,0.803526122186,1.0,0.627197747988,16,0.047
Fig. 2(b),4,4-QAM,full_state_raw_label_srm,0.95,1.9,1.575,0.213328074026,full_d,0.95,0.803526122186,1.0,0.626860368269,16,0.014
Fig. 2(b),4,4-QAM,full_state_raw_label_srm,0.95,1.9,1.576,0.213408676171,high_d,0.95,0.803526122186,1.0,0.626523062416,16,0.004
Fig. 2(b),4,4-QAM,full_state_raw_label_srm,0.95,1.9,1.5775,0.213528461465,full_d,0.95,0.803526122186,1.0,0.626017242664,16,0.011
Fig. 2(b),4,4-QAM,full_state_raw_label_srm,0.95,1.9,1.578,0.213568091591,high_d,0.95,0.803526122186,1.0,0.625848673275,16,0.003
Fig. 2(b),4,4-QAM,full_state_raw_label_srm,0.95,1.9,1.58,0.213725119301,high_d,0.95,0.803526122186,1.0,0.625174582494,16,0.003
Fig. 2(b),4,4-QAM,full_state_raw_label_srm,0.95,1.9,1.582,0.213879756297,high_d,0.95,0.803526122186,1.0,0.624500791991,16,0.003
Fig. 2(b),4,4-QAM,full_state_raw_label_srm,0.95,1.9,1.5825,0.213918041651,full_d,0.95,0.803526122186,1.0,0.624332391508,16,0.014
Fig. 2(b),4,4-QAM,full_state_raw_label_srm,0.95,1.9,1.584,0.21403199964,high_d,0.95,0.803526122186,1.0,0.623827303676,16,0.044
Fig. 2(b),4,4-QAM,full_state_raw_label_srm,0.95,1.9,1.585,0.214107222791,full_d,0.95,0.803526122186,1.0,0.623490673431,16,0.034
Fig. 2(b),4,4-QAM,full_state_raw_label_srm,0.95,1.9,1.586,0.214181846456,high_d,0.95,0.803526122186,1.0,0.623154119444,16,0.003
Fig. 2(b),4,4-QAM,full_state_raw_label_srm,0.95,1.9,1.5875,0.214292657155,full_d,0.95,0.803526122186,1.0,0.62264943196,16,0.014
Fig. 2(b),4,4-QAM,full_state_raw_label_srm,0.95,1.9,1.588,0.214329293936,high_d,0.95,0.803526122186,1.0,0.622481241182,16,0.003
Fig. 2(b),4,4-QAM,full_state_raw_label_srm,0.95,1.9,1.59,0.21447433934,high_d,0.95,0.803526122186,1.0,0.621808670765,16,0.003
Fig. 2(b),4,4-QAM,full_state_raw_label_srm,0.95,1.9,1.592,0.214616979993,high_d,0.95,0.803526122186,1.0,0.621136410056,16,0.003
Fig. 2(b),4,4-QAM,full_state_raw_label_srm,0.95,1.9,1.5925,0.214652264107,full_d,0.95,0.803526122186,1.0,0.620968393488,16,0.011
Fig. 2(b),4,4-QAM,full_state_raw_label_srm,0.95,1.9,1.594,0.214757213287,high_d,0.95,0.803526122186,1.0,0.620464460909,16,0.003
Fig. 2(b),4,4-QAM,full_state_raw_label_srm,0.95,1.9,1.595,0.214826426379,full_d,0.95,0.803526122186,1.0,0.620128603747,16,0.061
Fig. 2(b),4,4-QAM,full_state_raw_label_srm,0.95,1.9,1.596,0.214895036683,high_d,0.95,0.803526122186,1.0,0.619792825166,16,0.004
Fig. 2(b),4,4-QAM,full_state_raw_label_srm,0.95,1.9,1.5975,0.214996821245,full_d,0.95,0.803526122186,1.0,0.619289305132,16,0.013
Fig. 2(b),4,4-QAM,full_state_raw_label_srm,0.95,1.9,1.598,0.215030447709,high_d,0.95,0.803526122186,1.0,0.619121504658,16,0.003
Fig. 2(b),4,4-QAM,full_state_raw_label_srm,0.95,1.9,1.6,0.215163443963,high_d,0.95,0.803526122186,1.0,0.618450501207,16,0.065
Fig. 2(b),4,4-QAM,full_state_raw_label_srm,0.95,1.9,1.602,0.215294023108,high_d,0.95,0.803526122186,1.0,0.617779816624,16,0.003
Fig. 2(b),4,4-QAM,full_state_raw_label_srm,0.95,1.9,1.6025,0.215326289955,full_d,0.95,0.803526122186,1.0,0.617612195512,16,0.003
Fig. 2(b),4,4-QAM,full_state_raw_label_srm,0.95,1.9,1.604,0.215422182881,high_d,0.95,0.803526122186,1.0,0.617109452706,16,0.064
Fig. 2(b),4,4-QAM,full_state_raw_label_srm,0.95,1.9,1.605,0.215485354814,full_d,0.95,0.803526122186,1.0,0.616774391557,16,0.003
Fig. 2(b),4,4-QAM,full_state_raw_label_srm,0.95,1.9,1.606,0.215547921086,high_d,0.95,0.803526122186,1.0,0.616439411245,16,0.003
Fig. 2(b),4,4-QAM,full_state_raw_label_srm,0.95,1.9,1.6075,0.215640634303,full_d,0.95,0.803526122186,1.0,0.615937092831,16,0.028
Fig. 2(b),4,4-QAM,full_state_raw_label_srm,0.95,1.9,1.608,0.215671235596,high_d,0.95,0.803526122186,1.0,0.615769694018,16,0.028
Fig. 2(b),4,4-QAM,full_state_raw_label_srm,0.95,1.9,1.61,0.215792124355,high_d,0.95,0.803526122186,1.0,0.615100302795,16,0.003
Fig. 2(b),4,4-QAM,full_state_raw_label_srm,0.95,1.9,1.612,0.215910585378,high_d,0.95,0.803526122186,1.0,0.614431239332,16,0.003
Fig. 2(b),4,4-QAM,full_state_raw_label_srm,0.95,1.9,1.6125,0.215939821074,full_d,0.95,0.803526122186,1.0,0.614264024884,16,0.003
Fig. 2(b),4,4-QAM,full_state_raw_label_srm,0.95,1.9,1.614,0.216026616748,high_d,0.95,0.803526122186,1.0,0.613762505379,16,0.003
Fig. 2(b),4,4-QAM,full_state_raw_label_srm,0.95,1.9,1.615,0.216083720735,full_d,0.95,0.803526122186,1.0,0.613428262512,16,0.003
Fig. 2(b),4,4-QAM,full_state_raw_label_srm,0.95,1.9,1.616,0.216140216621,high_d,0.95,0.803526122186,1.0,0.613094102672,16,0.004
Fig. 2(b),4,4-QAM,full_state_raw_label_srm,0.95,1.9,1.6175,0.216223819786,full_d,0.95,0.803526122186,1.0,0.612593019062,16,0.011
Fig. 2(b),4,4-QAM,full_state_raw_label_srm,0.95,1.9,1.618,0.216251383223,high_d,0.95,0.803526122186,1.0,0.61242603294,16,0.003
Fig. 2(b),4,4-QAM,full_state_raw_label_srm,0.95,1.9,1.62,0.21636011485,high_d,0.95,0.803526122186,1.0,0.611758297899,16,0.003
Fig. 2(b),4,4-QAM,full_state_raw_label_srm,0.95,1.9,1.622,0.216466409869,high_d,0.95,0.803526122186,1.0,0.611090899257,16,0.003
Fig. 2(b),4,4-QAM,full_state_raw_label_srm,0.95,1.9,1.6225,0.21649260272,full_d,0.95,0.803526122186,1.0,0.610924102359,16,0.003
Fig. 2(b),4,4-QAM,full_state_raw_label_srm,0.95,1.9,1.624,0.21657026672,high_d,0.95,0.803526122186,1.0,0.610423838713,16,0.009
Fig. 2(b),4,4-QAM,full_state_raw_label_srm,0.95,1.9,1.625,0.216621280364,full_d,0.95,0.803526122186,1.0,0.610090435754,16,0.043
Fig. 2(b),4,4-QAM,full_state_raw_label_srm,0.95,1.9,1.626,0.216671683913,high_d,0.95,0.803526122186,1.0,0.609757117952,16,0.016
Fig. 2(b),4,4-QAM,full_state_raw_label_srm,0.95,1.9,1.6275,0.216746144925,full_d,0.95,0.803526122186,1.0,0.609257301376,16,0.012
Fig. 2(b),4,4-QAM,full_state_raw_label_srm,0.95,1.9,1.628,0.216770660028,high_d,0.95,0.803526122186,1.0,0.609090738655,16,0.003
Fig. 2(b),4,4-QAM,full_state_raw_label_srm,0.95,1.9,1.63,0.216867193718,high_d,0.95,0.803526122186,1.0,0.608424702488,16,0.003
Fig. 2(b),4,4-QAM,full_state_raw_label_srm,0.95,1.9,1.632,0.216961283707,high_d,0.95,0.803526122186,1.0,0.60775901111,16,0.019
Fig. 2(b),4,4-QAM,full_state_raw_label_srm,0.95,1.9,1.6325,0.216984424233,full_d,0.95,0.803526122186,1.0,0.607592642333,16,0.003
Fig. 2(b),4,4-QAM,full_state_raw_label_srm,0.95,1.9,1.634,0.21705292879,high_d,0.95,0.803526122186,1.0,0.607093666171,16,0.003
Fig. 2(b),4,4-QAM,full_state_raw_label_srm,0.95,1.9,1.635,0.217097834135,full_d,0.95,0.803526122186,1.0,0.606761124129,16,0.04
Fig. 2(b),4,4-QAM,full_state_raw_label_srm,0.95,1.9,1.636,0.217142127833,high_d,0.95,0.803526122186,1.0,0.606428669311,16,0.068
Fig. 2(b),4,4-QAM,full_state_raw_label_srm,0.95,1.9,1.6375,0.21720742126,full_d,0.95,0.803526122186,1.0,0.605930151072,16,0.004
Fig. 2(b),4,4-QAM,full_state_raw_label_srm,0.95,1.9,1.638,0.217228879774,high_d,0.95,0.803526122186,1.0,0.605764022158,16,0.003
Fig. 2(b),4,4-QAM,full_state_raw_label_srm,0.95,1.9,1.64,0.21731318362,high_d,0.95,0.803526122186,1.0,0.605099726334,16,0.03
Fig. 2(b),4,4-QAM,full_state_raw_label_srm,0.95,1.9,1.642,0.217395038453,high_d,0.95,0.803526122186,1.0,0.604435783452,16,0.003
Fig. 2(b),4,4-QAM,full_state_raw_label_srm,0.95,1.9,1.6425,0.217415119402,full_d,0.95,0.803526122186,1.0,0.604269853066,16,0.003
Fig. 2(b),4,4-QAM,full_state_raw_label_srm,0.95,1.9,1.644,0.217474443422,high_d,0.95,0.803526122186,1.0,0.603772195112,16,0.027
Fig. 2(b),4,4-QAM,full_state_raw_label_srm,0.95,1.9,1.645,0.217513226962,full_d,0.95,0.803526122186,1.0,0.603440534394,16,0.004
Fig. 2(b),4,4-QAM,full_state_raw_label_srm,0.95,1.9,1.646,0.21755139775,high_d,0.95,0.803526122186,1.0,0.603108962909,16,0.003
Fig. 2(b),4,4-QAM,full_state_raw_label_srm,0.95,1.9,1.6475,0.217607504832,full_d,0.95,0.803526122186,1.0,0.602611773424,16,0.003
Fig. 2(b),4,4-QAM,full_state_raw_label_srm,0.95,1.9,1.648,0.217625900727,high_d,0.95,0.803526122186,1.0,0.602446088426,16,0.003
Fig. 2(b),4,4-QAM,full_state_raw_label_srm,0.95,1.9,1.65,0.217697951716,high_d,0.95,0.803526122186,1.0,0.60178357324,16,0.004
Fig. 2(b),4,4-QAM,full_state_raw_label_srm,0.95,1.9,1.652,0.217767550152,high_d,0.95,0.803526122186,1.0,0.601121418915,16,0.008
Fig. 2(b),4,4-QAM,full_state_raw_label_srm,0.95,1.9,1.6525,0.217784566489,full_d,0.95,0.803526122186,1.0,0.600955936902,16,0.083
Fig. 2(b),4,4-QAM,full_state_raw_label_srm,0.95,1.9,1.654,0.217834695535,high_d,0.95,0.803526122186,1.0,0.600459627011,16,0.033
Fig. 2(b),4,4-QAM,full_state_raw_label_srm,0.95,1.9,1.655,0.217867348197,full_d,0.95,0.803526122186,1.0,0.600128867451,16,0.004
Fig. 2(b),4,4-QAM,full_state_raw_label_srm,0.95,1.9,1.656,0.21789938744,high_d,0.95,0.803526122186,1.0,0.599798199076,16,0.019
Fig. 2(b),4,4-QAM,full_state_raw_label_srm,0.95,1.9,1.6575,0.217946296057,full_d,0.95,0.803526122186,1.0,0.599302367907,16,0.014
Fig. 2(b),4,4-QAM,full_state_raw_label_srm,0.95,1.9,1.658,0.21796162551,high_d,0.95,0.803526122186,1.0,0.599137136651,16,0.003
Fig. 2(b),4,4-QAM,full_state_raw_label_srm,0.95,1.9,1.66,0.218021409455,high_d,0.95,0.803526122186,1.0,0.598476441266,16,0.003
Fig. 2(b),4,4-QAM,full_state_raw_label_srm,0.95,1.9,1.662,0.218078739058,high_d,0.95,0.803526122186,1.0,0.597816114446,16,0.003
Fig. 2(b),4,4-QAM,full_state_raw_label_srm,0.95,1.9,1.6625,0.218092687949,full_d,0.95,0.803526122186,1.0,0.597651090507,16,0.003
Fig. 2(b),4,4-QAM,full_state_raw_label_srm,0.95,1.9,1.664,0.218133614169,high_d,0.95,0.803526122186,1.0,0.597156157705,16,0.004
Fig. 2(b),4,4-QAM,full_state_raw_label_srm,0.95,1.9,1.665,0.218160131261,full_d,0.95,0.803526122186,1.0,0.596826318586,16,0.004
Fig. 2(b),4,4-QAM,full_state_raw_label_srm,0.95,1.9,1.666,0.218186034706,high_d,0.95,0.803526122186,1.0,0.59649657255,16,0.008
Fig. 2(b),4,4-QAM,full_state_raw_label_srm,0.95,1.9,1.6675,0.218223739284,full_d,0.95,0.803526122186,1.0,0.596002128439,16,0.022
Fig. 2(b),4,4-QAM,full_state_raw_label_srm,0.95,1.9,1.668,0.218236000655,high_d,0.95,0.803526122186,1.0,0.59583736048,16,0.071
Fig. 2(b),4,4-QAM,full_state_raw_label_srm,0.95,1.9,1.67,0.218283512073,high_d,0.95,0.803526122186,1.0,0.595178522983,16,0.003
Fig. 2(b),4,4-QAM,full_state_raw_label_srm,0.95,1.9,1.672,0.218328569082,high_d,0.95,0.803526122186,1.0,0.594520061544,16,0.089
Fig. 2(b),4,4-QAM,full_state_raw_label_srm,0.95,1.9,1.6725,0.218339449854,full_d,0.95,0.803526122186,1.0,0.594355505116,16,0.047
Fig. 2(b),4,4-QAM,full_state_raw_label_srm,0.95,1.9,1.674,0.218371171871,high_d,0.95,0.803526122186,1.0,0.593861977636,16,0.011
Fig. 2(b),4,4-QAM,full_state_raw_label_srm,0.95,1.9,1.675,0.218391553011,full_d,0.95,0.803526122186,1.0,0.593533077714,16,0.003
Fig. 2(b),4,4-QAM,full_state_raw_label_srm,0.95,1.9,1.676,0.218411320697,high_d,0.95,0.803526122186,1.0,0.593204272725,16,0.003
Fig. 2(b),4,4-QAM,full_state_raw_label_srm,0.95,1.9,1.6775,0.218439822096,full_d,0.95,0.803526122186,1.0,0.592711243636,16,0.003
Fig. 2(b),4,4-QAM,full_state_raw_label_srm,0.95,1.9,1.678,0.218449015884,high_d,0.95,0.803526122186,1.0,0.59254694827,16,0.026
Fig. 2(b),4,4-QAM,full_state_raw_label_srm,0.95,1.9,1.68,0.218484257821,high_d,0.95,0.803526122186,1.0,0.591890005721,16,0.003
Fig. 2(b),4,4-QAM,full_state_raw_label_srm,0.95,1.9,1.682,0.218517046962,high_d,0.95,0.803526122186,1.0,0.591233446523,16,0.003
Fig. 2(b),4,4-QAM,full_state_raw_label_srm,0.95,1.9,1.6825,0.218524861058,full_d,0.95,0.803526122186,1.0,0.59106936679,16,0.003
Fig. 2(b),4,4-QAM,full_state_raw_label_srm,0.95,1.9,1.684,0.218547383829,high_d,0.95,0.803526122186,1.0,0.59057727211,16,0.003
Fig. 2(b),4,4-QAM,full_state_raw_label_srm,0.95,1.9,1.685,0.218561632839,full_d,0.95,0.803526122186,1.0,0.590249329645,16,0.004
Fig. 2(b),4,4-QAM,full_state_raw_label_srm,0.95,1.9,1.686,0.218575269006,high_d,0.95,0.803526122186,1.0,0.589921483911,16,0.003
Fig. 2(b),4,4-QAM,full_state_raw_label_srm,0.95,1.9,1.6875,0.218594574356,full_d,0.95,0.803526122186,1.0,0.589429897069,16,0.01
Fig. 2(b),4,4-QAM,full_state_raw_label_srm,0.95,1.9,1.688,0.218600703144,high_d,0.95,0.803526122186,1.0,0.589266083347,16,0.051
Fig. 2(b),4,4-QAM,full_state_raw_label_srm,0.95,1.9,1.69,0.218623686955,high_d,0.95,0.803526122186,1.0,0.58861107183,16,0.004
Fig. 2(b),4,4-QAM,full_state_raw_label_srm,0.95,1.9,1.692,0.218644221219,high_d,0.95,0.803526122186,1.0,0.587956450769,16,0.003
Fig. 2(b),4,4-QAM,full_state_raw_label_srm,0.95,1.9,1.6925,0.21864897214,full_d,0.95,0.803526122186,1.0,0.587792856676,16,0.003
Fig. 2(b),4,4-QAM,full_state_raw_label_srm,0.95,1.9,1.694,0.218662306775,high_d,0.95,0.803526122186,1.0,0.587302221561,16,0.003
Fig. 2(b),4,4-QAM,full_state_raw_label_srm,0.95,1.9,1.695,0.218670431567,full_d,0.95,0.803526122186,1.0,0.586975254338,16,0.01
Fig. 2(b),4,4-QAM,full_state_raw_label_srm,0.95,1.9,1.696,0.218677944526,high_d,0.95,0.803526122186,1.0,0.5866483856,16,0.003
Fig. 2(b),4,4-QAM,full_state_raw_label_srm,0.95,1.9,1.6975,0.218688067046,full_d,0.95,0.803526122186,1.0,0.58615826753,16,0.007
Fig. 2(b),4,4-QAM,full_state_raw_label_srm,0.95,1.9,1.698,0.218691135438,high_d,0.95,0.803526122186,1.0,0.58599494427,16,0.003
Fig. 2(b),4,4-QAM,full_state_raw_label_srm,0.95,1.9,1.7,0.218701880537,high_d,0.95,0.803526122186,1.0,0.58534189895,16,0.004
Fig. 2(b),4,4-QAM,full_state_raw_label_srm,0.95,1.9,1.702,0.218710180913,high_d,0.95,0.803526122186,1.0,0.584689251012,16,0.003
Fig. 2(b),4,4-QAM,full_state_raw_label_srm,0.95,1.9,1.7025,0.218711874152,full_d,0.95,0.803526122186,1.0,0.584526151278,16,0.022
Fig. 2(b),4,4-QAM,full_state_raw_label_srm,0.95,1.9,1.704,0.218716037714,high_d,0.95,0.803526122186,1.0,0.58403700182,16,0.003
Fig. 2(b),4,4-QAM,full_state_raw_label_srm,0.95,1.9,1.705,0.218718050149,full_d,0.95,0.803526122186,1.0,0.583711027179,16,0.003
Fig. 2(b),4,4-QAM,full_state_raw_label_srm,0.95,1.9,1.706,0.218719452148,high_d,0.95,0.803526122186,1.0,0.583385152734,16,0.014
Fig. 2(b),4,4-QAM,full_state_raw_label_srm,0.95,1.9,1.7075,0.218720410933,full_d,0.95,0.803526122186,1.0,0.582896529302,16,0.003
Fig. 2(b),4,4-QAM,full_state_raw_label_srm,0.95,1.9,1.708,0.218720425486,high_d,0.95,0.803526122186,1.0,0.582733705105,16,0.003
Fig. 2(b),4,4-QAM,full_state_raw_label_srm,0.95,1.9,1.71,0.218718959055,high_d,0.95,0.803526122186,1.0,0.582082660279,16,0.003
Fig. 2(b),4,4-QAM,full_state_raw_label_srm,0.95,1.9,1.712,0.218715054241,high_d,0.95,0.803526122186,1.0,0.581432019595,16,0.004
Fig. 2(b),4,4-QAM,full_state_raw_label_srm,0.95,1.9,1.7125,0.218713697209,full_d,0.95,0.803526122186,1.0,0.581269422727,16,0.003
Fig. 2(b),4,4-QAM,full_state_raw_label_srm,0.95,1.9,1.714,0.218708712491,high_d,0.95,0.803526122186,1.0,0.580781784386,16,0.007
Fig. 2(b),4,4-QAM,full_state_raw_label_srm,0.95,1.9,1.715,0.218704628231,full_d,0.95,0.803526122186,1.0,0.580456819249,16,0.015
Fig. 2(b),4,4-QAM,full_state_raw_label_srm,0.95,1.9,1.716,0.218699935305,high_d,0.95,0.803526122186,1.0,0.580131955979,16,0.065
Fig. 2(b),4,4-QAM,full_state_raw_label_srm,0.95,1.9,1.7175,0.218691755098,full_d,0.95,0.803526122186,1.0,0.579644852432,16,0.004
Fig. 2(b),4,4-QAM,full_state_raw_label_srm,0.95,1.9,1.718,0.218688724244,high_d,0.95,0.803526122186,1.0,0.579482535695,16,0.027
Fig. 2(b),4,4-QAM,full_state_raw_label_srm,0.95,1.9,1.72,0.218675080925,high_d,0.95,0.803526122186,1.0,0.578833524849,16,0.003
Fig. 2(b),4,4-QAM,full_state_raw_label_srm,0.95,1.9,1.722,0.218659007018,high_d,0.95,0.803526122186,1.0,0.57818492475,16,0.037
Fig. 2(b),4,4-QAM,full_state_raw_label_srm,0.95,1.9,1.7225,0.218654608963,full_d,0.95,0.803526122186,1.0,0.578022839057,16,0.037
Fig. 2(b),4,4-QAM,full_state_raw_label_srm,0.95,1.9,1.724,0.218640504252,high_d,0.95,0.803526122186,1.0,0.5775367367,16,0.003
Fig. 2(b),4,4-QAM,full_state_raw_label_srm,0.95,1.9,1.725,0.218630342602,full_d,0.95,0.803526122186,1.0,0.5772127976,16,0.012
Fig. 2(b),4,4-QAM,full_state_raw_label_srm,0.95,1.9,1.726,0.21861957441,high_d,0.95,0.803526122186,1.0,0.576888961999,16,0.003
Fig. 2(b),4,4-QAM,full_state_raw_label_srm,0.95,1.9,1.7275,0.218602285362,full_d,0.95,0.803526122186,1.0,0.57640340301,16,0.063
Fig. 2(b),4,4-QAM,full_state_raw_label_srm,0.95,1.9,1.728,0.218596219328,high_d,0.95,0.803526122186,1.0,0.576241601937,16,0.003
Fig. 2(b),4,4-QAM,full_state_raw_label_srm,0.95,1.9,1.73,0.218570440898,high_d,0.95,0.803526122186,1.0,0.575594657802,16,0.017
Fig. 2(b),4,4-QAM,full_state_raw_label_srm,0.95,1.9,1.732,0.218542241063,high_d,0.95,0.803526122186,1.0,0.574948130873,16,0.003
Fig. 2(b),4,4-QAM,full_state_raw_label_srm,0.95,1.9,1.7325,0.218534812993,full_d,0.95,0.803526122186,1.0,0.574786564479,16,0.033
Fig. 2(b),4,4-QAM,full_state_raw_label_srm,0.95,1.9,1.734,0.218511621821,high_d,0.95,0.803526122186,1.0,0.574302022427,16,0.003
Fig. 2(b),4,4-QAM,full_state_raw_label_srm,0.95,1.9,1.735,0.218495405561,full_d,0.95,0.803526122186,1.0,0.573979125532,16,0.004
Fig. 2(b),4,4-QAM,full_state_raw_label_srm,0.95,1.9,1.736,0.218478585222,high_d,0.95,0.803526122186,1.0,0.573656333734,16,0.003
Fig. 2(b),4,4-QAM,full_state_raw_label_srm,0.95,1.9,1.7375,0.218452222643,full_d,0.95,0.803526122186,1.0,0.573172343439,16,0.003
Fig. 2(b),4,4-QAM,full_state_raw_label_srm,0.95,1.9,1.738,0.218443133366,high_d,0.95,0.803526122186,1.0,0.57301106606,16,0.03
Fig. 2(b),4,4-QAM,full_state_raw_label_srm,0.95,1.9,1.74,0.218405268405,high_d,0.95,0.803526122186,1.0,0.572366220664,16,0.003
Fig. 2(b),4,4-QAM,full_state_raw_label_srm,0.95,1.9,1.742,0.218364992542,high_d,0.95,0.803526122186,1.0,0.571721798802,16,0.014
Fig. 2(b),4,4-QAM,full_state_raw_label_srm,0.95,1.9,1.7425,0.218354547136,full_d,0.95,0.803526122186,1.0,0.57156075966,16,0.003
Fig. 2(b),4,4-QAM,full_state_raw_label_srm,0.95,1.9,1.744,0.21832230803,high_d,0.95,0.803526122186,1.0,0.571077801723,16,0.003
Fig. 2(b),4,4-QAM,full_state_raw_label_srm,0.95,1.9,1.745,0.218300063248,full_d,0.95,0.803526122186,1.0,0.570755962867,16,0.003
Fig. 2(b),4,4-QAM,full_state_raw_label_srm,0.95,1.9,1.746,0.218277217172,high_d,0.95,0.803526122186,1.0,0.570434230674,16,0.003
Fig. 2(b),4,4-QAM,full_state_raw_label_srm,0.95,1.9,1.7475,0.218241821276,full_d,0.95,0.803526122186,1.0,0.569951832715,16,0.004
Fig. 2(b),4,4-QAM,full_state_raw_label_srm,0.95,1.9,1.748,0.218229722319,high_d,0.95,0.803526122186,1.0,0.569791086895,16,0.003
Fig. 2(b),4,4-QAM,full_state_raw_label_srm,0.95,1.9,1.75,0.21817982587,high_d,0.95,0.803526122186,1.0,0.569148371622,16,0.023
Fig. 2(b),4,4-QAM,full_state_raw_label_srm,0.95,1.9,1.752,0.218127530275,high_d,0.95,0.803526122186,1.0,0.568506086086,16,0.003
Fig. 2(b),4,4-QAM,full_state_raw_label_srm,0.95,1.9,1.7525,0.218114081801,full_d,0.95,0.803526122186,1.0,0.568345581992,16,0.03
Fig. 2(b),4,4-QAM,full_state_raw_label_srm,0.95,1.9,1.754,0.218072838027,high_d,0.95,0.803526122186,1.0,0.567864231515,16,0.024
Fig. 2(b),4,4-QAM,full_state_raw_label_srm,0.95,1.9,1.755,0.218044593952,full_d,0.95,0.803526122186,1.0,0.567543466223,16,0.014
Fig. 2(b),4,4-QAM,full_state_raw_label_srm,0.95,1.9,1.756,0.21801575167,high_d,0.95,0.803526122186,1.0,0.56722280913,16,0.016
Fig. 2(b),4,4-QAM,full_state_raw_label_srm,0.95,1.9,1.7575,0.217971367323,full_d,0.95,0.803526122186,1.0,0.566742026698,16,0.053
Fig. 2(b),4,4-QAM,full_state_raw_label_srm,0.95,1.9,1.758,0.217956273791,high_d,0.95,0.803526122186,1.0,0.566581820151,16,0.003
Fig. 2(b),4,4-QAM,full_state_raw_label_srm,0.95,1.9,1.76,0.217894407026,high_d,0.95,0.803526122186,1.0,0.565941265791,16,0.003
Fig. 2(b),4,4-QAM,full_state_raw_label_srm,0.95,1.9,1.7625,0.217813718283,full_d,0.95,0.803526122186,1.0,0.565141185868,16,0.004
Fig. 2(b),4,4-QAM,full_state_raw_label_srm,0.95,1.9,1.765,0.217729306427,full_d,0.95,0.803526122186,1.0,0.564341789281,16,0.003
Fig. 2(b),4,4-QAM,full_state_raw_label_srm,0.95,1.9,1.7675,0.217641176897,full_d,0.95,0.803526122186,1.0,0.563543078376,16,0.023
Fig. 2(b),4,4-QAM,full_state_raw_label_srm,0.95,1.9,1.77,0.217549335238,full_d,0.95,0.803526122186,1.0,0.562745055487,16,0.051
Fig. 2(b),4,4-QAM,full_state_raw_label_srm,0.95,1.9,1.7725,0.217453787103,full_d,0.95,0.803526122186,1.0,0.561947722941,16,0.004
Fig. 2(b),4,4-QAM,full_state_raw_label_srm,0.95,1.9,1.775,0.217354538243,full_d,0.95,0.803526122186,1.0,0.561151083055,16,0.003
Fig. 2(b),4,4-QAM,full_state_raw_label_srm,0.95,1.9,1.7775,0.217251594516,full_d,0.95,0.803526122186,1.0,0.560355138136,16,0.006
Fig. 2(b),4,4-QAM,full_state_raw_label_srm,0.95,1.9,1.78,0.217144961875,full_d,0.95,0.803526122186,1.0,0.559559890484,16,0.025
Fig. 2(b),4,4-QAM,full_state_raw_label_srm,0.95,1.9,1.7825,0.217034646375,full_d,0.95,0.803526122186,1.0,0.558765342393,16,0.003
Fig. 2(b),4,4-QAM,full_state_raw_label_srm,0.95,1.9,1.785,0.216920654168,full_d,0.95,0.803526122186,1.0,0.557971496144,16,0.018
Fig. 2(b),4,4-QAM,full_state_raw_label_srm,0.95,1.9,1.7875,0.2168029915,full_d,0.95,0.803526122186,1.0,0.557178354015,16,0.013
Fig. 2(b),4,4-QAM,full_state_raw_label_srm,0.95,1.9,1.79,0.216681664711,full_d,0.95,0.803526122186,1.0,0.556385918273,16,0.017
Fig. 2(b),4,4-QAM,full_state_raw_label_srm,0.95,1.9,1.7925,0.216556680236,full_d,0.95,0.803526122186,1.0,0.555594191181,16,0.022
Fig. 2(b),4,4-QAM,full_state_raw_label_srm,0.95,1.9,1.795,0.216428044599,full_d,0.95,0.803526122186,1.0,0.554803174992,16,0.037
Fig. 2(b),4,4-QAM,full_state_raw_label_srm,0.95,1.9,1.7975,0.216295764415,full_d,0.95,0.803526122186,1.0,0.554012871955,16,0.015
Fig. 2(b),4,4-QAM,full_state_raw_label_srm,0.95,1.9,1.8,0.216159846387,full_d,0.95,0.803526122186,1.0,0.553223284309,16,0.028
Fig. 2(b),4,4-QAM,full_state_raw_label_srm,0.95,1.9,1.8025,0.216020297304,full_d,0.95,0.803526122186,1.0,0.55243441429,16,0.014
Fig. 2(b),4,4-QAM,full_state_raw_label_srm,0.95,1.9,1.805,0.215877124042,full_d,0.95,0.803526122186,1.0,0.551646264127,16,0.015
Fig. 2(b),4,4-QAM,full_state_raw_label_srm,0.95,1.9,1.8075,0.21573033356,full_d,0.95,0.803526122186,1.0,0.550858836041,16,0.067
Fig. 2(b),4,4-QAM,full_state_raw_label_srm,0.95,1.9,1.81,0.2155799329,full_d,0.95,0.803526122186,1.0,0.550072132251,16,0.023
Fig. 2(b),4,4-QAM,full_state_raw_label_srm,0.95,1.9,1.8125,0.215425929185,full_d,0.95,0.803526122186,1.0,0.549286154967,16,0.006
Fig. 2(b),4,4-QAM,full_state_raw_label_srm,0.95,1.9,1.815,0.215268329618,full_d,0.95,0.803526122186,1.0,0.548500906396,16,0.152
Fig. 2(b),4,4-QAM,full_state_raw_label_srm,0.95,1.9,1.8175,0.215107141479,full_d,0.95,0.803526122186,1.0,0.54771638874,16,0.003
Fig. 2(b),4,4-QAM,full_state_raw_label_srm,0.95,1.9,1.82,0.214942372127,full_d,0.95,0.803526122186,1.0,0.546932604194,16,0.003
Fig. 2(b),4,4-QAM,full_state_raw_label_srm,0.95,1.9,1.8225,0.214774028993,full_d,0.95,0.803526122186,1.0,0.546149554951,16,0.004
Fig. 2(b),4,4-QAM,full_state_raw_label_srm,0.95,1.9,1.825,0.214602119585,full_d,0.95,0.803526122186,1.0,0.545367243197,16,0.02
Fig. 2(b),4,4-QAM,full_state_raw_label_srm,0.95,1.9,1.8275,0.214426651482,full_d,0.95,0.803526122186,1.0,0.544585671117,16,0.003
Fig. 2(b),4,4-QAM,full_state_raw_label_srm,0.95,1.9,1.83,0.214247632332,full_d,0.95,0.803526122186,1.0,0.543804840889,16,0.003
Fig. 2(b),4,4-QAM,full_state_raw_label_srm,0.95,1.9,1.8325,0.214065069853,full_d,0.95,0.803526122186,1.0,0.543024754689,16,0.003
Fig. 2(b),4,4-QAM,full_state_raw_label_srm,0.95,1.9,1.835,0.213878971832,full_d,0.95,0.803526122186,1.0,0.542245414688,16,0.004
Fig. 2(b),4,4-QAM,full_state_raw_label_srm,0.95,1.9,1.8375,0.213689346118,full_d,0.95,0.803526122186,1.0,0.541466823054,16,0.044
Fig. 2(b),4,4-QAM,full_state_raw_label_srm,0.95,1.9,1.84,0.213496200628,full_d,0.95,0.803526122186,1.0,0.540688981953,16,0.004
Fig. 2(b),4,4-QAM,full_state_raw_label_srm,0.95,1.9,1.8425,0.213299543337,full_d,0.95,0.803526122186,1.0,0.539911893547,16,0.004
Fig. 2(b),4,4-QAM,full_state_raw_label_srm,0.95,1.9,1.845,0.213099382282,full_d,0.95,0.803526122186,1.0,0.539135559994,16,0.003
Fig. 2(b),4,4-QAM,full_state_raw_label_srm,0.95,1.9,1.8475,0.212895725558,full_d,0.95,0.803526122186,1.0,0.53835998345,16,0.004
Fig. 2(b),4,4-QAM,full_state_raw_label_srm,0.95,1.9,1.85,0.212688581316,full_d,0.95,0.803526122186,1.0,0.53758516607,16,0.004
Fig. 2(b),4,4-QAM,full_state_raw_label_srm,0.95,1.9,1.8525,0.212477957759,full_d,0.95,0.803526122186,1.0,0.536811110004,16,0.003
Fig. 2(b),4,4-QAM,full_state_raw_label_srm,0.95,1.9,1.855,0.212263863144,full_d,0.95,0.803526122186,1.0,0.536037817402,16,0.01
Fig. 2(b),4,4-QAM,full_state_raw_label_srm,0.95,1.9,1.8575,0.212046305775,full_d,0.95,0.803526122186,1.0,0.535265290411,16,0.008
Fig. 2(b),4,4-QAM,full_state_raw_label_srm,0.95,1.9,1.86,0.211825294003,full_d,0.95,0.803526122186,1.0,0.534493531175,16,0.046
Fig. 2(b),4,4-QAM,full_state_raw_label_srm,0.95,1.9,1.8625,0.211600836222,full_d,0.95,0.803526122186,1.0,0.533722541838,16,0.003
Fig. 2(b),4,4-QAM,full_state_raw_label_srm,0.95,1.9,1.865,0.211372940868,full_d,0.95,0.803526122186,1.0,0.532952324541,16,0.017
Fig. 2(b),4,4-QAM,full_state_raw_label_srm,0.95,1.9,1.8675,0.211141616412,full_d,0.95,0.803526122186,1.0,0.532182881426,16,0.003
Fig. 2(b),4,4-QAM,full_state_raw_label_srm,0.95,1.9,1.87,0.210906871362,full_d,0.95,0.803526122186,1.0,0.53141421463,16,0.004
Fig. 2(b),4,4-QAM,full_state_raw_label_srm,0.95,1.9,1.8725,0.210668714253,full_d,0.95,0.803526122186,1.0,0.530646326292,16,0.003
Fig. 2(b),4,4-QAM,full_state_raw_label_srm,0.95,1.9,1.875,0.21042715365,full_d,0.95,0.803526122186,1.0,0.529879218549,16,0.063
Fig. 2(b),4,4-QAM,full_state_raw_label_srm,0.95,1.9,1.8775,0.210182198138,full_d,0.95,0.803526122186,1.0,0.529112893536,16,0.003
Fig. 2(b),4,4-QAM,full_state_raw_label_srm,0.95,1.9,1.88,0.209933856319,full_d,0.95,0.803526122186,1.0,0.528347353389,16,0.003
Fig. 2(b),4,4-QAM,full_state_raw_label_srm,0.95,1.9,1.8825,0.209682136809,full_d,0.95,0.803526122186,1.0,0.527582600242,16,0.004
Fig. 2(b),4,4-QAM,full_state_raw_label_srm,0.95,1.9,1.885,0.209427048231,full_d,0.95,0.803526122186,1.0,0.526818636229,16,0.004
Fig. 2(b),4,4-QAM,full_state_raw_label_srm,0.95,1.9,1.8875,0.209168599208,full_d,0.95,0.803526122186,1.0,0.526055463485,16,0.003
Fig. 2(b),4,4-QAM,full_state_raw_label_srm,0.95,1.9,1.89,0.208906798359,full_d,0.95,0.803526122186,1.0,0.525293084141,16,0.004
Fig. 2(b),4,4-QAM,full_state_raw_label_srm,0.95,1.9,1.8925,0.208641654289,full_d,0.95,0.803526122186,1.0,0.524531500333,16,0.04
Fig. 2(b),4,4-QAM,full_state_raw_label_srm,0.95,1.9,1.895,0.208373175583,full_d,0.95,0.803526122186,1.0,0.523770714193,16,0.004
Fig. 2(b),4,4-QAM,full_state_raw_label_srm,0.95,1.9,1.8975,0.208101370798,full_d,0.95,0.803526122186,1.0,0.523010727855,16,0.003
Fig. 2(b),4,4-QAM,full_state_raw_label_srm,0.95,1.9,1.9,0.20782624845,full_d,0.95,0.803526122186,1.0,0.522251543453,16,0.003
Fig. 2(b),4,4-QAM,full_state_raw_label_srm,0.95,1.9,1.9025,0.207547817009,full_d,0.95,0.803526122186,1.0,0.52149316312,16,0.003
Fig. 2(b),4,4-QAM,full_state_raw_label_srm,0.95,1.9,1.905,0.207266084881,full_d,0.95,0.803526122186,1.0,0.52073558899,16,0.003
Fig. 2(b),4,4-QAM,full_state_raw_label_srm,0.95,1.9,1.9075,0.206981060397,full_d,0.95,0.803526122186,1.0,0.5199788232,16,0.004
Fig. 2(b),4,4-QAM,full_state_raw_label_srm,0.95,1.9,1.91,0.206692751802,full_d,0.95,0.803526122186,1.0,0.519222867884,16,0.02
Fig. 2(b),4,4-QAM,full_state_raw_label_srm,0.95,1.9,1.9125,0.206401167234,full_d,0.95,0.803526122186,1.0,0.518467725178,16,0.03
Fig. 2(b),4,4-QAM,full_state_raw_label_srm,0.95,1.9,1.915,0.206106314705,full_d,0.95,0.803526122186,1.0,0.51771339722,16,0.014
Fig. 2(b),4,4-QAM,full_state_raw_label_srm,0.95,1.9,1.9175,0.205808202085,full_d,0.95,0.803526122186,1.0,0.516959886147,16,0.023
Fig. 2(b),4,4-QAM,full_state_raw_label_srm,0.95,1.9,1.92,0.205506837072,full_d,0.95,0.803526122186,1.0,0.516207194099,16,0.003
Fig. 2(b),4,4-QAM,full_state_raw_label_srm,0.95,1.9,1.9225,0.205202227169,full_d,0.95,0.803526122186,1.0,0.515455323215,16,0.01
Fig. 2(b),4,4-QAM,full_state_raw_label_srm,0.95,1.9,1.925,0.20489437965,full_d,0.95,0.803526122186,1.0,0.514704275636,16,0.008
Fig. 2(b),4,4-QAM,full_state_raw_label_srm,0.95,1.9,1.9275,0.20458330153,full_d,0.95,0.803526122186,1.0,0.513954053504,16,0.019
Fig. 2(b),4,4-QAM,full_state_raw_label_srm,0.95,1.9,1.93,0.204268999513,full_d,0.95,0.803526122186,1.0,0.513204658963,16,0.062
Fig. 2(b),4,4-QAM,full_state_raw_label_srm,0.95,1.9,1.9325,0.203951479954,full_d,0.95,0.803526122186,1.0,0.512456094157,16,0.008
Fig. 2(b),4,4-QAM,full_state_raw_label_srm,0.95,1.9,1.935,0.203630748798,full_d,0.95,0.803526122186,1.0,0.511708361233,16,0.045
Fig. 2(b),4,4-QAM,full_state_raw_label_srm,0.95,1.9,1.9375,0.203306811511,full_d,0.95,0.803526122186,1.0,0.510961462337,16,0.077
Fig. 2(b),4,4-QAM,full_state_raw_label_srm,0.95,1.9,1.94,0.202979673005,full_d,0.95,0.803526122186,1.0,0.510215399618,16,0.003
Fig. 2(b),4,4-QAM,full_state_raw_label_srm,0.95,1.9,1.9425,0.202649337535,full_d,0.95,0.803526122186,1.0,0.509470175228,16,0.003
Fig. 2(b),4,4-QAM,full_state_raw_label_srm,0.95,1.9,1.945,0.202315808589,full_d,0.95,0.803526122186,1.0,0.508725791318,16,0.003
Fig. 2(b),4,4-QAM,full_state_raw_label_srm,0.95,1.9,1.9475,0.201979088742,full_d,0.95,0.803526122186,1.0,0.507982250041,16,0.004
Fig. 2(b),4,4-QAM,full_state_raw_label_srm,0.95,1.9,1.95,0.20163917947,full_d,0.95,0.803526122186,1.0,0.507239553553,16,0.003
Fig. 2(b),4,4-QAM,full_state_raw_label_srm,0.95,1.9,1.9525,0.201296080927,full_d,0.95,0.803526122186,1.0,0.506497704011,16,0.003
Fig. 2(b),4,4-QAM,full_state_raw_label_srm,0.95,1.9,1.955,0.200949791645,full_d,0.95,0.803526122186,1.0,0.505756703573,16,0.003
Fig. 2(b),4,4-QAM,full_state_raw_label_srm,0.95,1.9,1.9575,0.200600308138,full_d,0.95,0.803526122186,1.0,0.505016554399,16,0.003
Fig. 2(b),4,4-QAM,full_state_raw_label_srm,0.95,1.9,1.96,0.200247624363,full_d,0.95,0.803526122186,1.0,0.504277258653,16,0.004
Fig. 2(b),4,4-QAM,full_state_raw_label_srm,0.95,1.9,1.9625,0.199891730949,full_d,0.95,0.803526122186,1.0,0.503538818497,16,0.003
Fig. 2(b),4,4-QAM,full_state_raw_label_srm,0.95,1.9,1.965,0.19953261407,full_d,0.95,0.803526122186,1.0,0.502801236097,16,0.012
Fig. 2(b),4,4-QAM,full_state_raw_label_srm,0.95,1.9,1.9675,0.199170253645,full_d,0.95,0.803526122186,1.0,0.502064513622,16,0.003
Fig. 2(b),4,4-QAM,full_state_raw_label_srm,0.95,1.9,1.97,0.198804620282,full_d,0.95,0.803526122186,1.0,0.50132865324,16,0.01
Fig. 2(b),4,4-QAM,full_state_raw_label_srm,0.95,1.9,1.9725,0.198435669309,full_d,0.95,0.803526122186,1.0,0.500593657123,16,0.009
Fig. 2(b),4,4-QAM,full_state_raw_label_srm,0.95,1.9,1.975,0.198063326351,full_d,0.95,0.803526122186,1.0,0.499859527443,16,0.013
Fig. 2(b),4,4-QAM,full_state_raw_label_srm,0.95,1.9,1.9775,0.197687421153,full_d,0.95,0.803526122186,1.0,0.499126266376,16,0.014
Fig. 2(b),4,4-QAM,full_state_raw_label_srm,0.95,1.9,1.98,0.19730769671,full_d,0.95,0.803526122186,1.0,0.498393876099,16,0.023
Fig. 2(b),4,4-QAM,full_state_raw_label_srm,0.95,1.9,1.9825,0.19692451005,full_d,0.95,0.803526122186,1.0,0.49766235879,16,0.031
Fig. 2(b),4,4-QAM,full_state_raw_label_srm,0.95,1.9,1.985,0.196538051983,full_d,0.95,0.803526122186,1.0,0.49693171663,16,0.003
Fig. 2(b),4,4-QAM,full_state_raw_label_srm,0.95,1.9,1.9875,0.196148439636,full_d,0.95,0.803526122186,1.0,0.4962019518,16,0.024
Fig. 2(b),4,4-QAM,full_state_raw_label_srm,0.95,1.9,1.99,0.195755763084,full_d,0.95,0.803526122186,1.0,0.495473066487,16,0.004
Fig. 2(b),4,4-QAM,full_state_raw_label_srm,0.95,1.9,1.9925,0.195360097871,full_d,0.95,0.803526122186,1.0,0.494745062874,16,0.02
Fig. 2(b),4,4-QAM,full_state_raw_label_srm,0.95,1.9,1.995,0.194961510436,full_d,0.95,0.803526122186,1.0,0.49401794315,16,0.005
Fig. 2(b),4,4-QAM,full_state_raw_label_srm,0.95,1.9,1.9975,0.194560060987,full_d,0.95,0.803526122186,1.0,0.493291709505,16,0.003
Fig. 2(b),4,4-QAM,full_state_raw_label_srm,0.95,1.9,2.0,0.194155805201,full_d,0.95,0.803526122186,1.0,0.49256636413,16,0.004
Fig. 2(b),8,8-QAM,full_state_raw_label_srm,0.9,1.8,0.4,0.184411426689,full_d,0.9,0.812830516164,0.99999912762,0.915575784427,56,0.207
Fig. 2(b),8,8-QAM,full_state_raw_label_srm,0.9,1.8,0.405,0.186242556144,full_d,0.9,0.812830516164,0.999996740195,0.913589360042,56,0.203
Fig. 2(b),8,8-QAM,full_state_raw_label_srm,0.9,1.8,0.41,0.188009699854,full_d,0.9,0.812830516164,0.9999990538,0.911584888855,56,0.197
Fig. 2(b),8,8-QAM,full_state_raw_label_srm,0.9,1.8,0.415,0.189710314827,full_d,0.9,0.812830516164,0.999995103002,0.909562594479,56,0.194
Fig. 2(b),8,8-QAM,full_state_raw_label_srm,0.9,1.8,0.42,0.191346733324,full_d,0.9,0.812830516164,0.999999125078,0.907522701878,56,0.117
Fig. 2(b),8,8-QAM,full_state_raw_label_srm,0.9,1.8,0.425,0.192916178051,full_d,0.9,0.812830516164,0.999997947424,0.905465437346,56,0.11
Fig. 2(b),8,8-QAM,full_state_raw_label_srm,0.9,1.8,0.43,0.194418917382,full_d,0.9,0.812830516164,0.999994046336,0.903391028479,56,0.109
Fig. 2(b),8,8-QAM,full_state_raw_label_srm,0.9,1.8,0.435,0.195856320367,full_d,0.9,0.812830516164,0.999994995372,0.901299704132,56,0.107
Fig. 2(b),8,8-QAM,full_state_raw_label_srm,0.9,1.8,0.44,0.197227375788,full_d,0.9,0.812830516164,0.99999565846,0.899191694409,56,0.102
Fig. 2(b),8,8-QAM,full_state_raw_label_srm,0.9,1.8,0.445,0.198532850361,full_d,0.9,0.812830516164,0.999999577492,0.897067230617,56,0.096
Fig. 2(b),8,8-QAM,full_state_raw_label_srm,0.9,1.8,0.45,0.199771395562,full_d,0.9,0.812830516164,0.9999992045,0.894926545239,56,0.101
Fig. 2(b),8,8-QAM,full_state_raw_label_srm,0.9,1.8,0.455,0.200944170161,full_d,0.9,0.812830516164,0.999999246874,0.892769871901,56,0.091
Fig. 2(b),8,8-QAM,full_state_raw_label_srm,0.9,1.8,0.46,0.202050558861,low_d,0.9,0.812830516164,0.999995658251,0.890597445636,56,0.115
Fig. 2(b),8,8-QAM,full_state_raw_label_srm,0.9,1.8,0.462,0.202475268667,low_d,0.9,0.812830516164,0.999996130866,0.889724116914,56,0.118
Fig. 2(b),8,8-QAM,full_state_raw_label_srm,0.9,1.8,0.464,0.202889599806,low_d,0.9,0.812830516164,0.999996696637,0.888848320534,56,0.124
Fig. 2(b),8,8-QAM,full_state_raw_label_srm,0.9,1.8,0.465,0.203092795085,full_d,0.9,0.812830516164,0.999996582831,0.88840950171,56,0.099
Fig. 2(b),8,8-QAM,full_state_raw_label_srm,0.9,1.8,0.466,0.203293788931,low_d,0.9,0.812830516164,0.999998370905,0.88797007166,56,0.11
Fig. 2(b),8,8-QAM,full_state_raw_label_srm,0.9,1.8,0.468,0.20368721648,low_d,0.9,0.812830516164,0.999997947938,0.887089385482,56,0.102
Fig. 2(b),8,8-QAM,full_state_raw_label_srm,0.9,1.8,0.47,0.204069984357,low_d,0.9,0.812830516164,0.99999577274,0.886206277215,56,0.101
Fig. 2(b),8,8-QAM,full_state_raw_label_srm,0.9,1.8,0.472,0.204442587779,low_d,0.9,0.812830516164,0.999994101732,0.8853207621,56,0.101
Fig. 2(b),8,8-QAM,full_state_raw_label_srm,0.9,1.8,0.474,0.204805905088,low_d,0.9,0.812830516164,0.999997036386,0.8844328554,56,0.094
Fig. 2(b),8,8-QAM,full_state_raw_label_srm,0.9,1.8,0.475,0.204983875859,full_d,0.9,0.812830516164,0.99999916035,0.883988009983,56,0.087
Fig. 2(b),8,8-QAM,full_state_raw_label_srm,0.9,1.8,0.476,0.205158576694,low_d,0.9,0.812830516164,0.999997732937,0.883542572405,56,0.084
Fig. 2(b),8,8-QAM,full_state_raw_label_srm,0.9,1.8,0.478,0.205500884048,low_d,0.9,0.812830516164,0.999997371503,0.882649928426,56,0.104
Fig. 2(b),8,8-QAM,full_state_raw_label_srm,0.9,1.8,0.48,0.205833505596,low_d,0.9,0.812830516164,0.999999043813,0.881754938797,56,0.097
Fig. 2(b),8,8-QAM,full_state_raw_label_srm,0.9,1.8,0.482,0.206155044648,low_d,0.9,0.812830516164,0.99999574768,0.880857618875,56,0.097
Fig. 2(b),8,8-QAM,full_state_raw_label_srm,0.9,1.8,0.484,0.206467731875,low_d,0.9,0.812830516164,0.99999808413,0.879957984038,56,0.095
Fig. 2(b),8,8-QAM,full_state_raw_label_srm,0.9,1.8,0.485,0.206620024646,full_d,0.9,0.812830516164,0.999997744046,0.879507303338,56,0.104
Fig. 2(b),8,8-QAM,full_state_raw_label_srm,0.9,1.8,0.486,0.206770000769,low_d,0.9,0.812830516164,0.999998218328,0.879056049685,56,0.086
Fig. 2(b),8,8-QAM,full_state_raw_label_srm,0.9,1.8,0.488,0.207062481285,low_d,0.9,0.812830516164,0.99999896096,0.878151831237,56,0.107
Fig. 2(b),8,8-QAM,full_state_raw_label_srm,0.9,1.8,0.49,0.207344821652,low_d,0.9,0.812830516164,0.999998364177,0.877245344134,56,0.095
Fig. 2(b),8,8-QAM,full_state_raw_label_srm,0.9,1.8,0.492,0.207614279187,low_d,0.9,0.812830516164,0.999982938353,0.876336603859,56,0.099
Fig. 2(b),8,8-QAM,full_state_raw_label_srm,0.9,1.8,0.494,0.207879726514,low_d,0.9,0.812830516164,0.999995212313,0.875425625844,56,0.093
Fig. 2(b),8,8-QAM,full_state_raw_label_srm,0.9,1.8,0.495,0.208007399749,full_d,0.9,0.812830516164,0.999994559562,0.874969302534,56,0.094
Fig. 2(b),8,8-QAM,full_state_raw_label_srm,0.9,1.8,0.496,0.208133373194,low_d,0.9,0.812830516164,0.999997355742,0.874512425608,56,0.106
Fig. 2(b),8,8-QAM,full_state_raw_label_srm,0.9,1.8,0.498,0.208376861169,low_d,0.9,0.812830516164,0.999997007972,0.873597018664,56,0.09
Fig. 2(b),8,8-QAM,full_state_raw_label_srm,0.9,1.8,0.5,0.208609926396,low_d,0.9,0.812830516164,0.999992627695,0.872679420542,56,0.103
Fig. 2(b),8,8-QAM,full_state_raw_label_srm,0.9,1.8,0.502,0.208835352085,low_d,0.9,0.812830516164,0.999997264239,0.871759646788,56,0.09
Fig. 2(b),8,8-QAM,full_state_raw_label_srm,0.9,1.8,0.504,0.209050460758,low_d,0.9,0.812830516164,0.999997784128,0.870837712964,56,0.099
Fig. 2(b),8,8-QAM,full_state_raw_label_srm,0.9,1.8,0.505,0.209154586472,full_d,0.9,0.812830516164,0.999998514661,0.870375940893,56,0.1
Fig. 2(b),8,8-QAM,full_state_raw_label_srm,0.9,1.8,0.506,0.209255940826,low_d,0.9,0.812830516164,0.999997186407,0.869913634645,56,0.101
Fig. 2(b),8,8-QAM,full_state_raw_label_srm,0.9,1.8,0.508,0.209452395572,low_d,0.9,0.812830516164,0.999998044958,0.868987427421,56,0.094
Fig. 2(b),8,8-QAM,full_state_raw_label_srm,0.9,1.8,0.51,0.209639500861,low_d,0.9,0.812830516164,0.999998494192,0.868059106893,56,0.11
Fig. 2(b),8,8-QAM,full_state_raw_label_srm,0.9,1.8,0.512,0.20981719413,low_d,0.9,0.812830516164,0.999997915905,0.867128688676,56,0.105
Fig. 2(b),8,8-QAM,full_state_raw_label_srm,0.9,1.8,0.514,0.20998585566,low_d,0.9,0.812830516164,0.999997796882,0.866196188393,56,0.112
Fig. 2(b),8,8-QAM,full_state_raw_label_srm,0.9,1.8,0.515,0.210066815432,full_d,0.9,0.812830516164,0.999997881393,0.865729162363,56,0.108
Fig. 2(b),8,8-QAM,full_state_raw_label_srm,0.9,1.8,0.516,0.21014565061,low_d,0.9,0.812830516164,0.999998589892,0.86526162168,56,0.103
Fig. 2(b),8,8-QAM,full_state_raw_label_srm,0.9,1.8,0.518,0.21029632175,low_d,0.9,0.812830516164,0.999998732524,0.864325004182,56,0.089
Fig. 2(b),8,8-QAM,full_state_raw_label_srm,0.9,1.8,0.52,0.2104380286,low_d,0.9,0.812830516164,0.999998640552,0.863386351547,56,0.091
Fig. 2(b),8,8-QAM,full_state_raw_label_srm,0.9,1.8,0.522,0.210570667798,low_d,0.9,0.812830516164,0.999997479441,0.862445679441,56,0.104
Fig. 2(b),8,8-QAM,full_state_raw_label_srm,0.9,1.8,0.524,0.210695072895,low_d,0.9,0.812830516164,0.999998854224,0.861503003527,56,0.094
Fig. 2(b),8,8-QAM,full_state_raw_label_srm,0.9,1.8,0.525,0.210753201303,full_d,0.9,0.812830516164,0.999995699961,0.861030919039,56,0.092
Fig. 2(b),8,8-QAM,full_state_raw_label_srm,0.9,1.8,0.526,0.210810452172,low_d,0.9,0.812830516164,0.999998648928,0.860558339476,56,0.101
Fig. 2(b),8,8-QAM,full_state_raw_label_srm,0.9,1.8,0.528,0.210917300184,low_d,0.9,0.812830516164,0.9999988506,0.859611702963,56,0.099
Fig. 2(b),8,8-QAM,full_state_raw_label_srm,0.9,1.8,0.53,0.211015700545,low_d,0.9,0.812830516164,0.999999490476,0.858663109665,56,0.107
Fig. 2(b),8,8-QAM,full_state_raw_label_srm,0.9,1.8,0.532,0.211105319997,low_d,0.9,0.812830516164,0.999998621133,0.857712575263,56,0.092
Fig. 2(b),8,8-QAM,full_state_raw_label_srm,0.9,1.8,0.534,0.211186758437,low_d,0.9,0.812830516164,0.999998713026,0.856760115438,56,0.09
Fig. 2(b),8,8-QAM,full_state_raw_label_srm,0.9,1.8,0.535,0.211223667413,full_d,0.9,0.812830516164,0.99999548727,0.856283168392,56,0.097
Fig. 2(b),8,8-QAM,full_state_raw_label_srm,0.9,1.8,0.536,0.2112590679,low_d,0.9,0.812830516164,0.999994902327,0.855805745869,56,0.095
Fig. 2(b),8,8-QAM,full_state_raw_label_srm,0.9,1.8,0.538,0.211324310269,low_d,0.9,0.812830516164,0.999996570763,0.854849482236,56,0.111
Fig. 2(b),8,8-QAM,full_state_raw_label_srm,0.9,1.8,0.54,0.211381574849,low_d,0.9,0.812830516164,0.999999023164,0.853891340214,56,0.089
Fig. 2(b),8,8-QAM,full_state_raw_label_srm,0.9,1.8,0.542,0.211429408562,low_d,0.9,0.812830516164,0.999995001575,0.852931335474,56,0.124
Fig. 2(b),8,8-QAM,full_state_raw_label_srm,0.9,1.8,0.544,0.211471066926,low_d,0.9,0.812830516164,0.999999516824,0.851969483684,56,0.106
Fig. 2(b),8,8-QAM,full_state_raw_label_srm,0.9,1.8,0.545,0.211488306982,full_d,0.9,0.812830516164,0.999998831399,0.851487870038,56,0.088
Fig. 2(b),8,8-QAM,full_state_raw_label_srm,0.9,1.8,0.546,0.21150377511,low_d,0.9,0.812830516164,0.999999054535,0.851005800501,56,0.113
Fig. 2(b),8,8-QAM,full_state_raw_label_srm,0.9,1.8,0.548,0.211528827936,low_d,0.9,0.812830516164,0.999999345275,0.850040301578,56,0.113
Fig. 2(b),8,8-QAM,full_state_raw_label_srm,0.9,1.8,0.55,0.211546160092,low_d,0.9,0.812830516164,0.999999684869,0.849073002557,56,0.119
Fig. 2(b),8,8-QAM,full_state_raw_label_srm,0.9,1.8,0.552,0.211555652208,low_d,0.9,0.812830516164,0.999999111869,0.848103919069,56,0.163
Fig. 2(b),8,8-QAM,full_state_raw_label_srm,0.9,1.8,0.554,0.211557801971,low_d,0.9,0.812830516164,0.999999579198,0.847133066733,56,0.161
Fig. 2(b),8,8-QAM,full_state_raw_label_srm,0.9,1.8,0.555,0.211555624349,full_d,0.9,0.812830516164,0.999997718468,0.846646982125,56,0.144
Fig. 2(b),8,8-QAM,full_state_raw_label_srm,0.9,1.8,0.556,0.2115523748,low_d,0.9,0.812830516164,0.999999577026,0.846160461155,56,0.151
Fig. 2(b),8,8-QAM,full_state_raw_label_srm,0.9,1.8,0.558,0.211539386418,low_d,0.9,0.812830516164,0.999998776802,0.845186117926,56,0.144
Fig. 2(b),8,8-QAM,full_state_raw_label_srm,0.9,1.8,0.56,0.211519402697,low_d,0.9,0.812830516164,0.999999449241,0.844210052619,56,0.157
Fig. 2(b),8,8-QAM,full_state_raw_label_srm,0.9,1.8,0.562,0.211492123567,low_d,0.9,0.812830516164,0.999999770338,0.843232280791,56,0.142
Fig. 2(b),8,8-QAM,full_state_raw_label_srm,0.9,1.8,0.564,0.211457605905,low_d,0.9,0.812830516164,0.999999602054,0.842252817979,56,0.143
Fig. 2(b),8,8-QAM,full_state_raw_label_srm,0.9,1.8,0.565,0.211437618115,full_d,0.9,0.812830516164,0.999999138248,0.841762457304,56,0.139
Fig. 2(b),8,8-QAM,full_state_raw_label_srm,0.9,1.8,0.566,0.211416107107,low_d,0.9,0.812830516164,0.999999753643,0.841271679699,56,0.131
Fig. 2(b),8,8-QAM,full_state_raw_label_srm,0.9,1.8,0.568,0.211367576964,low_d,0.9,0.812830516164,0.999999578852,0.840288881445,56,0.157
Fig. 2(b),8,8-QAM,full_state_raw_label_srm,0.9,1.8,0.57,0.211312090481,low_d,0.9,0.812830516164,0.999999193728,0.839304438711,56,0.154
Fig. 2(b),8,8-QAM,full_state_raw_label_srm,0.9,1.8,0.572,0.211249283489,low_d,0.9,0.812830516164,0.999996178765,0.838318367266,56,0.139
Fig. 2(b),8,8-QAM,full_state_raw_label_srm,0.9,1.8,0.574,0.211180910772,low_d,0.9,0.812830516164,0.999998495564,0.837330681826,56,0.157
Fig. 2(b),8,8-QAM,full_state_raw_label_srm,0.9,1.8,0.575,0.211143946836,full_d,0.9,0.812830516164,0.999998274775,0.836836238801,56,0.136
Fig. 2(b),8,8-QAM,full_state_raw_label_srm,0.9,1.8,0.576,0.211105101838,low_d,0.9,0.812830516164,0.999996926286,0.836341398134,56,0.132
Fig. 2(b),8,8-QAM,full_state_raw_label_srm,0.9,1.8,0.578,0.211023441145,low_d,0.9,0.812830516164,0.999998563372,0.83535053155,56,0.156
Fig. 2(b),8,8-QAM,full_state_raw_label_srm,0.9,1.8,0.58,0.210935234271,low_d,0.9,0.812830516164,0.999999706697,0.834358097399,56,0.15
Fig. 2(b),8,8-QAM,full_state_raw_label_srm,0.9,1.8,0.582,0.210839563538,low_d,0.9,0.812830516164,0.99999559135,0.833364110977,56,0.127
Fig. 2(b),8,8-QAM,full_state_raw_label_srm,0.9,1.8,0.584,0.21073890202,low_d,0.9,0.812830516164,0.999997533093,0.832368587544,56,0.129
Fig. 2(b),8,8-QAM,full_state_raw_label_srm,0.9,1.8,0.585,0.210686016478,full_d,0.9,0.812830516164,0.999997406532,0.831870254207,56,0.123
Fig. 2(b),8,8-QAM,full_state_raw_label_srm,0.9,1.8,0.586,0.210632097473,low_d,0.9,0.812830516164,0.999999658618,0.831371542324,56,0.126
Fig. 2(b),8,8-QAM,full_state_raw_label_srm,0.9,1.8,0.588,0.210518455398,low_d,0.9,0.812830516164,0.999998257742,0.830372990503,56,0.138
Fig. 2(b),8,8-QAM,full_state_raw_label_srm,0.9,1.8,0.59,0.210399186694,low_d,0.9,0.812830516164,0.999998668605,0.829372947229,56,0.119
Fig. 2(b),8,8-QAM,full_state_raw_label_srm,0.9,1.8,0.592,0.210273672885,low_d,0.9,0.812830516164,0.999997542075,0.828371427608,56,0.138
Fig. 2(b),8,8-QAM,full_state_raw_label_srm,0.9,1.8,0.594,0.210142593312,low_d,0.9,0.812830516164,0.999997697576,0.827368446705,56,0.136
Fig. 2(b),8,8-QAM,full_state_raw_label_srm,0.9,1.8,0.595,0.210075107089,full_d,0.9,0.812830516164,0.999998798631,0.826866412969,56,0.134
Fig. 2(b),8,8-QAM,full_state_raw_label_srm,0.9,1.8,0.596,0.210005949117,low_d,0.9,0.812830516164,0.999998733082,0.826364019543,56,0.119
Fig. 2(b),8,8-QAM,full_state_raw_label_srm,0.9,1.8,0.598,0.209863424898,low_d,0.9,0.812830516164,0.999998738139,0.825358161095,56,0.13
Fig. 2(b),8,8-QAM,full_state_raw_label_srm,0.9,1.8,0.6,0.209715479769,low_d,0.9,0.812830516164,0.99999949132,0.824350886294,56,0.141
Fig. 2(b),8,8-QAM,full_state_raw_label_srm,0.9,1.8,0.602,0.209561577461,low_d,0.9,0.812830516164,0.999998027417,0.823342210023,56,0.129
Fig. 2(b),8,8-QAM,full_state_raw_label_srm,0.9,1.8,0.604,0.209402712604,low_d,0.9,0.812830516164,0.999998684243,0.822332147114,56,0.127
Fig. 2(b),8,8-QAM,full_state_raw_label_srm,0.9,1.8,0.605,0.209321336033,full_d,0.9,0.812830516164,0.99999928511,0.821826600292,56,0.132
Fig. 2(b),8,8-QAM,full_state_raw_label_srm,0.9,1.8,0.606,0.209238290837,low_d,0.9,0.812830516164,0.999998219951,0.821320712351,56,0.143
Fig. 2(b),8,8-QAM,full_state_raw_label_srm,0.9,1.8,0.608,0.209068942141,low_d,0.9,0.812830516164,0.999999239943,0.820307920467,56,0.147
Fig. 2(b),8,8-QAM,full_state_raw_label_srm,0.9,1.8,0.61,0.20889406338,low_d,0.9,0.812830516164,0.999998456442,0.819293786142,56,0.134
Fig. 2(b),8,8-QAM,full_state_raw_label_srm,0.9,1.8,0.612,0.208714475754,low_d,0.9,0.812830516164,0.999999396271,0.818278324002,56,0.132
Fig. 2(b),8,8-QAM,full_state_raw_label_srm,0.9,1.8,0.614,0.208529723355,low_d,0.9,0.812830516164,0.999999475628,0.817261548618,56,0.136
Fig. 2(b),8,8-QAM,full_state_raw_label_srm,0.9,1.8,0.615,0.208435430205,full_d,0.9,0.812830516164,0.999999161785,0.816752672997,56,0.125
Fig. 2(b),8,8-QAM,full_state_raw_label_srm,0.9,1.8,0.616,0.208340045681,low_d,0.9,0.812830516164,0.999999440823,0.816243474504,56,0.131
Fig. 2(b),8,8-QAM,full_state_raw_label_srm,0.9,1.8,0.618,0.208145528675,low_d,0.9,0.812830516164,0.999999304745,0.815224116121,56,0.14
Fig. 2(b),8,8-QAM,full_state_raw_label_srm,0.9,1.8,0.62,0.207946374496,low_d,0.9,0.812830516164,0.999999640748,0.814203487868,56,0.129
Fig. 2(b),8,8-QAM,full_state_raw_label_srm,0.9,1.8,0.625,0.207428155407,full_d,0.9,0.812830516164,0.999999726812,0.811646455532,56,0.138
Fig. 2(b),8,8-QAM,full_state_raw_label_srm,0.9,1.8,0.63,0.206882110796,full_d,0.9,0.812830516164,0.999999698404,0.809081798448,56,0.132
Fig. 2(b),8,8-QAM,full_state_raw_label_srm,0.9,1.8,0.635,0.206309553438,full_d,0.9,0.812830516164,0.999999785426,0.806509736694,56,0.138
Fig. 2(b),8,8-QAM,full_state_raw_label_srm,0.9,1.8,0.64,0.205711657436,full_d,0.9,0.812830516164,0.999999620259,0.803930487921,56,0.141
Fig. 2(b),8,8-QAM,full_state_raw_label_srm,0.9,1.8,0.645,0.205088909491,full_d,0.9,0.812830516164,0.999995192558,0.801344267344,56,0.126
Fig. 2(b),8,8-QAM,full_state_raw_label_srm,0.9,1.8,0.65,0.204443311348,full_d,0.9,0.812830516164,0.999990975329,0.798751287674,56,0.132
Fig. 2(b),8,8-QAM,full_state_raw_label_srm,0.9,1.8,0.655,0.203777146833,full_d,0.9,0.812830516164,0.999991964118,0.796151759235,56,0.134
Fig. 2(b),8,8-QAM,full_state_raw_label_srm,0.9,1.8,0.66,0.20309183779,bridge,0.9,0.812830516164,0.999999385855,0.793545889946,56,0.131
Fig. 2(b),8,8-QAM,full_state_raw_label_srm,0.9,1.8,0.665,0.202385821339,full_d,0.9,0.812830516164,0.99999983,0.790933885399,56,0.121
Fig. 2(b),8,8-QAM,full_state_raw_label_srm,0.9,1.8,0.67,0.201661578648,full_d,0.9,0.812830516164,0.999999843909,0.788315948955,56,0.119
Fig. 2(b),8,8-QAM,full_state_raw_label_srm,0.9,1.8,0.675,0.200920332895,full_d,0.9,0.812830516164,0.999999903906,0.785692281856,56,0.134
Fig. 2(b),8,8-QAM,full_state_raw_label_srm,0.9,1.8,0.68,0.200163038369,full_d,0.9,0.812830516164,0.999999251075,0.783063083361,56,0.136
Fig. 2(b),8,8-QAM,full_state_raw_label_srm,0.9,1.8,0.684,0.199546606551,bridge,0.9,0.812830516164,0.999999356889,0.780955874691,56,0.146
Fig. 2(b),8,8-QAM,full_state_raw_label_srm,0.9,1.8,0.685,0.199390489743,full_d,0.9,0.812830516164,0.999996419414,0.780428550902,56,0.123
Fig. 2(b),8,8-QAM,full_state_raw_label_srm,0.9,1.8,0.69,0.198605408457,full_d,0.9,0.812830516164,0.999999730312,0.777788880258,56,0.12
Fig. 2(b),8,8-QAM,full_state_raw_label_srm,0.9,1.8,0.695,0.197806861224,full_d,0.9,0.812830516164,0.999999276021,0.775144265747,56,0.129
Fig. 2(b),8,8-QAM,full_state_raw_label_srm,0.9,1.8,0.7,0.196996823167,full_d,0.9,0.812830516164,0.999999869434,0.772494900422,56,0.124
Fig. 2(b),8,8-QAM,full_state_raw_label_srm,0.9,1.8,0.705,0.19617594027,full_d,0.9,0.812830516164,0.999999748793,0.769840976283,56,0.125
Fig. 2(b),8,8-QAM,full_state_raw_label_srm,0.9,1.8,0.708,0.195678654792,bridge,0.9,0.812830516164,0.999999561489,0.768246513118,56,0.135
Fig. 2(b),8,8-QAM,full_state_raw_label_srm,0.9,1.8,0.71,0.195345313527,full_d,0.9,0.812830516164,0.999999576565,0.767182684486,56,0.13
Fig. 2(b),8,8-QAM,full_state_raw_label_srm,0.9,1.8,0.715,0.194505929971,full_d,0.9,0.812830516164,0.999999567654,0.764520215557,56,0.121
Fig. 2(b),8,8-QAM,full_state_raw_label_srm,0.9,1.8,0.72,0.193658551041,full_d,0.9,0.812830516164,0.999998904558,0.761853759593,56,0.142
Fig. 2(b),8,8-QAM,full_state_raw_label_srm,0.9,1.8,0.725,0.192804505098,full_d,0.9,0.812830516164,0.999999825011,0.75918350646,56,0.13
Fig. 2(b),8,8-QAM,full_state_raw_label_srm,0.9,1.8,0.73,0.191944177711,full_d,0.9,0.812830516164,0.999999823524,0.756509645969,56,0.115
Fig. 2(b),8,8-QAM,full_state_raw_label_srm,0.9,1.8,0.732,0.191598502596,bridge,0.9,0.812830516164,0.999999688631,0.755439134247,56,0.13
Fig. 2(b),8,8-QAM,full_state_raw_label_srm,0.9,1.8,0.735,0.191078620057,full_d,0.9,0.812830516164,0.999999959484,0.753832368036,56,0.117
Fig. 2(b),8,8-QAM,full_state_raw_label_srm,0.9,1.8,0.74,0.190208538657,full_d,0.9,0.812830516164,0.999999622628,0.751151862811,56,0.137
Fig. 2(b),8,8-QAM,full_state_raw_label_srm,0.9,1.8,0.745,0.189334951881,full_d,0.9,0.812830516164,0.9999999568,0.748468320783,56,0.129
Fig. 2(b),8,8-QAM,full_state_raw_label_srm,0.9,1.8,0.75,0.188458435367,full_d,0.9,0.812830516164,0.999999889883,0.745781932851,56,0.133
Fig. 2(b),8,8-QAM,full_state_raw_label_srm,0.9,1.8,0.755,0.187579561985,full_d,0.9,0.812830516164,0.999998762792,0.743092894537,56,0.137
Fig. 2(b),8,8-QAM,full_state_raw_label_srm,0.9,1.8,0.756,0.187403877312,bridge,0.9,0.812830516164,0.999999943846,0.742554784458,56,0.116
Fig. 2(b),8,8-QAM,full_state_raw_label_srm,0.9,1.8,0.76,0.186699812552,full_d,0.9,0.812830516164,0.999999856727,0.740401389769,56,0.142
Fig. 2(b),8,8-QAM,full_state_raw_label_srm,0.9,1.8,0.765,0.185819255601,full_d,0.9,0.812830516164,0.999999986099,0.737707614433,56,0.144
Fig. 2(b),8,8-QAM,full_state_raw_label_srm,0.9,1.8,0.77,0.184938570657,full_d,0.9,0.812830516164,0.999998963419,0.735011760996,56,0.127
Fig. 2(b),8,8-QAM,full_state_raw_label_srm,0.9,1.8,0.775,0.184059043857,full_d,0.9,0.812830516164,0.999999959272,0.7323140221,56,0.118
Fig. 2(b),8,8-QAM,full_state_raw_label_srm,0.9,1.8,0.78,0.183180800287,bridge,0.9,0.812830516164,0.999999922081,0.729614590385,56,0.127
Fig. 2(b),8,8-QAM,full_state_raw_label_srm,0.9,1.8,0.785,0.182304484433,full_d,0.9,0.812830516164,0.999998635182,0.726913658283,56,0.119
Fig. 2(b),8,8-QAM,full_state_raw_label_srm,0.9,1.8,0.79,0.181431477128,full_d,0.9,0.812830516164,0.99999997076,0.724211417768,56,0.139
Fig. 2(b),8,8-QAM,full_state_raw_label_srm,0.9,1.8,0.795,0.18056164993,full_d,0.9,0.812830516164,0.999999541746,0.721508060076,56,0.142
Fig. 2(b),8,8-QAM,full_state_raw_label_srm,0.9,1.8,0.8,0.179713924389,full_d,0.9,0.812830516164,0.99999998897,0.7188037754,54,0.13
Fig. 2(b),8,8-QAM,full_state_raw_label_srm,0.9,1.8,0.804,0.179189162267,bridge,0.9,0.812830516164,0.999999618378,0.716639807164,54,0.138
Fig. 2(b),8,8-QAM,full_state_raw_label_srm,0.9,1.8,0.805,0.179058638282,full_d,0.9,0.812830516164,0.999999970733,0.716098752547,54,0.109
Fig. 2(b),8,8-QAM,full_state_raw_label_srm,0.9,1.8,0.81,0.178409450622,full_d,0.9,0.812830516164,0.99999987989,0.713393178591,54,0.128
Fig. 2(b),8,8-QAM,full_state_raw_label_srm,0.9,1.8,0.815,0.177766982597,full_d,0.9,0.812830516164,0.999999791872,0.710687238494,54,0.131
Fig. 2(b),8,8-QAM,full_state_raw_label_srm,0.9,1.8,0.82,0.177131840157,full_d,0.9,0.812830516164,0.999999702137,0.707981114732,54,0.134
Fig. 2(b),8,8-QAM,full_state_raw_label_srm,0.9,1.8,0.825,0.176504694835,full_d,0.9,0.812830516164,0.999999979782,0.705274986908,54,0.129
Fig. 2(b),8,8-QAM,full_state_raw_label_srm,0.9,1.8,0.828,0.176132437943,bridge,0.9,0.812830516164,0.999999980743,0.703651381769,54,0.137
Fig. 2(b),8,8-QAM,full_state_raw_label_srm,0.9,1.8,0.83,0.175886040142,full_d,0.9,0.812830516164,0.99999998777,0.702569031364,54,0.118
Fig. 2(b),8,8-QAM,full_state_raw_label_srm,0.9,1.8,0.835,0.175276527881,full_d,0.9,0.812830516164,0.999999984183,0.699863420808,54,0.129
Fig. 2(b),8,8-QAM,full_state_raw_label_srm,0.9,1.8,0.84,0.17467676756,full_d,0.9,0.812830516164,0.999999991254,0.697158323941,54,0.143
Fig. 2(b),8,8-QAM,full_state_raw_label_srm,0.9,1.8,0.845,0.174087360654,full_d,0.9,0.812830516164,0.999999991195,0.694453905107,54,0.129
Fig. 2(b),8,8-QAM,full_state_raw_label_srm,0.9,1.8,0.85,0.173667306204,full_d,0.9,0.812830516164,0.999999912103,0.691750323961,52,0.137
Fig. 2(b),8,8-QAM,full_state_raw_label_srm,0.9,1.8,0.852,0.173525149995,bridge,0.9,0.812830516164,0.999999964199,0.690669160871,52,0.129
Fig. 2(b),8,8-QAM,full_state_raw_label_srm,0.9,1.8,0.855,0.17331516416,full_d,0.9,0.812830516164,0.999999976449,0.689047735151,52,0.122
Fig. 2(b),8,8-QAM,full_state_raw_label_srm,0.9,1.8,0.86,0.172974143963,full_d,0.9,0.812830516164,0.99999998862,0.68634628804,52,0.117
Fig. 2(b),8,8-QAM,full_state_raw_label_srm,0.9,1.8,0.865,0.17264474499,full_d,0.9,0.812830516164,0.999999984968,0.683646126443,52,0.131
Fig. 2(b),8,8-QAM,full_state_raw_label_srm,0.9,1.8,0.87,0.172327459338,full_d,0.9,0.812830516164,0.99999999224,0.680947388403,52,0.127
Fig. 2(b),8,8-QAM,full_state_raw_label_srm,0.9,1.8,0.875,0.172022758207,full_d,0.9,0.812830516164,0.999999958351,0.678250205992,52,0.134
Fig. 2(b),8,8-QAM,full_state_raw_label_srm,0.9,1.8,0.876,0.171963378791,bridge,0.9,0.812830516164,0.999999999163,0.677710967377,52,0.12
Fig. 2(b),8,8-QAM,full_state_raw_label_srm,0.9,1.8,0.88,0.171731127011,full_d,0.9,0.812830516164,0.999999967076,0.67555470515,52,0.127
Fig. 2(b),8,8-QAM,full_state_raw_label_srm,0.9,1.8,0.885,0.171453011213,full_d,0.9,0.812830516164,0.999999934997,0.672861005553,52,0.136
Fig. 2(b),8,8-QAM,full_state_raw_label_srm,0.9,1.8,0.89,0.17118887767,full_d,0.9,0.812830516164,0.999999980856,0.670169220518,52,0.146
Fig. 2(b),8,8-QAM,full_state_raw_label_srm,0.9,1.8,0.895,0.170939134856,full_d,0.9,0.812830516164,0.999999973286,0.667479456934,52,0.153
Fig. 2(b),8,8-QAM,full_state_raw_label_srm,0.9,1.8,0.9,0.170704210377,bridge,0.9,0.812830516164,0.999999996352,0.664791815237,52,0.134
Fig. 2(b),8,8-QAM,full_state_raw_label_srm,0.9,1.8,0.905,0.170484488764,full_d,0.9,0.812830516164,0.999999999667,0.662106389407,52,0.149
Fig. 2(b),8,8-QAM,full_state_raw_label_srm,0.9,1.8,0.91,0.170280341041,full_d,0.9,0.812830516164,0.999999984779,0.659423267001,52,0.149
Fig. 2(b),8,8-QAM,full_state_raw_label_srm,0.9,1.8,0.915,0.17009212126,full_d,0.9,0.812830516164,0.999999998679,0.656742529217,52,0.129
Fig. 2(b),8,8-QAM,full_state_raw_label_srm,0.9,1.8,0.92,0.169982197711,full_d,0.9,0.812830516164,0.999999998142,0.654064250987,50,0.13
Fig. 2(b),8,8-QAM,full_state_raw_label_srm,0.9,1.8,0.924,0.170006618363,bridge,0.9,0.812830516164,0.999999995018,0.651923445707,50,0.135
Fig. 2(b),8,8-QAM,full_state_raw_label_srm,0.9,1.8,0.925,0.170014210447,full_d,0.9,0.812830516164,0.999999997845,0.651388501095,50,0.133
Fig. 2(b),8,8-QAM,full_state_raw_label_srm,0.9,1.8,0.93,0.170061123841,full_d,0.9,0.812830516164,0.999999998369,0.648715342332,50,0.137
Fig. 2(b),8,8-QAM,full_state_raw_label_srm,0.9,1.8,0.935,0.170123013045,full_d,0.9,0.812830516164,0.999999998045,0.646044831666,50,0.122
Fig. 2(b),8,8-QAM,full_state_raw_label_srm,0.9,1.8,0.94,0.170199919721,full_d,0.9,0.812830516164,0.999999999279,0.64337702045,50,0.127
Fig. 2(b),8,8-QAM,full_state_raw_label_srm,0.9,1.8,0.945,0.170291848731,full_d,0.9,0.812830516164,0.999999998791,0.640711954645,50,0.15
Fig. 2(b),8,8-QAM,full_state_raw_label_srm,0.9,1.8,0.948,0.170354205433,bridge,0.9,0.812830516164,0.999999999142,0.639114250149,50,0.136
Fig. 2(b),8,8-QAM,full_state_raw_label_srm,0.9,1.8,0.95,0.17039876867,full_d,0.9,0.812830516164,0.999999999435,0.638049675078,50,0.132
Fig. 2(b),8,8-QAM,full_state_raw_label_srm,0.9,1.8,0.955,0.170520608786,full_d,0.9,0.812830516164,0.999999999633,0.635390217714,50,0.115
Fig. 2(b),8,8-QAM,full_state_raw_label_srm,0.9,1.8,0.96,0.170657258971,full_d,0.9,0.812830516164,0.999999999529,0.632733613958,50,0.142
Fig. 2(b),8,8-QAM,full_state_raw_label_srm,0.9,1.8,0.965,0.170808568722,full_d,0.9,0.812830516164,0.999999999816,0.630079890982,50,0.13
Fig. 2(b),8,8-QAM,full_state_raw_label_srm,0.9,1.8,0.97,0.170974346189,full_d,0.9,0.812830516164,0.999999999632,0.627429072069,50,0.147
Fig. 2(b),8,8-QAM,full_state_raw_label_srm,0.9,1.8,0.972,0.171056587469,bridge,0.9,0.812830516164,0.999999997268,0.626369562178,52,0.134
Fig. 2(b),8,8-QAM,full_state_raw_label_srm,0.9,1.8,0.975,0.171335265804,full_d,0.9,0.812830516164,0.999999999826,0.624781176985,52,0.128
Fig. 2(b),8,8-QAM,full_state_raw_label_srm,0.9,1.8,0.98,0.171806121977,full_d,0.9,0.812830516164,0.999999999726,0.622136222369,52,0.136
Fig. 2(b),8,8-QAM,full_state_raw_label_srm,0.9,1.8,0.985,0.172284735637,full_d,0.9,0.812830516164,0.999999995754,0.619494222151,52,0.131
Fig. 2(b),8,8-QAM,full_state_raw_label_srm,0.9,1.8,0.99,0.17277080824,full_d,0.9,0.812830516164,0.999999999897,0.616855187984,52,0.131
Fig. 2(b),8,8-QAM,full_state_raw_label_srm,0.9,1.8,0.995,0.17326400219,full_d,0.9,0.812830516164,0.999999998439,0.614219129704,52,0.117
Fig. 2(b),8,8-QAM,full_state_raw_label_srm,0.9,1.8,0.996,0.173363464029,bridge,0.9,0.812830516164,0.999999999679,0.61369227592,52,0.126
Fig. 2(b),8,8-QAM,full_state_raw_label_srm,0.9,1.8,1.0,0.173763949867,full_d,0.9,0.812830516164,0.999999999919,0.611586055807,52,0.136
Fig. 2(b),8,8-QAM,full_state_raw_label_srm,0.9,1.8,1.005,0.174270248516,full_d,0.9,0.812830516164,0.999999999863,0.608955973948,52,0.141
Fig. 2(b),8,8-QAM,full_state_raw_label_srm,0.9,1.8,1.01,0.174782464742,full_d,0.9,0.812830516164,0.999999999793,0.606328891455,52,0.129
Fig. 2(b),8,8-QAM,full_state_raw_label_srm,0.9,1.8,1.015,0.175300134304,full_d,0.9,0.812830516164,0.999999997905,0.603704815867,52,0.144
Fig. 2(b),8,8-QAM,full_state_raw_label_srm,0.9,1.8,1.02,0.175822765337,bridge,0.9,0.812830516164,0.999999998229,0.60108375548,52,0.123
Fig. 2(b),8,8-QAM,full_state_raw_label_srm,0.9,1.8,1.025,0.176349838272,full_d,0.9,0.812830516164,0.999999999879,0.598465719918,52,0.135
Fig. 2(b),8,8-QAM,full_state_raw_label_srm,0.9,1.8,1.03,0.176880808301,full_d,0.9,0.812830516164,0.999999999801,0.595850720703,52,0.139
Fig. 2(b),8,8-QAM,full_state_raw_label_srm,0.9,1.8,1.035,0.17741510865,full_d,0.9,0.812830516164,0.999999999149,0.593238771849,52,0.13
Fig. 2(b),8,8-QAM,full_state_raw_label_srm,0.9,1.8,1.04,0.177952152294,full_d,0.9,0.812830516164,0.99999999991,0.590629890456,52,0.146
Fig. 2(b),8,8-QAM,full_state_raw_label_srm,0.9,1.8,1.044,0.178383355848,bridge,0.9,0.812830516164,0.999999999933,0.588545007738,52,0.132
Fig. 2(b),8,8-QAM,full_state_raw_label_srm,0.9,1.8,1.045,0.178491333471,full_d,0.9,0.812830516164,0.999999999701,0.588024097303,52,0.128
Fig. 2(b),8,8-QAM,full_state_raw_label_srm,0.9,1.8,1.05,0.179032031688,full_d,0.9,0.812830516164,0.999999999946,0.585421417457,52,0.129
Fig. 2(b),8,8-QAM,full_state_raw_label_srm,0.9,1.8,1.055,0.17957361329,full_d,0.9,0.812830516164,0.999999999704,0.582821880857,52,0.114
Fig. 2(b),8,8-QAM,full_state_raw_label_srm,0.9,1.8,1.06,0.180115434969,full_d,0.9,0.812830516164,0.999999999954,0.580225522915,52,0.135
Fig. 2(b),8,8-QAM,full_state_raw_label_srm,0.9,1.8,1.065,0.180656845924,full_d,0.9,0.812830516164,0.999999999936,0.577632385082,52,0.142
Fig. 2(b),8,8-QAM,full_state_raw_label_srm,0.9,1.8,1.068,0.180983330215,bridge,0.9,0.812830516164,0.999999999201,0.576078067734,50,0.207
Fig. 2(b),8,8-QAM,full_state_raw_label_srm,0.9,1.8,1.07,0.181213023082,full_d,0.9,0.812830516164,0.999999999716,0.575042515411,50,0.122
Fig. 2(b),8,8-QAM,full_state_raw_label_srm,0.9,1.8,1.075,0.181785191695,full_d,0.9,0.812830516164,0.999999999968,0.572455969094,50,0.141
Fig. 2(b),8,8-QAM,full_state_raw_label_srm,0.9,1.8,1.08,0.182353896353,full_d,0.9,0.812830516164,0.999999999858,0.569872808968,50,0.119
Fig. 2(b),8,8-QAM,full_state_raw_label_srm,0.9,1.8,1.085,0.182918494198,full_d,0.9,0.812830516164,0.999999999976,0.567293105992,50,0.119
Fig. 2(b),8,8-QAM,full_state_raw_label_srm,0.9,1.8,1.09,0.183478347391,full_d,0.9,0.812830516164,0.99999999999,0.564716939681,50,0.123
Fig. 2(b),8,8-QAM,full_state_raw_label_srm,0.9,1.8,1.092,0.1837008187,bridge,0.9,0.812830516164,0.999999999683,0.56368748293,50,0.188
Fig. 2(b),8,8-QAM,full_state_raw_label_srm,0.9,1.8,1.095,0.184032826104,full_d,0.9,0.812830516164,0.999999999978,0.562144398499,50,0.141
Fig. 2(b),8,8-QAM,full_state_raw_label_srm,0.9,1.8,1.1,0.184581311119,full_d,0.9,0.812830516164,0.999999999987,0.559575580201,50,0.132
Fig. 2(b),8,8-QAM,full_state_raw_label_srm,0.9,1.8,1.105,0.185123196368,full_d,0.9,0.812830516164,0.999999999801,0.557010592114,50,0.128
Fig. 2(b),8,8-QAM,full_state_raw_label_srm,0.9,1.8,1.11,0.185657891579,full_d,0.9,0.812830516164,0.999999999896,0.554449551369,50,0.135
Fig. 2(b),8,8-QAM,full_state_raw_label_srm,0.9,1.8,1.115,0.186184824353,full_d,0.9,0.812830516164,0.99999999999,0.551892585053,50,0.118
Fig. 2(b),8,8-QAM,full_state_raw_label_srm,0.9,1.8,1.116,0.186347681721,bridge,0.9,0.812830516164,0.999999999921,0.551381692612,52,0.207
Fig. 2(b),8,8-QAM,full_state_raw_label_srm,0.9,1.8,1.12,0.187026844114,full_d,0.9,0.812830516164,0.99999999984,0.549339830305,52,0.145
Fig. 2(b),8,8-QAM,full_state_raw_label_srm,0.9,1.8,1.125,0.187857037058,full_d,0.9,0.812830516164,0.999999999968,0.546791434331,52,0.127
Fig. 2(b),8,8-QAM,full_state_raw_label_srm,0.9,1.8,1.13,0.188665939321,full_d,0.9,0.812830516164,0.99999999996,0.544247554345,52,0.136
Fig. 2(b),8,8-QAM,full_state_raw_label_srm,0.9,1.8,1.135,0.189453118427,full_d,0.9,0.812830516164,0.999999999954,0.541708357435,52,0.119
Fig. 2(b),8,8-QAM,full_state_raw_label_srm,0.9,1.8,1.14,0.190218190588,bridge,0.9,0.812830516164,0.999999999995,0.539174020345,52,0.195
Fig. 2(b),8,8-QAM,full_state_raw_label_srm,0.9,1.8,1.145,0.190960821302,full_d,0.9,0.812830516164,0.999999999989,0.536644729181,52,0.138
Fig. 2(b),8,8-QAM,full_state_raw_label_srm,0.9,1.8,1.15,0.191680725756,full_d,0.9,0.812830516164,0.999999999993,0.534120679036,52,0.133
Fig. 2(b),8,8-QAM,full_state_raw_label_srm,0.9,1.8,1.155,0.192377668845,full_d,0.9,0.812830516164,0.999999999922,0.531602073541,52,0.131
Fig. 2(b),8,8-QAM,full_state_raw_label_srm,0.9,1.8,1.16,0.193051465081,full_d,0.9,0.812830516164,0.999999999959,0.529089124335,52,0.149
Fig. 2(b),8,8-QAM,full_state_raw_label_srm,0.9,1.8,1.164,0.193573743028,bridge,0.9,0.812830516164,0.999999999968,0.527082984469,52,0.142
Fig. 2(b),8,8-QAM,full_state_raw_label_srm,0.9,1.8,1.165,0.193701978055,full_d,0.9,0.812830516164,0.999999999994,0.526582050471,52,0.143
Fig. 2(b),8,8-QAM,full_state_raw_label_srm,0.9,1.8,1.17,0.194329119854,full_d,0.9,0.812830516164,0.999999999992,0.524081077747,52,0.136
Fig. 2(b),8,8-QAM,full_state_raw_label_srm,0.9,1.8,1.175,0.194932850183,full_d,0.9,0.812830516164,0.999999999985,0.521586437984,52,0.132
Fig. 2(b),8,8-QAM,full_state_raw_label_srm,0.9,1.8,1.18,0.195513175261,full_d,0.9,0.812830516164,0.999999999978,0.519098368241,52,0.128
Fig. 2(b),8,8-QAM,full_state_raw_label_srm,0.9,1.8,1.185,0.196070146552,full_d,0.9,0.812830516164,0.99999999999,0.516617109983,52,0.134
Fig. 2(b),8,8-QAM,full_state_raw_label_srm,0.9,1.8,1.188,0.196393157357,bridge,0.9,0.812830516164,0.999999999994,0.515131726341,52,0.14
Fig. 2(b),8,8-QAM,full_state_raw_label_srm,0.9,1.8,1.19,0.196603859299,full_d,0.9,0.812830516164,0.999999999968,0.51414290821,52,0.127
Fig. 2(b),8,8-QAM,full_state_raw_label_srm,0.9,1.8,1.195,0.197114450961,full_d,0.9,0.812830516164,0.999999999989,0.511676010549,52,0.103
Fig. 2(b),8,8-QAM,full_state_raw_label_srm,0.9,1.8,1.2,0.197602099417,full_d,0.9,0.812830516164,0.999999999983,0.509216666321,52,0.156
Fig. 2(b),8,8-QAM,full_state_raw_label_srm,0.9,1.8,1.205,0.198067021151,full_d,0.9,0.812830516164,0.999999999995,0.506765125593,52,0.126
Fig. 2(b),8,8-QAM,full_state_raw_label_srm,0.9,1.8,1.21,0.198509469254,full_d,0.9,0.812830516164,0.999999999984,0.504321638219,52,0.12
Fig. 2(b),8,8-QAM,full_state_raw_label_srm,0.9,1.8,1.212,0.198680219208,bridge,0.9,0.812830516164,0.99999999999,0.503346553974,52,0.129
Fig. 2(b),8,8-QAM,full_state_raw_label_srm,0.9,1.8,1.215,0.198929731413,full_d,0.9,0.812830516164,0.999999999987,0.501886452878,52,0.135
Fig. 2(b),8,8-QAM,full_state_raw_label_srm,0.9,1.8,1.22,0.199328127774,full_d,0.9,0.812830516164,0.999999999983,0.499459816128,52,0.122
Fig. 2(b),8,8-QAM,full_state_raw_label_srm,0.9,1.8,1.225,0.199705008807,full_d,0.9,0.812830516164,0.999999999982,0.497041971468,52,0.132
Fig. 2(b),8,8-QAM,full_state_raw_label_srm,0.9,1.8,1.23,0.200060753116,full_d,0.9,0.812830516164,0.999999999995,0.494633158425,52,0.132
Fig. 2(b),8,8-QAM,full_state_raw_label_srm,0.9,1.8,1.235,0.20039576523,full_d,0.9,0.812830516164,0.999999999983,0.49223361168,52,0.129
Fig. 2(b),8,8-QAM,full_state_raw_label_srm,0.9,1.8,1.236,0.200460317088,bridge,0.9,0.812830516164,0.999999999995,0.491754834546,52,0.137
Fig. 2(b),8,8-QAM,full_state_raw_label_srm,0.9,1.8,1.24,0.200710473436,full_d,0.9,0.812830516164,0.999999999999,0.489843560214,52,0.129
Fig. 2(b),8,8-QAM,full_state_raw_label_srm,0.9,1.8,1.245,0.201005327558,full_d,0.9,0.812830516164,0.999999999992,0.487463226519,52,0.133
Fig. 2(b),8,8-QAM,full_state_raw_label_srm,0.9,1.8,1.25,0.201280796847,full_d,0.9,0.812830516164,0.999999999998,0.485092825836,52,0.124
Fig. 2(b),8,8-QAM,full_state_raw_label_srm,0.9,1.8,1.255,0.201537367837,full_d,0.9,0.812830516164,0.999999999998,0.48273256546,52,0.138
Fig. 2(b),8,8-QAM,full_state_raw_label_srm,0.9,1.8,1.26,0.201775542297,bridge,0.9,0.812830516164,0.999999999985,0.480382644098,52,0.122
Fig. 2(b),8,8-QAM,full_state_raw_label_srm,0.9,1.8,1.265,0.201995835237,full_d,0.9,0.812830516164,0.999999999989,0.47804325128,52,0.132
Fig. 2(b),8,8-QAM,full_state_raw_label_srm,0.9,1.8,1.27,0.202198772953,full_d,0.9,0.812830516164,0.999999999999,0.47571456684,52,0.123
Fig. 2(b),8,8-QAM,full_state_raw_label_srm,0.9,1.8,1.275,0.20238489118,full_d,0.9,0.812830516164,0.999999999996,0.473396760453,52,0.123
Fig. 2(b),8,8-QAM,full_state_raw_label_srm,0.9,1.8,1.28,0.202554733314,full_d,0.9,0.812830516164,0.999999999999,0.47108999124,52,0.149
Fig. 2(b),8,8-QAM,full_state_raw_label_srm,0.9,1.8,1.284,0.202679257237,bridge,0.9,0.812830516164,0.999999999998,0.469252622621,52,0.133
Fig. 2(b),8,8-QAM,full_state_raw_label_srm,0.9,1.8,1.285,0.202708848704,full_d,0.9,0.812830516164,1.0,0.468794407434,52,0.143
Fig. 2(b),8,8-QAM,full_state_raw_label_srm,0.9,1.8,1.29,0.202996564398,full_d,0.9,0.812830516164,0.999999999993,0.466510146105,54,0.13
Fig. 2(b),8,8-QAM,full_state_raw_label_srm,0.9,1.8,1.295,0.203268313159,full_d,0.9,0.812830516164,0.999999999999,0.464237332956,54,0.14
Fig. 2(b),8,8-QAM,full_state_raw_label_srm,0.9,1.8,1.3,0.203520859166,full_d,0.9,0.812830516164,0.999999999999,0.461976082169,54,0.128
Fig. 2(b),8,8-QAM,full_state_raw_label_srm,0.9,1.8,1.305,0.203754985756,full_d,0.9,0.812830516164,0.999999999999,0.459726496316,54,0.126
Fig. 2(b),8,8-QAM,full_state_raw_label_srm,0.9,1.8,1.308,0.203886946738,bridge,0.9,0.812830516164,0.999999999998,0.458382382279,54,0.134
Fig. 2(b),8,8-QAM,full_state_raw_label_srm,0.9,1.8,1.31,0.20397147739,full_d,0.9,0.812830516164,0.999999999998,0.457488666316,54,0.135
Fig. 2(b),8,8-QAM,full_state_raw_label_srm,0.9,1.8,1.315,0.204171117702,full_d,0.9,0.812830516164,0.999999999999,0.455262671457,54,0.131
Fig. 2(b),8,8-QAM,full_state_raw_label_srm,0.9,1.8,1.32,0.20435468766,full_d,0.9,0.812830516164,0.999999999999,0.453048579456,54,0.124
Fig. 2(b),8,8-QAM,full_state_raw_label_srm,0.9,1.8,1.325,0.204522963865,full_d,0.9,0.812830516164,0.999999999999,0.450846446574,54,0.144
Fig. 2(b),8,8-QAM,full_state_raw_label_srm,0.9,1.8,1.33,0.204897212345,full_d,0.9,0.812830516164,0.999999999999,0.448656317765,56,0.119
Fig. 2(b),8,8-QAM,full_state_raw_label_srm,0.9,1.8,1.332,0.20504777914,bridge,0.9,0.812830516164,0.999999999998,0.447783635331,56,0.13
Fig. 2(b),8,8-QAM,full_state_raw_label_srm,0.9,1.8,1.335,0.205289538138,full_d,0.9,0.812830516164,0.999999999998,0.446478226873,58,0.12
Fig. 2(b),8,8-QAM,full_state_raw_label_srm,0.9,1.8,1.34,0.20570103493,full_d,0.9,0.812830516164,0.999999999999,0.444312196861,58,0.136
Fig. 2(b),8,8-QAM,full_state_raw_label_srm,0.9,1.8,1.345,0.206105633351,full_d,0.9,0.812830516164,0.999999999999,0.442158240076,58,0.128
Fig. 2(b),8,8-QAM,full_state_raw_label_srm,0.9,1.8,1.35,0.206503858869,full_d,0.9,0.812830516164,0.999999999999,0.440016358541,58,0.126
Fig. 2(b),8,8-QAM,full_state_raw_label_srm,0.9,1.8,1.355,0.206896216096,full_d,0.9,0.812830516164,1.0,0.437886544275,58,0.138
Fig. 2(b),8,8-QAM,full_state_raw_label_srm,0.9,1.8,1.356,0.206974026228,bridge,0.9,0.812830516164,0.999999999999,0.437462028108,58,0.14
Fig. 2(b),8,8-QAM,full_state_raw_label_srm,0.9,1.8,1.36,0.207283187871,full_d,0.9,0.812830516164,1.0,0.435768779639,58,0.13
Fig. 2(b),8,8-QAM,full_state_raw_label_srm,0.9,1.8,1.365,0.207665234467,full_d,0.9,0.812830516164,1.0,0.433663037701,58,0.133
Fig. 2(b),8,8-QAM,full_state_raw_label_srm,0.9,1.8,1.37,0.208042792879,full_d,0.9,0.812830516164,1.0,0.431569282626,58,0.125
Fig. 2(b),8,8-QAM,full_state_raw_label_srm,0.9,1.8,1.375,0.208416276233,full_d,0.9,0.812830516164,1.0,0.429487470071,58,0.125
Fig. 2(b),8,8-QAM,full_state_raw_label_srm,0.9,1.8,1.38,0.208786073279,bridge,0.9,0.812830516164,1.0,0.42741754761,58,0.131
Fig. 2(b),8,8-QAM,full_state_raw_label_srm,0.9,1.8,1.385,0.209152547986,full_d,0.9,0.812830516164,1.0,0.425359455159,58,0.135
Fig. 2(b),8,8-QAM,full_state_raw_label_srm,0.9,1.8,1.39,0.209516039229,full_d,0.9,0.812830516164,1.0,0.423313125418,58,0.143
Fig. 2(b),8,8-QAM,full_state_raw_label_srm,0.9,1.8,1.395,0.209876860569,full_d,0.9,0.812830516164,1.0,0.421278484327,58,0.124
Fig. 2(b),8,8-QAM,full_state_raw_label_srm,0.9,1.8,1.4,0.210235300121,full_d,0.9,0.812830516164,1.0,0.419255451517,58,0.127
Fig. 2(b),8,8-QAM,full_state_raw_label_srm,0.9,1.8,1.404,0.210520514214,bridge,0.9,0.812830516164,1.0,0.417645325486,58,0.13
Fig. 2(b),8,8-QAM,full_state_raw_label_srm,0.9,1.8,1.405,0.210591620508,full_d,0.9,0.812830516164,1.0,0.417243940784,58,0.133
Fig. 2(b),8,8-QAM,full_state_raw_label_srm,0.9,1.8,1.41,0.210946058903,full_d,0.9,0.812830516164,1.0,0.415243860559,58,0.147
Fig. 2(b),8,8-QAM,full_state_raw_label_srm,0.9,1.8,1.415,0.211298827151,full_d,0.9,0.812830516164,1.0,0.413255114386,58,0.134
Fig. 2(b),8,8-QAM,full_state_raw_label_srm,0.9,1.8,1.42,0.21165011198,full_d,0.9,0.812830516164,1.0,0.411277601403,58,0.123
Fig. 2(b),8,8-QAM,full_state_raw_label_srm,0.9,1.8,1.425,0.212000075282,full_d,0.9,0.812830516164,1.0,0.409311216828,58,0.139
Fig. 2(b),8,8-QAM,full_state_raw_label_srm,0.9,1.8,1.428,0.212209477101,bridge,0.9,0.812830516164,1.0,0.40813668283,58,0.125
Fig. 2(b),8,8-QAM,full_state_raw_label_srm,0.9,1.8,1.43,0.212348854474,full_d,0.9,0.812830516164,1.0,0.407355852447,58,0.134
Fig. 2(b),8,8-QAM,full_state_raw_label_srm,0.9,1.8,1.435,0.212696562944,full_d,0.9,0.812830516164,1.0,0.405411397101,58,0.132
Fig. 2(b),8,8-QAM,full_state_raw_label_srm,0.9,1.8,1.44,0.213043290554,full_d,0.9,0.812830516164,1.0,0.403477737176,58,0.134
Fig. 2(b),8,8-QAM,full_state_raw_label_srm,0.9,1.8,1.445,0.213389104224,full_d,0.9,0.812830516164,1.0,0.401554757091,58,0.134
Fig. 2(b),8,8-QAM,full_state_raw_label_srm,0.9,1.8,1.45,0.213988159321,full_d,0.9,0.812830516164,0.999999999999,0.399642339786,60,0.125
Fig. 2(b),8,8-QAM,full_state_raw_label_srm,0.9,1.8,1.452,0.214256075518,bridge,0.9,0.812830516164,1.0,0.398880304019,60,0.13
Fig. 2(b),8,8-QAM,full_state_raw_label_srm,0.9,1.8,1.455,0.214657735959,full_d,0.9,0.812830516164,1.0,0.397740367201,60,0.137
Fig. 2(b),8,8-QAM,full_state_raw_label_srm,0.9,1.8,1.46,0.215326428454,full_d,0.9,0.812830516164,1.0,0.39584872076,60,0.133
Fig. 2(b),8,8-QAM,full_state_raw_label_srm,0.9,1.8,1.465,0.215993901693,full_d,0.9,0.812830516164,1.0,0.393967281842,60,0.113
Fig. 2(b),8,8-QAM,full_state_raw_label_srm,0.9,1.8,1.47,0.21665980032,full_d,0.9,0.812830516164,1.0,0.392095932246,60,0.141
Fig. 2(b),8,8-QAM,full_state_raw_label_srm,0.9,1.8,1.475,0.217323750429,full_d,0.9,0.812830516164,1.0,0.390234554649,60,0.131
Fig. 2(b),8,8-QAM,full_state_raw_label_srm,0.9,1.8,1.476,0.217456272524,bridge,0.9,0.812830516164,1.0,0.389863465532,60,0.126
Fig. 2(b),8,8-QAM,full_state_raw_label_srm,0.9,1.8,1.48,0.217985361335,full_d,0.9,0.812830516164,1.0,0.388383033047,60,0.12
Fig. 2(b),8,8-QAM,full_state_raw_label_srm,0.9,1.8,1.485,0.218700099051,full_d,0.9,0.812830516164,1.0,0.386541253192,62,0.131
Fig. 2(b),8,8-QAM,full_state_raw_label_srm,0.9,1.8,1.49,0.219540448361,full_d,0.9,0.812830516164,1.0,0.384709103009,62,0.131
Fig. 2(b),8,8-QAM,full_state_raw_label_srm,0.9,1.8,1.495,0.220383005189,full_d,0.9,0.812830516164,1.0,0.382886472991,64,0.134
Fig. 2(b),8,8-QAM,full_state_raw_label_srm,0.9,1.8,1.5,0.22139745026,bridge,0.9,0.812830516164,1.0,0.381073256582,64,0.133
Fig. 2(b),8,8-QAM,full_state_raw_label_srm,0.9,1.8,1.505,0.222404809205,full_d,0.9,0.812830516164,1.0,0.379269350536,64,0.121
Fig. 2(b),8,8-QAM,full_state_raw_label_srm,0.9,1.8,1.51,0.223404502126,full_d,0.9,0.812830516164,1.0,0.377474655251,64,0.131
Fig. 2(b),8,8-QAM,full_state_raw_label_srm,0.9,1.8,1.515,0.224395954056,full_d,0.9,0.812830516164,1.0,0.375689075077,64,0.129
Fig. 2(b),8,8-QAM,full_state_raw_label_srm,0.9,1.8,1.52,0.225378597196,full_d,0.9,0.812830516164,1.0,0.373912518599,64,0.132
Fig. 2(b),8,8-QAM,full_state_raw_label_srm,0.9,1.8,1.524,0.226157994104,bridge,0.9,0.812830516164,1.0,0.372497711903,64,0.13
Fig. 2(b),8,8-QAM,full_state_raw_label_srm,0.9,1.8,1.525,0.22635187366,full_d,0.9,0.812830516164,1.0,0.372144898885,64,0.133
Fig. 2(b),8,8-QAM,full_state_raw_label_srm,0.9,1.8,1.53,0.227315236771,full_d,0.9,0.812830516164,1.0,0.370386133704,64,0.143
Fig. 2(b),8,8-QAM,full_state_raw_label_srm,0.9,1.8,1.535,0.228268151701,full_d,0.9,0.812830516164,1.0,0.368636145717,64,0.129
Fig. 2(b),8,8-QAM,full_state_raw_label_srm,0.9,1.8,1.54,0.229210096864,full_d,0.9,0.812830516164,1.0,0.366894862624,64,0.143
Fig. 2(b),8,8-QAM,full_state_raw_label_srm,0.9,1.8,1.545,0.230140565307,full_d,0.9,0.812830516164,1.0,0.365162217279,64,0.142
Fig. 2(b),8,8-QAM,full_state_raw_label_srm,0.9,1.8,1.548,0.230693132591,bridge,0.9,0.812830516164,1.0,0.364126750217,64,0.151
Fig. 2(b),8,8-QAM,full_state_raw_label_srm,0.9,1.8,1.55,0.231059066039,full_d,0.9,0.812830516164,1.0,0.363438147772,64,0.145
Fig. 2(b),8,8-QAM,full_state_raw_label_srm,0.9,1.8,1.555,0.231965125361,full_d,0.9,0.812830516164,1.0,0.361722597469,64,0.185
Fig. 2(b),8,8-QAM,full_state_raw_label_srm,0.9,1.8,1.56,0.232858288243,full_d,0.9,0.812830516164,1.0,0.360015515017,64,0.18
Fig. 2(b),8,8-QAM,full_state_raw_label_srm,0.9,1.8,1.565,0.233738119894,full_d,0.9,0.812830516164,1.0,0.358316854315,64,0.173
Fig. 2(b),8,8-QAM,full_state_raw_label_srm,0.9,1.8,1.57,0.234604207789,full_d,0.9,0.812830516164,1.0,0.356626574441,64,0.197
Fig. 2(b),8,8-QAM,full_state_raw_label_srm,0.9,1.8,1.572,0.234946707016,bridge,0.9,0.812830516164,1.0,0.355952800927,64,0.108
Fig. 2(b),8,8-QAM,full_state_raw_label_srm,0.9,1.8,1.575,0.235456164927,full_d,0.9,0.812830516164,1.0,0.354944639553,64,0.17
Fig. 2(b),8,8-QAM,full_state_raw_label_srm,0.9,1.8,1.58,0.236293635898,full_d,0.9,0.812830516164,1.0,0.353271018751,64,0.142
Fig. 2(b),8,8-QAM,full_state_raw_label_srm,0.9,1.8,1.585,0.237116298651,full_d,0.9,0.812830516164,1.0,0.351605685904,64,0.179
Fig. 2(b),8,8-QAM,full_state_raw_label_srm,0.9,1.8,1.59,0.237923862131,full_d,0.9,0.812830516164,1.0,0.349948619452,64,0.124
Fig. 2(b),8,8-QAM,full_state_raw_label_srm,0.9,1.8,1.595,0.238716067694,full_d,0.9,0.812830516164,1.0,0.348299802175,64,0.119
Fig. 2(b),8,8-QAM,full_state_raw_label_srm,0.9,1.8,1.596,0.238872645425,bridge,0.9,0.812830516164,1.0,0.347971027396,64,0.134
Fig. 2(b),8,8-QAM,full_state_raw_label_srm,0.9,1.8,1.6,0.23949268941,full_d,0.9,0.812830516164,1.0,0.346659220936,64,0.141
Fig. 2(b),8,8-QAM,full_state_raw_label_srm,0.9,1.8,1.605,0.240253532064,full_d,0.9,0.812830516164,1.0,0.345026866405,64,0.142
Fig. 2(b),8,8-QAM,full_state_raw_label_srm,0.9,1.8,1.61,0.240998429809,full_d,0.9,0.812830516164,1.0,0.343402732755,64,0.141
Fig. 2(b),8,8-QAM,full_state_raw_label_srm,0.9,1.8,1.615,0.241727244852,full_d,0.9,0.812830516164,1.0,0.341786817345,64,0.123
Fig. 2(b),8,8-QAM,full_state_raw_label_srm,0.9,1.8,1.62,0.242439865978,bridge,0.9,0.812830516164,1.0,0.340179120388,64,0.13
Fig. 2(b),8,8-QAM,full_state_raw_label_srm,0.9,1.8,1.625,0.243136206904,full_d,0.9,0.812830516164,1.0,0.338579644602,64,0.15
Fig. 2(b),8,8-QAM,full_state_raw_label_srm,0.9,1.8,1.63,0.243816204498,full_d,0.9,0.812830516164,1.0,0.336988394861,64,0.133
Fig. 2(b),8,8-QAM,full_state_raw_label_srm,0.9,1.8,1.635,0.244479816907,full_d,0.9,0.812830516164,1.0,0.335405377832,64,0.123
Fig. 2(b),8,8-QAM,full_state_raw_label_srm,0.9,1.8,1.64,0.245127021596,full_d,0.9,0.812830516164,1.0,0.333830601614,64,0.133
Fig. 2(b),8,8-QAM,full_state_raw_label_srm,0.9,1.8,1.645,0.245757813341,full_d,0.9,0.812830516164,1.0,0.332264075373,64,0.15
Fig. 2(b),8,8-QAM,full_state_raw_label_srm,0.9,1.8,1.65,0.246372202186,full_d,0.9,0.812830516164,1.0,0.33070580899,64,0.129
Fig. 2(b),8,8-QAM,full_state_raw_label_srm,0.9,1.8,1.655,0.246970211387,full_d,0.9,0.812830516164,1.0,0.3291558127,64,0.132
Fig. 2(b),8,8-QAM,full_state_raw_label_srm,0.9,1.8,1.66,0.247551875357,full_d,0.9,0.812830516164,1.0,0.327614096755,64,0.127
Fig. 2(b),8,8-QAM,full_state_raw_label_srm,0.9,1.8,1.665,0.248117237635,full_d,0.9,0.812830516164,1.0,0.326080671086,64,0.146
Fig. 2(b),8,8-QAM,full_state_raw_label_srm,0.9,1.8,1.67,0.248666348883,full_d,0.9,0.812830516164,1.0,0.324555544982,64,0.131
Fig. 2(b),8,8-QAM,full_state_raw_label_srm,0.9,1.8,1.675,0.249199264938,full_d,0.9,0.812830516164,1.0,0.323038726791,64,0.137
Fig. 2(b),8,8-QAM,full_state_raw_label_srm,0.9,1.8,1.68,0.249716044917,high_d,0.9,0.812830516164,1.0,0.321530223623,64,0.134
Fig. 2(b),8,8-QAM,full_state_raw_label_srm,0.9,1.8,1.683,0.250018392779,high_d,0.9,0.812830516164,1.0,0.320629115336,64,0.152
Fig. 2(b),8,8-QAM,full_state_raw_label_srm,0.9,1.8,1.685,0.250216749392,full_d,0.9,0.812830516164,1.0,0.320030041086,64,0.206
Fig. 2(b),8,8-QAM,full_state_raw_label_srm,0.9,1.8,1.686,0.250314966554,high_d,0.9,0.812830516164,1.0,0.319731003428,64,0.13
Fig. 2(b),8,8-QAM,full_state_raw_label_srm,0.9,1.8,1.689,0.250605779164,high_d,0.9,0.812830516164,1.0,0.318835888568,64,0.129
Fig. 2(b),8,8-QAM,full_state_raw_label_srm,0.9,1.8,1.69,0.250701438634,full_d,0.9,0.812830516164,1.0,0.318538183037,64,0.198
Fig. 2(b),8,8-QAM,full_state_raw_label_srm,0.9,1.8,1.692,0.250890843229,high_d,0.9,0.812830516164,1.0,0.317943771165,64,0.13
Fig. 2(b),8,8-QAM,full_state_raw_label_srm,0.9,1.8,1.695,0.25117017095,high_d,0.9,0.812830516164,1.0,0.317054651349,64,0.127
Fig. 2(b),8,8-QAM,full_state_raw_label_srm,0.9,1.8,1.698,0.251443773991,high_d,0.9,0.812830516164,1.0,0.316168528955,64,0.138
Fig. 2(b),8,8-QAM,full_state_raw_label_srm,0.9,1.8,1.7,0.251623001109,full_d,0.9,0.812830516164,1.0,0.315579445707,64,0.186
Fig. 2(b),8,8-QAM,full_state_raw_label_srm,0.9,1.8,1.701,0.251711663364,high_d,0.9,0.812830516164,1.0,0.315285403511,64,0.14
Fig. 2(b),8,8-QAM,full_state_raw_label_srm,0.9,1.8,1.704,0.251973849317,high_d,0.9,0.812830516164,1.0,0.314405274224,64,0.134
Fig. 2(b),8,8-QAM,full_state_raw_label_srm,0.9,1.8,1.705,0.252059978858,full_d,0.9,0.812830516164,1.0,0.314112563423,64,0.183
Fig. 2(b),8,8-QAM,full_state_raw_label_srm,0.9,1.8,1.707,0.252230341237,high_d,0.9,0.812830516164,0.999999999999,0.313528139969,64,0.139
Fig. 2(b),8,8-QAM,full_state_raw_label_srm,0.9,1.8,1.71,0.252481147544,high_d,0.9,0.812830516164,1.0,0.312653999279,64,0.128
Fig. 2(b),8,8-QAM,full_state_raw_label_srm,0.9,1.8,1.713,0.252726275601,high_d,0.9,0.812830516164,1.0,0.311782850332,64,0.133
Fig. 2(b),8,8-QAM,full_state_raw_label_srm,0.9,1.8,1.715,0.252886542843,full_d,0.9,0.812830516164,1.0,0.311203745386,64,0.134
Fig. 2(b),8,8-QAM,full_state_raw_label_srm,0.9,1.8,1.716,0.252965731625,high_d,0.9,0.812830516164,1.0,0.310914690948,64,0.132
Fig. 2(b),8,8-QAM,full_state_raw_label_srm,0.9,1.8,1.719,0.253199520598,high_d,0.9,0.812830516164,1.0,0.310049518579,64,0.133
Fig. 2(b),8,8-QAM,full_state_raw_label_srm,0.9,1.8,1.72,0.253276191586,full_d,0.9,0.812830516164,1.0,0.309761791076,64,0.133
Fig. 2(b),8,8-QAM,full_state_raw_label_srm,0.9,1.8,1.722,0.253427646194,high_d,0.9,0.812830516164,1.0,0.309187330302,64,0.137
Fig. 2(b),8,8-QAM,full_state_raw_label_srm,0.9,1.8,1.725,0.253650110697,high_d,0.9,0.812830516164,1.0,0.308328122815,64,0.135
Fig. 2(b),8,8-QAM,full_state_raw_label_srm,0.9,1.8,1.728,0.253866914942,high_d,0.9,0.812830516164,1.0,0.307471892434,64,0.135
Fig. 2(b),8,8-QAM,full_state_raw_label_srm,0.9,1.8,1.73,0.254008306241,full_d,0.9,0.812830516164,1.0,0.306902724135,64,0.129
Fig. 2(b),8,8-QAM,full_state_raw_label_srm,0.9,1.8,1.731,0.25407805824,high_d,0.9,0.812830516164,1.0,0.306618635091,64,0.118
Fig. 2(b),8,8-QAM,full_state_raw_label_srm,0.9,1.8,1.734,0.254283538328,high_d,0.9,0.812830516164,1.0,0.30576834633,64,0.136
Fig. 2(b),8,8-QAM,full_state_raw_label_srm,0.9,1.8,1.735,0.254350772574,full_d,0.9,0.812830516164,1.0,0.305485575601,64,0.139
Fig. 2(b),8,8-QAM,full_state_raw_label_srm,0.9,1.8,1.737,0.254483351311,high_d,0.9,0.812830516164,1.0,0.304921021307,64,0.131
Fig. 2(b),8,8-QAM,full_state_raw_label_srm,0.9,1.8,1.74,0.254677491615,high_d,0.9,0.812830516164,1.0,0.304076654792,64,0.127
Fig. 2(b),8,8-QAM,full_state_raw_label_srm,0.9,1.8,1.743,0.254865951943,high_d,0.9,0.812830516164,1.0,0.303235241172,64,0.13
Fig. 2(b),8,8-QAM,full_state_raw_label_srm,0.9,1.8,1.745,0.254988432219,full_d,0.9,0.812830516164,1.0,0.302675936309,64,0.134
Fig. 2(b),8,8-QAM,full_state_raw_label_srm,0.9,1.8,1.746,0.255048723235,high_d,0.9,0.812830516164,1.0,0.302396774449,64,0.145
Fig. 2(b),8,8-QAM,full_state_raw_label_srm,0.9,1.8,1.749,0.255225794636,high_d,0.9,0.812830516164,1.0,0.301561248248,64,0.136
Fig. 2(b),8,8-QAM,full_state_raw_label_srm,0.9,1.8,1.75,0.255283549656,full_d,0.9,0.812830516164,1.0,0.301283391808,64,0.144
Fig. 2(b),8,8-QAM,full_state_raw_label_srm,0.9,1.8,1.752,0.255397153468,high_d,0.9,0.812830516164,1.0,0.300728655821,64,0.145
Fig. 2(b),8,8-QAM,full_state_raw_label_srm,0.9,1.8,1.755,0.255562785204,high_d,0.9,0.812830516164,1.0,0.299898990052,64,0.136
Fig. 2(b),8,8-QAM,full_state_raw_label_srm,0.9,1.8,1.758,0.25572267345,high_d,0.9,0.812830516164,1.0,0.299072243463,64,0.126
Fig. 2(b),8,8-QAM,full_state_raw_label_srm,0.9,1.8,1.76,0.255826065839,full_d,0.9,0.812830516164,1.0,0.298522696984,64,0.118
Fig. 2(b),8,8-QAM,full_state_raw_label_srm,0.9,1.8,1.761,0.255876799931,high_d,0.9,0.812830516164,1.0,0.298248408223,64,0.138
Fig. 2(b),8,8-QAM,full_state_raw_label_srm,0.9,1.8,1.764,0.256025144481,high_d,0.9,0.812830516164,1.0,0.297427476157,64,0.144
Fig. 2(b),8,8-QAM,full_state_raw_label_srm,0.9,1.8,1.765,0.256073304033,full_d,0.9,0.812830516164,1.0,0.297154475823,64,0.133
Fig. 2(b),8,8-QAM,full_state_raw_label_srm,0.9,1.8,1.767,0.25616768504,high_d,0.9,0.812830516164,1.0,0.296609438754,64,0.134
Fig. 2(b),8,8-QAM,full_state_raw_label_srm,0.9,1.8,1.77,0.256304397649,high_d,0.9,0.812830516164,1.0,0.295794287178,64,0.132
Fig. 2(b),8,8-QAM,full_state_raw_label_srm,0.9,1.8,1.773,0.25643525646,high_d,0.9,0.812830516164,1.0,0.294982012278,64,0.132
Fig. 2(b),8,8-QAM,full_state_raw_label_srm,0.9,1.8,1.775,0.256519229938,full_d,0.9,0.812830516164,1.0,0.294442089175,64,0.132
Fig. 2(b),8,8-QAM,full_state_raw_label_srm,0.9,1.8,1.776,0.256560233739,high_d,0.9,0.812830516164,1.0,0.294172604601,64,0.126
Fig. 2(b),8,8-QAM,full_state_raw_label_srm,0.9,1.8,1.779,0.256679299881,high_d,0.9,0.812830516164,1.0,0.293366054406,64,0.14
Fig. 2(b),8,8-QAM,full_state_raw_label_srm,0.9,1.8,1.78,0.256717669625,full_d,0.9,0.812830516164,1.0,0.293097837614,64,0.123
Fig. 2(b),8,8-QAM,full_state_raw_label_srm,0.9,1.8,1.782,0.256792423429,high_d,0.9,0.812830516164,1.0,0.292562351674,64,0.126
Fig. 2(b),8,8-QAM,full_state_raw_label_srm,0.9,1.8,1.785,0.256899571091,high_d,0.9,0.812830516164,1.0,0.291761486123,64,0.132
Fig. 2(b),8,8-QAM,full_state_raw_label_srm,0.9,1.8,1.788,0.257000707768,high_d,0.9,0.812830516164,1.0,0.290963447224,64,0.135
Fig. 2(b),8,8-QAM,full_state_raw_label_srm,0.9,1.8,1.79,0.257064774643,full_d,0.9,0.812830516164,1.0,0.290432986347,64,0.128
Fig. 2(b),8,8-QAM,full_state_raw_label_srm,0.9,1.8,1.791,0.257095796581,high_d,0.9,0.812830516164,1.0,0.290168224212,64,0.119
Fig. 2(b),8,8-QAM,full_state_raw_label_srm,0.9,1.8,1.794,0.257184798905,high_d,0.9,0.812830516164,1.0,0.289375806109,64,0.14
Fig. 2(b),8,8-QAM,full_state_raw_label_srm,0.9,1.8,1.795,0.257213106871,full_d,0.9,0.812830516164,1.0,0.289112288126,64,0.148
Fig. 2(b),8,8-QAM,full_state_raw_label_srm,0.9,1.8,1.797,0.257267674406,high_d,0.9,0.812830516164,1.0,0.28858618173,64,0.144
Fig. 2(b),8,8-QAM,full_state_raw_label_srm,0.9,1.8,1.8,0.25734438108,high_d,0.9,0.812830516164,1.0,0.287799339708,64,0.127
Fig. 2(b),8,8-QAM,full_state_raw_label_srm,0.9,1.8,1.803,0.257414875293,high_d,0.9,0.812830516164,1.0,0.287015268507,64,0.123
Fig. 2(b),8,8-QAM,full_state_raw_label_srm,0.9,1.8,1.805,0.257458397806,full_d,0.9,0.812830516164,1.0,0.286494087952,64,0.128
Fig. 2(b),8,8-QAM,full_state_raw_label_srm,0.9,1.8,1.806,0.257479111836,high_d,0.9,0.812830516164,1.0,0.286233956439,64,0.133
Fig. 2(b),8,8-QAM,full_state_raw_label_srm,0.9,1.8,1.809,0.257537043968,high_d,0.9,0.812830516164,1.0,0.285455391682,64,0.139
Fig. 2(b),8,8-QAM,full_state_raw_label_srm,0.9,1.8,1.81,0.257554945406,full_d,0.9,0.812830516164,1.0,0.28519647855,64,0.153
Fig. 2(b),8,8-QAM,full_state_raw_label_srm,0.9,1.8,1.812,0.257588623472,high_d,0.9,0.812830516164,1.0,0.284679562297,64,0.136
Fig. 2(b),8,8-QAM,full_state_raw_label_srm,0.9,1.8,1.815,0.257633800709,high_d,0.9,0.812830516164,1.0,0.283906456247,64,0.148
Fig. 2(b),8,8-QAM,full_state_raw_label_srm,0.9,1.8,1.818,0.25767252468,high_d,0.9,0.812830516164,1.0,0.283136061412,64,0.126
Fig. 2(b),8,8-QAM,full_state_raw_label_srm,0.9,1.8,1.82,0.257694729738,full_d,0.9,0.812830516164,1.0,0.282623965073,64,0.138
Fig. 2(b),8,8-QAM,full_state_raw_label_srm,0.9,1.8,1.821,0.257704743087,high_d,0.9,0.812830516164,1.0,0.282368365612,64,0.129
Fig. 2(b),8,8-QAM,full_state_raw_label_srm,0.9,1.8,1.824,0.257730402394,high_d,0.9,0.812830516164,1.0,0.281603356618,64,0.14
Fig. 2(b),8,8-QAM,full_state_raw_label_srm,0.9,1.8,1.825,0.257737488495,full_d,0.9,0.812830516164,1.0,0.281348948571,64,0.134
Fig. 2(b),8,8-QAM,full_state_raw_label_srm,0.9,1.8,1.827,0.257749447896,high_d,0.9,0.812830516164,1.0,0.280841022178,64,0.127
Fig. 2(b),8,8-QAM,full_state_raw_label_srm,0.9,1.8,1.83,0.257761823791,high_d,0.9,0.812830516164,1.0,0.280081350025,64,0.134
Fig. 2(b),8,8-QAM,full_state_raw_label_srm,0.9,1.8,1.833,0.257767473243,high_d,0.9,0.812830516164,1.0,0.279324327905,64,0.122
Fig. 2(b),8,8-QAM,full_state_raw_label_srm,0.9,1.8,1.835,0.257767474131,full_d,0.9,0.812830516164,1.0,0.27882111269,64,0.137
Fig. 2(b),8,8-QAM,full_state_raw_label_srm,0.9,1.8,1.836,0.257766338463,high_d,0.9,0.812830516164,1.0,0.278569943586,64,0.134
Fig. 2(b),8,8-QAM,full_state_raw_label_srm,0.9,1.8,1.839,0.25775836078,high_d,0.9,0.812830516164,1.0,0.277818184881,64,0.122
Fig. 2(b),8,8-QAM,full_state_raw_label_srm,0.9,1.8,1.84,0.257754170649,full_d,0.9,0.812830516164,1.0,0.277568180017,64,0.139
Fig. 2(b),8,8-QAM,full_state_raw_label_srm,0.9,1.8,1.842,0.257743480717,high_d,0.9,0.812830516164,1.0,0.27706903966,64,0.138
Fig. 2(b),8,8-QAM,full_state_raw_label_srm,0.9,1.8,1.845,0.257721638072,high_d,0.9,0.812830516164,1.0,0.276322495871,64,0.146
Fig. 2(b),8,8-QAM,full_state_raw_label_srm,0.9,1.8,1.848,0.257692771993,high_d,0.9,0.812830516164,1.0,0.275578541552,64,0.134
Fig. 2(b),8,8-QAM,full_state_raw_label_srm,0.9,1.8,1.85,0.257669595724,full_d,0.9,0.812830516164,1.0,0.275084004744,64,0.148
Fig. 2(b),8,8-QAM,full_state_raw_label_srm,0.9,1.8,1.851,0.257656821063,high_d,0.9,0.812830516164,1.0,0.274837164852,64,0.153
Fig. 2(b),8,8-QAM,full_state_raw_label_srm,0.9,1.8,1.854,0.257613723379,high_d,0.9,0.812830516164,1.0,0.27409835404,64,0.119
Fig. 2(b),8,8-QAM,full_state_raw_label_srm,0.9,1.8,1.855,0.257597758557,full_d,0.9,0.812830516164,1.0,0.273852651959,64,0.136
Fig. 2(b),8,8-QAM,full_state_raw_label_srm,0.9,1.8,1.857,0.257563416633,high_d,0.9,0.812830516164,1.0,0.273362097524,64,0.128
Fig. 2(b),8,8-QAM,full_state_raw_label_srm,0.9,1.8,1.86,0.257505838201,high_d,0.9,0.812830516164,1.0,0.272628383864,64,0.141
Fig. 2(b),8,8-QAM,full_state_raw_label_srm,0.9,1.8,1.863,0.257440925218,high_d,0.9,0.812830516164,1.0,0.271897201784,64,0.124
Fig. 2(b),8,8-QAM,full_state_raw_label_srm,0.9,1.8,1.865,0.257393544032,full_d,0.9,0.812830516164,1.0,0.27141114801,64,0.148
Fig. 2(b),8,8-QAM,full_state_raw_label_srm,0.9,1.8,1.866,0.257368614671,high_d,0.9,0.812830516164,1.0,0.271168540188,64,0.143
Fig. 2(b),8,8-QAM,full_state_raw_label_srm,0.9,1.8,1.869,0.257288843475,high_d,0.9,0.812830516164,1.0,0.270442388171,64,0.13
Fig. 2(b),8,8-QAM,full_state_raw_label_srm,0.9,1.8,1.87,0.257260584252,full_d,0.9,0.812830516164,1.0,0.270200893327,64,0.15
Fig. 2(b),8,8-QAM,full_state_raw_label_srm,0.9,1.8,1.872,0.257201548563,high_d,0.9,0.812830516164,1.0,0.269718735028,64,0.138
Fig. 2(b),8,8-QAM,full_state_raw_label_srm,0.9,1.8,1.875,0.257106666966,high_d,0.9,0.812830516164,1.0,0.268997570269,64,0.142
Fig. 2(b),8,8-QAM,full_state_raw_label_srm,0.9,1.8,1.878,0.257004135898,high_d,0.9,0.812830516164,1.0,0.268278883625,64,0.137
Fig. 2(b),8,8-QAM,full_state_raw_label_srm,0.9,1.8,1.88,0.256931501259,full_d,0.9,0.812830516164,1.0,0.267801130961,64,0.14
Fig. 2(b),8,8-QAM,full_state_raw_label_srm,0.9,1.8,1.881,0.256893892839,high_d,0.9,0.812830516164,1.0,0.267562665061,64,0.128
Fig. 2(b),8,8-QAM,full_state_raw_label_srm,0.9,1.8,1.884,0.256775875615,high_d,0.9,0.812830516164,1.0,0.266848904783,64,0.125
Fig. 2(b),8,8-QAM,full_state_raw_label_srm,0.9,1.8,1.885,0.256734798262,full_d,0.9,0.812830516164,1.0,0.266611529319,64,0.153
Fig. 2(b),8,8-QAM,full_state_raw_label_srm,0.9,1.8,1.887,0.25665002248,high_d,0.9,0.812830516164,1.0,0.266137593245,64,0.141
Fig. 2(b),8,8-QAM,full_state_raw_label_srm,0.9,1.8,1.89,0.256516272194,high_d,0.9,0.812830516164,1.0,0.265428721156,64,0.157
Fig. 2(b),8,8-QAM,full_state_raw_label_srm,0.9,1.8,1.893,0.2563745641,high_d,0.9,0.812830516164,1.0,0.264722279488,64,0.132
Fig. 2(b),8,8-QAM,full_state_raw_label_srm,0.9,1.8,1.895,0.256275641375,full_d,0.9,0.812830516164,1.0,0.264252664272,64,0.134
Fig. 2(b),8,8-QAM,full_state_raw_label_srm,0.9,1.8,1.896,0.2562248382,high_d,0.9,0.812830516164,1.0,0.264018259479,64,0.132
Fig. 2(b),8,8-QAM,full_state_raw_label_srm,0.9,1.8,1.899,0.256067035228,high_d,0.9,0.812830516164,1.0,0.263316652638,64,0.144
Fig. 2(b),8,8-QAM,full_state_raw_label_srm,0.9,1.8,1.9,0.256012629203,full_d,0.9,0.812830516164,1.0,0.263083318523,64,0.148
Fig. 2(b),8,8-QAM,full_state_raw_label_srm,0.9,1.8,1.902,0.255901096717,high_d,0.9,0.812830516164,1.0,0.262617450751,64,0.128
Fig. 2(b),8,8-QAM,full_state_raw_label_srm,0.9,1.8,1.905,0.255726965065,high_d,0.9,0.812830516164,1.0,0.261920645879,64,0.134
Fig. 2(b),8,8-QAM,full_state_raw_label_srm,0.9,1.8,1.908,0.255544583596,high_d,0.9,0.812830516164,1.0,0.261226230363,64,0.134
Fig. 2(b),8,8-QAM,full_state_raw_label_srm,0.9,1.8,1.91,0.255418385175,full_d,0.9,0.812830516164,1.0,0.260764610452,64,0.145
Fig. 2(b),8,8-QAM,full_state_raw_label_srm,0.9,1.8,1.911,0.255353896619,high_d,0.9,0.812830516164,1.0,0.260534196828,64,0.145
Fig. 2(b),8,8-QAM,full_state_raw_label_srm,0.9,1.8,1.914,0.255154849468,high_d,0.9,0.812830516164,1.0,0.259844538175,64,0.132
Fig. 2(b),8,8-QAM,full_state_raw_label_srm,0.9,1.8,1.915,0.255086633307,full_d,0.9,0.812830516164,1.0,0.259615178523,64,0.154
Fig. 2(b),8,8-QAM,full_state_raw_label_srm,0.9,1.8,1.917,0.254947388552,high_d,0.9,0.812830516164,1.0,0.25915724759,64,0.123
Fig. 2(b),8,8-QAM,full_state_raw_label_srm,0.9,1.8,1.92,0.254731461378,high_d,0.9,0.812830516164,1.0,0.258472318536,64,0.138
Fig. 2(b),8,8-QAM,full_state_raw_label_srm,0.9,1.8,1.923,0.254507016569,high_d,0.9,0.812830516164,1.0,0.257789744753,64,0.156
Fig. 2(b),8,8-QAM,full_state_raw_label_srm,0.9,1.8,1.925,0.254352629811,full_d,0.9,0.812830516164,1.0,0.257336001083,64,0.148
Fig. 2(b),8,8-QAM,full_state_raw_label_srm,0.9,1.8,1.926,0.254274003863,high_d,0.9,0.812830516164,1.0,0.257109520259,64,0.17
Fig. 2(b),8,8-QAM,full_state_raw_label_srm,0.9,1.8,1.929,0.254032374089,high_d,0.9,0.812830516164,1.0,0.256431639338,64,0.164
Fig. 2(b),8,8-QAM,full_state_raw_label_srm,0.9,1.8,1.93,0.253949907579,full_d,0.9,0.812830516164,1.0,0.256206198876,64,0.133
Fig. 2(b),8,8-QAM,full_state_raw_label_srm,0.9,1.8,1.932,0.253782079113,high_d,0.9,0.812830516164,1.0,0.255756096545,64,0.168
Fig. 2(b),8,8-QAM,full_state_raw_label_srm,0.9,1.8,1.935,0.253523071742,high_d,0.9,0.812830516164,1.0,0.255082886696,64,0.138
Fig. 2(b),8,8-QAM,full_state_raw_label_srm,0.9,1.8,1.938,0.253255305573,high_d,0.9,0.812830516164,1.0,0.254412004864,64,0.149
Fig. 2(b),8,8-QAM,full_state_raw_label_srm,0.9,1.8,1.94,0.253071906138,full_d,0.9,0.812830516164,1.0,0.253966041333,64,0.134
Fig. 2(b),8,8-QAM,full_state_raw_label_srm,0.9,1.8,1.941,0.252978734753,high_d,0.9,0.812830516164,1.0,0.253743446373,64,0.139
Fig. 2(b),8,8-QAM,full_state_raw_label_srm,0.9,1.8,1.944,0.252693313628,high_d,0.9,0.812830516164,1.0,0.253077206793,64,0.135
Fig. 2(b),8,8-QAM,full_state_raw_label_srm,0.9,1.8,1.945,0.252596198593,full_d,0.9,0.812830516164,1.0,0.252855641514,64,0.141
Fig. 2(b),8,8-QAM,full_state_raw_label_srm,0.9,1.8,1.947,0.252398996202,high_d,0.9,0.812830516164,1.0,0.252413281928,64,0.143
Fig. 2(b),8,8-QAM,full_state_raw_label_srm,0.9,1.8,1.95,0.252095735301,high_d,0.9,0.812830516164,1.0,0.251751667815,64,0.138
Fig. 2(b),8,8-QAM,full_state_raw_label_srm,0.9,1.8,1.953,0.251783481259,high_d,0.9,0.812830516164,1.0,0.251092360713,64,0.128
Fig. 2(b),8,8-QAM,full_state_raw_label_srm,0.9,1.8,1.955,0.251570289154,full_d,0.9,0.812830516164,1.0,0.250654102566,64,0.143
Fig. 2(b),8,8-QAM,full_state_raw_label_srm,0.9,1.8,1.956,0.251462179709,high_d,0.9,0.812830516164,1.0,0.250435357092,64,0.127
Fig. 2(b),8,8-QAM,full_state_raw_label_srm,0.9,1.8,1.959,0.251131767645,high_d,0.9,0.812830516164,1.0,0.24978065363,64,0.133
Fig. 2(b),8,8-QAM,full_state_raw_label_srm,0.9,1.8,1.96,0.251019592712,full_d,0.9,0.812830516164,1.0,0.249562929743,64,0.13
Fig. 2(b),8,8-QAM,full_state_raw_label_srm,0.9,1.8,1.962,0.250792165406,high_d,0.9,0.812830516164,1.0,0.2491282472,64,0.144
Fig. 2(b),8,8-QAM,full_state_raw_label_srm,0.9,1.8,1.965,0.250443254612,high_d,0.9,0.812830516164,1.0,0.248478134861,64,0.132
Fig. 2(b),8,8-QAM,full_state_raw_label_srm,0.9,1.8,1.968,0.250084803827,high_d,0.9,0.812830516164,1.0,0.247830313849,64,0.136
Fig. 2(b),8,8-QAM,full_state_raw_label_srm,0.9,1.8,1.97,0.249840593124,full_d,0.9,0.812830516164,1.0,0.247399704846,64,0.14
Fig. 2(b),8,8-QAM,full_state_raw_label_srm,0.9,1.8,1.971,0.2497169513,high_d,0.9,0.812830516164,1.0,0.247184781569,64,0.126
Fig. 2(b),8,8-QAM,full_state_raw_label_srm,0.9,1.8,1.974,0.249339974094,high_d,0.9,0.812830516164,1.0,0.246541535581,64,0.138
Fig. 2(b),8,8-QAM,full_state_raw_label_srm,0.9,1.8,1.975,0.249212320454,full_d,0.9,0.812830516164,1.0,0.246327627917,64,0.13
Fig. 2(b),8,8-QAM,full_state_raw_label_srm,0.9,1.8,1.977,0.248954058666,high_d,0.9,0.812830516164,1.0,0.245900573596,64,0.146
Fig. 2(b),8,8-QAM,full_state_raw_label_srm,0.9,1.8,1.98,0.248559366433,high_d,0.9,0.812830516164,1.0,0.245261893458,64,0.193
Fig. 2(b),8,8-QAM,full_state_raw_label_srm,0.9,1.8,1.985,0.247882446724,full_d,0.9,0.812830516164,1.0,0.244202491884,64,0.147
Fig. 2(b),8,8-QAM,full_state_raw_label_srm,0.9,1.8,1.99,0.247182225852,full_d,0.9,0.812830516164,1.0,0.243149414513,64,0.136
Fig. 2(b),8,8-QAM,full_state_raw_label_srm,0.9,1.8,1.995,0.246459352766,full_d,0.9,0.812830516164,1.0,0.242102653437,64,0.14
Fig. 2(b),8,8-QAM,full_state_raw_label_srm,0.9,1.8,2.0,0.245714473764,full_d,0.9,0.812830516164,1.0,0.24106220139,64,0.134
Fig. 2(b),8,8-QAM,full_state_raw_label_srm,0.9,1.8,2.005,0.244948237331,full_d,0.9,0.812830516164,1.0,0.240028051627,64,0.136
Fig. 2(b),8,8-QAM,full_state_raw_label_srm,0.9,1.8,2.01,0.244161295467,full_d,0.9,0.812830516164,1.0,0.2390001978,64,0.12
Fig. 2(b),8,8-QAM,full_state_raw_label_srm,0.9,1.8,2.015,0.243354303354,full_d,0.9,0.812830516164,1.0,0.237978633844,64,0.137
Fig. 2(b),8,8-QAM,full_state_raw_label_srm,0.9,1.8,2.02,0.242527918179,full_d,0.9,0.812830516164,1.0,0.236963353866,64,0.139
Fig. 2(b),8,8-QAM,full_state_raw_label_srm,0.9,1.8,2.025,0.241682797555,full_d,0.9,0.812830516164,1.0,0.235954352039,64,0.15
Fig. 2(b),8,8-QAM,full_state_raw_label_srm,0.9,1.8,2.03,0.240819597775,full_d,0.9,0.812830516164,1.0,0.234951622511,64,0.141
Fig. 2(b),8,8-QAM,full_state_raw_label_srm,0.9,1.8,2.035,0.239938972019,full_d,0.9,0.812830516164,1.0,0.233955159314,64,0.15
Fig. 2(b),8,8-QAM,full_state_raw_label_srm,0.9,1.8,2.04,0.239041568607,full_d,0.9,0.812830516164,1.0,0.232964956284,64,0.139
Fig. 2(b),8,8-QAM,full_state_raw_label_srm,0.9,1.8,2.045,0.23812802932,full_d,0.9,0.812830516164,1.0,0.231981006991,64,0.127
Fig. 2(b),8,8-QAM,full_state_raw_label_srm,0.9,1.8,2.05,0.237198987831,full_d,0.9,0.812830516164,1.0,0.231003304678,64,0.145
Fig. 2(b),8,8-QAM,full_state_raw_label_srm,0.9,1.8,2.055,0.236255068253,full_d,0.9,0.812830516164,1.0,0.230031842207,64,0.137
Fig. 2(b),8,8-QAM,full_state_raw_label_srm,0.9,1.8,2.06,0.235296883812,full_d,0.9,0.812830516164,1.0,0.229066612017,64,0.134
Fig. 2(b),8,8-QAM,full_state_raw_label_srm,0.9,1.8,2.065,0.23432503564,full_d,0.9,0.812830516164,1.0,0.228107606085,64,0.132
Fig. 2(b),8,8-QAM,full_state_raw_label_srm,0.9,1.8,2.07,0.233340111698,full_d,0.9,0.812830516164,1.0,0.227154815906,64,0.133
Fig. 2(b),8,8-QAM,full_state_raw_label_srm,0.9,1.8,2.075,0.232342685809,full_d,0.9,0.812830516164,1.0,0.226208232473,64,0.126
Fig. 2(b),8,8-QAM,full_state_raw_label_srm,0.9,1.8,2.08,0.231333316818,full_d,0.9,0.812830516164,1.0,0.225267846267,64,0.148
Fig. 2(b),8,8-QAM,full_state_raw_label_srm,0.9,1.8,2.085,0.230312547856,full_d,0.9,0.812830516164,1.0,0.224333647256,64,0.131
Fig. 2(b),8,8-QAM,full_state_raw_label_srm,0.9,1.8,2.09,0.229280905707,full_d,0.9,0.812830516164,1.0,0.223405624904,64,0.138
Fig. 2(b),8,8-QAM,full_state_raw_label_srm,0.9,1.8,2.095,0.228238900284,full_d,0.9,0.812830516164,1.0,0.222483768179,64,0.148
Fig. 2(b),8,8-QAM,full_state_raw_label_srm,0.9,1.8,2.1,0.227187024191,full_d,0.9,0.812830516164,1.0,0.221568065578,64,0.174
Fig. 2(b),8,8-QAM,full_state_raw_label_srm,0.95,1.9,0.4,0.177424774398,full_d,0.95,0.803526122186,0.9999982573,0.911643511471,54,0.079
Fig. 2(b),8,8-QAM,full_state_raw_label_srm,0.95,1.9,0.405,0.178943458085,full_d,0.95,0.803526122186,0.999991073226,0.909571276435,54,0.085
Fig. 2(b),8,8-QAM,full_state_raw_label_srm,0.95,1.9,0.41,0.180397112184,full_d,0.95,0.803526122186,0.999995178926,0.90748054021,54,0.089
Fig. 2(b),8,8-QAM,full_state_raw_label_srm,0.95,1.9,0.415,0.181782931254,full_d,0.95,0.803526122186,0.999996356202,0.905371545428,54,0.099
Fig. 2(b),8,8-QAM,full_state_raw_label_srm,0.95,1.9,0.42,0.18315431186,full_d,0.95,0.803526122186,0.999998415764,0.90324453608,56,0.098
Fig. 2(b),8,8-QAM,full_state_raw_label_srm,0.95,1.9,0.425,0.184546517766,full_d,0.95,0.803526122186,0.999995397467,0.901099757492,56,0.103
Fig. 2(b),8,8-QAM,full_state_raw_label_srm,0.95,1.9,0.43,0.185871206754,full_d,0.95,0.803526122186,0.999990463835,0.89893745629,56,0.094
Fig. 2(b),8,8-QAM,full_state_raw_label_srm,0.95,1.9,0.435,0.18713113225,full_d,0.95,0.803526122186,0.999998795253,0.896757880353,56,0.1
Fig. 2(b),8,8-QAM,full_state_raw_label_srm,0.95,1.9,0.44,0.188322330786,full_d,0.95,0.803526122186,0.999999079461,0.894561278795,56,0.103
Fig. 2(b),8,8-QAM,full_state_raw_label_srm,0.95,1.9,0.445,0.189446414923,full_d,0.95,0.803526122186,0.999999537102,0.892347901918,56,0.112
Fig. 2(b),8,8-QAM,full_state_raw_label_srm,0.95,1.9,0.45,0.190503445989,full_d,0.95,0.803526122186,0.999999621077,0.890118001178,56,0.097
Fig. 2(b),8,8-QAM,full_state_raw_label_srm,0.95,1.9,0.455,0.191493605769,full_d,0.95,0.803526122186,0.999999007644,0.887871829146,56,0.107
Fig. 2(b),8,8-QAM,full_state_raw_label_srm,0.95,1.9,0.46,0.192417557532,low_d,0.95,0.803526122186,0.999999472394,0.885609639472,56,0.062
Fig. 2(b),8,8-QAM,full_state_raw_label_srm,0.95,1.9,0.462,0.192767882307,low_d,0.95,0.803526122186,0.999995781771,0.884700335784,56,0.076
Fig. 2(b),8,8-QAM,full_state_raw_label_srm,0.95,1.9,0.464,0.193108625873,low_d,0.95,0.803526122186,0.999997600564,0.883788526497,56,0.092
Fig. 2(b),8,8-QAM,full_state_raw_label_srm,0.95,1.9,0.465,0.193273821848,full_d,0.95,0.803526122186,0.999991847472,0.883331687206,56,0.108
Fig. 2(b),8,8-QAM,full_state_raw_label_srm,0.95,1.9,0.466,0.19343748181,low_d,0.95,0.803526122186,0.999991717062,0.882874227621,56,0.091
Fig. 2(b),8,8-QAM,full_state_raw_label_srm,0.95,1.9,0.468,0.193757588906,low_d,0.95,0.803526122186,0.999994737677,0.881957455773,56,0.101
Fig. 2(b),8,8-QAM,full_state_raw_label_srm,0.95,1.9,0.47,0.194067359323,low_d,0.95,0.803526122186,0.999998258089,0.881038227371,56,0.103
Fig. 2(b),8,8-QAM,full_state_raw_label_srm,0.95,1.9,0.472,0.194365662054,low_d,0.95,0.803526122186,0.999996269453,0.880116558857,56,0.087
Fig. 2(b),8,8-QAM,full_state_raw_label_srm,0.95,1.9,0.474,0.194653236562,low_d,0.95,0.803526122186,0.999992398359,0.879192466697,56,0.096
Fig. 2(b),8,8-QAM,full_state_raw_label_srm,0.95,1.9,0.475,0.194794751498,full_d,0.95,0.803526122186,0.999998682981,0.878729516901,56,0.111
Fig. 2(b),8,8-QAM,full_state_raw_label_srm,0.95,1.9,0.476,0.19493183182,low_d,0.95,0.803526122186,0.999995418545,0.878265967378,56,0.116
Fig. 2(b),8,8-QAM,full_state_raw_label_srm,0.95,1.9,0.478,0.195199896876,low_d,0.95,0.803526122186,0.999997140438,0.87733707741,56,0.11
Fig. 2(b),8,8-QAM,full_state_raw_label_srm,0.95,1.9,0.48,0.195457243903,low_d,0.95,0.803526122186,0.999996384946,0.876405813324,56,0.085
Fig. 2(b),8,8-QAM,full_state_raw_label_srm,0.95,1.9,0.482,0.195704717793,low_d,0.95,0.803526122186,0.999997246513,0.875472191673,56,0.102
Fig. 2(b),8,8-QAM,full_state_raw_label_srm,0.95,1.9,0.484,0.195941810205,low_d,0.95,0.803526122186,0.999996883891,0.874536229028,56,0.084
Fig. 2(b),8,8-QAM,full_state_raw_label_srm,0.95,1.9,0.485,0.196056840001,full_d,0.95,0.803526122186,0.999998088488,0.874067375018,56,0.099
Fig. 2(b),8,8-QAM,full_state_raw_label_srm,0.95,1.9,0.486,0.196169397876,low_d,0.95,0.803526122186,0.999999521744,0.873597941982,56,0.094
Fig. 2(b),8,8-QAM,full_state_raw_label_srm,0.95,1.9,0.488,0.196386206697,low_d,0.95,0.803526122186,0.999998404993,0.872657347146,56,0.106
Fig. 2(b),8,8-QAM,full_state_raw_label_srm,0.95,1.9,0.49,0.196593203729,low_d,0.95,0.803526122186,0.999998199729,0.871714461148,56,0.091
Fig. 2(b),8,8-QAM,full_state_raw_label_srm,0.95,1.9,0.492,0.196790540227,low_d,0.95,0.803526122186,0.999999398593,0.870769300637,56,0.088
Fig. 2(b),8,8-QAM,full_state_raw_label_srm,0.95,1.9,0.494,0.196977326529,low_d,0.95,0.803526122186,0.999997171002,0.869821882301,56,0.116
Fig. 2(b),8,8-QAM,full_state_raw_label_srm,0.95,1.9,0.495,0.197066792668,full_d,0.95,0.803526122186,0.999994858762,0.86934733164,56,0.098
Fig. 2(b),8,8-QAM,full_state_raw_label_srm,0.95,1.9,0.496,0.197152726706,low_d,0.95,0.803526122186,0.999987054529,0.868872222773,56,0.103
Fig. 2(b),8,8-QAM,full_state_raw_label_srm,0.95,1.9,0.498,0.197321689618,low_d,0.95,0.803526122186,0.999993825991,0.867920338772,56,0.09
Fig. 2(b),8,8-QAM,full_state_raw_label_srm,0.95,1.9,0.5,0.197478887868,low_d,0.95,0.803526122186,0.999990163763,0.866966247009,56,0.098
Fig. 2(b),8,8-QAM,full_state_raw_label_srm,0.95,1.9,0.502,0.197628658597,low_d,0.95,0.803526122186,0.999997728202,0.866009964207,56,0.094
Fig. 2(b),8,8-QAM,full_state_raw_label_srm,0.95,1.9,0.504,0.197766421726,low_d,0.95,0.803526122186,0.999993019577,0.865051507107,56,0.102
Fig. 2(b),8,8-QAM,full_state_raw_label_srm,0.95,1.9,0.505,0.197832799586,full_d,0.95,0.803526122186,0.999996075179,0.864571468429,56,0.109
Fig. 2(b),8,8-QAM,full_state_raw_label_srm,0.95,1.9,0.506,0.197896520191,low_d,0.95,0.803526122186,0.999997684945,0.864090892459,56,0.089
Fig. 2(b),8,8-QAM,full_state_raw_label_srm,0.95,1.9,0.508,0.198016084926,low_d,0.95,0.803526122186,0.999996887642,0.863128137025,56,0.09
Fig. 2(b),8,8-QAM,full_state_raw_label_srm,0.95,1.9,0.51,0.198126163313,low_d,0.95,0.803526122186,0.999995587476,0.862163257577,56,0.098
Fig. 2(b),8,8-QAM,full_state_raw_label_srm,0.95,1.9,0.512,0.198227690093,low_d,0.95,0.803526122186,0.999998158053,0.861196270898,56,0.099
Fig. 2(b),8,8-QAM,full_state_raw_label_srm,0.95,1.9,0.514,0.198318933608,low_d,0.95,0.803526122186,0.999995513644,0.86022719378,56,0.119
Fig. 2(b),8,8-QAM,full_state_raw_label_srm,0.95,1.9,0.515,0.198362103159,full_d,0.95,0.803526122186,0.999999205541,0.859741876556,56,0.101
Fig. 2(b),8,8-QAM,full_state_raw_label_srm,0.95,1.9,0.516,0.198402086008,low_d,0.95,0.803526122186,0.999998355743,0.859256043023,56,0.109
Fig. 2(b),8,8-QAM,full_state_raw_label_srm,0.95,1.9,0.518,0.198475751682,low_d,0.95,0.803526122186,0.999999286255,0.858282835432,56,0.099
Fig. 2(b),8,8-QAM,full_state_raw_label_srm,0.95,1.9,0.52,0.198540234667,low_d,0.95,0.803526122186,0.999999473322,0.85730758782,56,0.096
Fig. 2(b),8,8-QAM,full_state_raw_label_srm,0.95,1.9,0.522,0.19859554507,low_d,0.95,0.803526122186,0.999998597829,0.856330317004,56,0.085
Fig. 2(b),8,8-QAM,full_state_raw_label_srm,0.95,1.9,0.524,0.198641706478,low_d,0.95,0.803526122186,0.999996401874,0.855351039802,56,0.1
Fig. 2(b),8,8-QAM,full_state_raw_label_srm,0.95,1.9,0.525,0.198662265065,full_d,0.95,0.803526122186,0.999999265852,0.854860654065,56,0.093
Fig. 2(b),8,8-QAM,full_state_raw_label_srm,0.95,1.9,0.526,0.198680128007,low_d,0.95,0.803526122186,0.999999600812,0.854369773042,56,0.1
Fig. 2(b),8,8-QAM,full_state_raw_label_srm,0.95,1.9,0.528,0.198708749415,low_d,0.95,0.803526122186,0.999997436897,0.853386533549,56,0.102
Fig. 2(b),8,8-QAM,full_state_raw_label_srm,0.95,1.9,0.53,0.19872944166,low_d,0.95,0.803526122186,0.999998936772,0.852401338146,56,0.099
Fig. 2(b),8,8-QAM,full_state_raw_label_srm,0.95,1.9,0.532,0.1987410276,low_d,0.95,0.803526122186,0.999997782174,0.85141420366,56,0.097
Fig. 2(b),8,8-QAM,full_state_raw_label_srm,0.95,1.9,0.534,0.198744686657,low_d,0.95,0.803526122186,0.999999509264,0.850425146912,56,0.098
Fig. 2(b),8,8-QAM,full_state_raw_label_srm,0.95,1.9,0.535,0.198743146146,full_d,0.95,0.803526122186,0.999999327931,0.849929902946,56,0.084
Fig. 2(b),8,8-QAM,full_state_raw_label_srm,0.95,1.9,0.536,0.198738808021,low_d,0.95,0.803526122186,0.999995610444,0.849434184722,56,0.096
Fig. 2(b),8,8-QAM,full_state_raw_label_srm,0.95,1.9,0.538,0.198725776572,low_d,0.95,0.803526122186,0.999997679371,0.848441333906,56,0.089
Fig. 2(b),8,8-QAM,full_state_raw_label_srm,0.95,1.9,0.54,0.198704374357,low_d,0.95,0.803526122186,0.999999178228,0.847446611272,56,0.156
Fig. 2(b),8,8-QAM,full_state_raw_label_srm,0.95,1.9,0.542,0.198674508553,low_d,0.95,0.803526122186,0.999999226179,0.846450033623,56,0.14
Fig. 2(b),8,8-QAM,full_state_raw_label_srm,0.95,1.9,0.544,0.198636553602,low_d,0.95,0.803526122186,0.999999291185,0.845451617752,56,0.125
Fig. 2(b),8,8-QAM,full_state_raw_label_srm,0.95,1.9,0.545,0.198614366962,full_d,0.95,0.803526122186,0.999998314249,0.844951725729,56,0.139
Fig. 2(b),8,8-QAM,full_state_raw_label_srm,0.95,1.9,0.546,0.198590529785,low_d,0.95,0.803526122186,0.999999055676,0.844451380443,56,0.124
Fig. 2(b),8,8-QAM,full_state_raw_label_srm,0.95,1.9,0.548,0.198536511574,low_d,0.95,0.803526122186,0.999998471986,0.84344933847,56,0.133
Fig. 2(b),8,8-QAM,full_state_raw_label_srm,0.95,1.9,0.55,0.198474776923,low_d,0.95,0.803526122186,0.999998514902,0.842445508592,56,0.116
Fig. 2(b),8,8-QAM,full_state_raw_label_srm,0.95,1.9,0.552,0.198405334023,low_d,0.95,0.803526122186,0.999998798468,0.841439907555,56,0.133
Fig. 2(b),8,8-QAM,full_state_raw_label_srm,0.95,1.9,0.554,0.198328234257,low_d,0.95,0.803526122186,0.999999151831,0.840432552088,56,0.141
Fig. 2(b),8,8-QAM,full_state_raw_label_srm,0.95,1.9,0.555,0.198286844178,full_d,0.95,0.803526122186,0.999999376689,0.839928221668,56,0.137
Fig. 2(b),8,8-QAM,full_state_raw_label_srm,0.95,1.9,0.556,0.198243575116,low_d,0.95,0.803526122186,0.999999634483,0.839423458907,56,0.115
Fig. 2(b),8,8-QAM,full_state_raw_label_srm,0.95,1.9,0.558,0.198151279613,low_d,0.95,0.803526122186,0.999999423664,0.838412644704,56,0.128
Fig. 2(b),8,8-QAM,full_state_raw_label_srm,0.95,1.9,0.56,0.198051580892,low_d,0.95,0.803526122186,0.999999259221,0.837400126156,56,0.133
Fig. 2(b),8,8-QAM,full_state_raw_label_srm,0.95,1.9,0.562,0.197944604249,low_d,0.95,0.803526122186,0.999999336154,0.836385919914,56,0.137
Fig. 2(b),8,8-QAM,full_state_raw_label_srm,0.95,1.9,0.564,0.197830136654,low_d,0.95,0.803526122186,0.999998138405,0.835370042608,56,0.132
Fig. 2(b),8,8-QAM,full_state_raw_label_srm,0.95,1.9,0.565,0.197770569702,full_d,0.95,0.803526122186,0.999999329654,0.834861482496,56,0.143
Fig. 2(b),8,8-QAM,full_state_raw_label_srm,0.95,1.9,0.566,0.197709015936,low_d,0.95,0.803526122186,0.999999460295,0.834352510843,56,0.146
Fig. 2(b),8,8-QAM,full_state_raw_label_srm,0.95,1.9,0.568,0.197580452128,low_d,0.95,0.803526122186,0.999998866131,0.833333341199,56,0.127
Fig. 2(b),8,8-QAM,full_state_raw_label_srm,0.95,1.9,0.57,0.197445182021,low_d,0.95,0.803526122186,0.999999640318,0.832312550224,56,0.127
Fig. 2(b),8,8-QAM,full_state_raw_label_srm,0.95,1.9,0.572,0.197302810765,low_d,0.95,0.803526122186,0.999999340137,0.83129015444,56,0.133
Fig. 2(b),8,8-QAM,full_state_raw_label_srm,0.95,1.9,0.574,0.197153402828,low_d,0.95,0.803526122186,0.999998074804,0.830266170762,56,0.125
Fig. 2(b),8,8-QAM,full_state_raw_label_srm,0.95,1.9,0.575,0.19707570453,full_d,0.95,0.803526122186,0.999994939263,0.829753588245,56,0.126
Fig. 2(b),8,8-QAM,full_state_raw_label_srm,0.95,1.9,0.576,0.196997582226,low_d,0.95,0.803526122186,0.999998112731,0.829240614817,56,0.129
Fig. 2(b),8,8-QAM,full_state_raw_label_srm,0.95,1.9,0.578,0.196834558722,low_d,0.95,0.803526122186,0.99999521731,0.828213503433,56,0.141
Fig. 2(b),8,8-QAM,full_state_raw_label_srm,0.95,1.9,0.58,0.196666163809,low_d,0.95,0.803526122186,0.999998246716,0.827184852994,56,0.146
Fig. 2(b),8,8-QAM,full_state_raw_label_srm,0.95,1.9,0.582,0.196490293638,low_d,0.95,0.803526122186,0.999996062112,0.826154679848,56,0.137
Fig. 2(b),8,8-QAM,full_state_raw_label_srm,0.95,1.9,0.584,0.196307918408,low_d,0.95,0.803526122186,0.999993144073,0.825123000305,56,0.145
Fig. 2(b),8,8-QAM,full_state_raw_label_srm,0.95,1.9,0.585,0.196215932604,full_d,0.95,0.803526122186,0.999999633779,0.824606600719,56,0.128
Fig. 2(b),8,8-QAM,full_state_raw_label_srm,0.95,1.9,0.586,0.196121066109,low_d,0.95,0.803526122186,0.999999383209,0.824089830632,56,0.139
Fig. 2(b),8,8-QAM,full_state_raw_label_srm,0.95,1.9,0.588,0.195926668041,low_d,0.95,0.803526122186,0.999998696339,0.823055187053,56,0.138
Fig. 2(b),8,8-QAM,full_state_raw_label_srm,0.95,1.9,0.59,0.195726245901,low_d,0.95,0.803526122186,0.999998390005,0.822019085749,56,0.138
Fig. 2(b),8,8-QAM,full_state_raw_label_srm,0.95,1.9,0.592,0.195519928969,low_d,0.95,0.803526122186,0.999998679223,0.820981542853,56,0.127
Fig. 2(b),8,8-QAM,full_state_raw_label_srm,0.95,1.9,0.594,0.195307574848,low_d,0.95,0.803526122186,0.999998389881,0.819942574455,56,0.133
Fig. 2(b),8,8-QAM,full_state_raw_label_srm,0.95,1.9,0.595,0.19519938718,full_d,0.95,0.803526122186,0.999999185978,0.819422560705,56,0.128
Fig. 2(b),8,8-QAM,full_state_raw_label_srm,0.95,1.9,0.596,0.195088664682,low_d,0.95,0.803526122186,0.999994413895,0.81890219659,56,0.139
Fig. 2(b),8,8-QAM,full_state_raw_label_srm,0.95,1.9,0.598,0.194865708286,low_d,0.95,0.803526122186,0.999999172197,0.817860425246,56,0.128
Fig. 2(b),8,8-QAM,full_state_raw_label_srm,0.95,1.9,0.6,0.19463595759,low_d,0.95,0.803526122186,0.999998130753,0.816817276359,56,0.134
Fig. 2(b),8,8-QAM,full_state_raw_label_srm,0.95,1.9,0.602,0.194400816853,low_d,0.95,0.803526122186,0.999998047586,0.81577276581,56,0.131
Fig. 2(b),8,8-QAM,full_state_raw_label_srm,0.95,1.9,0.604,0.194160105539,low_d,0.95,0.803526122186,0.99999755212,0.814726909424,56,0.128
Fig. 2(b),8,8-QAM,full_state_raw_label_srm,0.95,1.9,0.605,0.194037876793,full_d,0.95,0.803526122186,0.999998123335,0.814203481473,56,0.126
Fig. 2(b),8,8-QAM,full_state_raw_label_srm,0.95,1.9,0.606,0.193914417036,low_d,0.95,0.803526122186,0.999999259476,0.813679722972,56,0.133
Fig. 2(b),8,8-QAM,full_state_raw_label_srm,0.95,1.9,0.608,0.193663078147,low_d,0.95,0.803526122186,0.999999259516,0.812631222167,56,0.129
Fig. 2(b),8,8-QAM,full_state_raw_label_srm,0.95,1.9,0.61,0.193406599438,low_d,0.95,0.803526122186,0.999999743772,0.81158142266,56,0.129
Fig. 2(b),8,8-QAM,full_state_raw_label_srm,0.95,1.9,0.612,0.193144792648,low_d,0.95,0.803526122186,0.999999298848,0.810530340044,56,0.139
Fig. 2(b),8,8-QAM,full_state_raw_label_srm,0.95,1.9,0.614,0.192878048301,low_d,0.95,0.803526122186,0.999999506041,0.80947798985,56,0.125
Fig. 2(b),8,8-QAM,full_state_raw_label_srm,0.95,1.9,0.615,0.192742826009,full_d,0.95,0.803526122186,0.999999725611,0.808951344247,56,0.125
Fig. 2(b),8,8-QAM,full_state_raw_label_srm,0.95,1.9,0.616,0.192606299637,low_d,0.95,0.803526122186,0.999999582895,0.808424387545,56,0.143
Fig. 2(b),8,8-QAM,full_state_raw_label_srm,0.95,1.9,0.618,0.192329640797,low_d,0.95,0.803526122186,0.99999958093,0.807369548534,56,0.138
Fig. 2(b),8,8-QAM,full_state_raw_label_srm,0.95,1.9,0.62,0.192048144496,low_d,0.95,0.803526122186,0.999999442151,0.806313488153,56,0.131
Fig. 2(b),8,8-QAM,full_state_raw_label_srm,0.95,1.9,0.625,0.191323952043,full_d,0.95,0.803526122186,0.999999358569,0.803668093775,56,0.14
Fig. 2(b),8,8-QAM,full_state_raw_label_srm,0.95,1.9,0.63,0.190571588458,full_d,0.95,0.803526122186,0.999999721627,0.801015397892,56,0.15
Fig. 2(b),8,8-QAM,full_state_raw_label_srm,0.95,1.9,0.635,0.189792146366,full_d,0.95,0.803526122186,0.999999559996,0.798355634588,56,0.151
Fig. 2(b),8,8-QAM,full_state_raw_label_srm,0.95,1.9,0.64,0.188987067892,full_d,0.95,0.803526122186,0.99999981954,0.79568903519,56,0.139
Fig. 2(b),8,8-QAM,full_state_raw_label_srm,0.95,1.9,0.645,0.188157482152,full_d,0.95,0.803526122186,0.999999534037,0.79301582825,56,0.12
Fig. 2(b),8,8-QAM,full_state_raw_label_srm,0.95,1.9,0.65,0.187304262376,full_d,0.95,0.803526122186,0.999997456634,0.790336239449,56,0.142
Fig. 2(b),8,8-QAM,full_state_raw_label_srm,0.95,1.9,0.655,0.186429805047,full_d,0.95,0.803526122186,0.999999609256,0.787650491723,56,0.117
Fig. 2(b),8,8-QAM,full_state_raw_label_srm,0.95,1.9,0.66,0.185534070964,bridge,0.95,0.803526122186,0.999999410561,0.784958805213,56,0.123
Fig. 2(b),8,8-QAM,full_state_raw_label_srm,0.95,1.9,0.665,0.184618718342,full_d,0.95,0.803526122186,0.999999445901,0.782261397346,56,0.15
Fig. 2(b),8,8-QAM,full_state_raw_label_srm,0.95,1.9,0.67,0.183684279557,full_d,0.95,0.803526122186,0.99999632614,0.779558482917,56,0.138
Fig. 2(b),8,8-QAM,full_state_raw_label_srm,0.95,1.9,0.675,0.182733380837,full_d,0.95,0.803526122186,0.99999815713,0.776850274195,56,0.153
Fig. 2(b),8,8-QAM,full_state_raw_label_srm,0.95,1.9,0.68,0.181766058405,full_d,0.95,0.803526122186,0.999999077087,0.774136981056,56,0.127
Fig. 2(b),8,8-QAM,full_state_raw_label_srm,0.95,1.9,0.684,0.180980690928,bridge,0.95,0.803526122186,0.999996820342,0.771962825367,56,0.121
Fig. 2(b),8,8-QAM,full_state_raw_label_srm,0.95,1.9,0.685,0.180783524331,full_d,0.95,0.803526122186,0.99999971791,0.771418811137,56,0.129
Fig. 2(b),8,8-QAM,full_state_raw_label_srm,0.95,1.9,0.69,0.179786704701,full_d,0.95,0.803526122186,0.999999252755,0.768695970013,56,0.118
Fig. 2(b),8,8-QAM,full_state_raw_label_srm,0.95,1.9,0.695,0.178777013378,full_d,0.95,0.803526122186,0.999999686874,0.765968661389,56,0.135
Fig. 2(b),8,8-QAM,full_state_raw_label_srm,0.95,1.9,0.7,0.177755210935,full_d,0.95,0.803526122186,0.999999522592,0.763237087309,56,0.123
Fig. 2(b),8,8-QAM,full_state_raw_label_srm,0.95,1.9,0.705,0.176722354376,full_d,0.95,0.803526122186,0.999999035597,0.760501448374,56,0.127
Fig. 2(b),8,8-QAM,full_state_raw_label_srm,0.95,1.9,0.708,0.176097968969,bridge,0.95,0.803526122186,0.999999861796,0.758858196872,56,0.133
Fig. 2(b),8,8-QAM,full_state_raw_label_srm,0.95,1.9,0.71,0.175679689688,full_d,0.95,0.803526122186,0.999999717971,0.757761943972,56,0.149
Fig. 2(b),8,8-QAM,full_state_raw_label_srm,0.95,1.9,0.715,0.174627854142,full_d,0.95,0.803526122186,0.999999749337,0.755018772501,56,0.13
Fig. 2(b),8,8-QAM,full_state_raw_label_srm,0.95,1.9,0.72,0.173567809656,full_d,0.95,0.803526122186,0.999999275612,0.752272131603,56,0.133
Fig. 2(b),8,8-QAM,full_state_raw_label_srm,0.95,1.9,0.725,0.172500742762,full_d,0.95,0.803526122186,0.999999889734,0.749522218374,56,0.123
Fig. 2(b),8,8-QAM,full_state_raw_label_srm,0.95,1.9,0.73,0.171427203679,full_d,0.95,0.803526122186,0.999999654428,0.746769229576,56,0.13
Fig. 2(b),8,8-QAM,full_state_raw_label_srm,0.95,1.9,0.732,0.170996226712,bridge,0.95,0.803526122186,0.99999965247,0.74566721694,56,0.139
Fig. 2(b),8,8-QAM,full_state_raw_label_srm,0.95,1.9,0.735,0.170348256952,full_d,0.95,0.803526122186,0.999999743826,0.744013361823,56,0.123
Fig. 2(b),8,8-QAM,full_state_raw_label_srm,0.95,1.9,0.74,0.169264700828,full_d,0.95,0.803526122186,0.999999927318,0.741254811745,56,0.137
Fig. 2(b),8,8-QAM,full_state_raw_label_srm,0.95,1.9,0.745,0.168177313021,full_d,0.95,0.803526122186,0.999999981154,0.738493776123,56,0.126
Fig. 2(b),8,8-QAM,full_state_raw_label_srm,0.95,1.9,0.75,0.167086880651,full_d,0.95,0.803526122186,0.999999861559,0.735730451997,56,0.133
Fig. 2(b),8,8-QAM,full_state_raw_label_srm,0.95,1.9,0.755,0.165994242353,full_d,0.95,0.803526122186,0.999999956737,0.732965036729,56,0.133
Fig. 2(b),8,8-QAM,full_state_raw_label_srm,0.95,1.9,0.756,0.165775511275,bridge,0.95,0.803526122186,0.999999969116,0.732411720131,56,0.139
Fig. 2(b),8,8-QAM,full_state_raw_label_srm,0.95,1.9,0.76,0.164900031728,full_d,0.95,0.803526122186,0.999999902211,0.730197732719,56,0.136
Fig. 2(b),8,8-QAM,full_state_raw_label_srm,0.95,1.9,0.765,0.163804734823,full_d,0.95,0.803526122186,0.999997452917,0.727428729238,56,0.123
Fig. 2(b),8,8-QAM,full_state_raw_label_srm,0.95,1.9,0.77,0.16271018485,full_d,0.95,0.803526122186,0.999999733359,0.724658228795,56,0.141
Fig. 2(b),8,8-QAM,full_state_raw_label_srm,0.95,1.9,0.775,0.161615862114,full_d,0.95,0.803526122186,0.999999241432,0.721886429922,56,0.124
Fig. 2(b),8,8-QAM,full_state_raw_label_srm,0.95,1.9,0.78,0.160648764761,bridge,0.95,0.803526122186,0.999999242233,0.719113531191,54,0.123
Fig. 2(b),8,8-QAM,full_state_raw_label_srm,0.95,1.9,0.785,0.159767531205,full_d,0.95,0.803526122186,0.999999959638,0.716339731026,54,0.137
Fig. 2(b),8,8-QAM,full_state_raw_label_srm,0.95,1.9,0.79,0.158889731472,full_d,0.95,0.803526122186,0.999999995028,0.713565227477,54,0.121
Fig. 2(b),8,8-QAM,full_state_raw_label_srm,0.95,1.9,0.795,0.158016074338,full_d,0.95,0.803526122186,0.999999870493,0.710790217953,54,0.137
Fig. 2(b),8,8-QAM,full_state_raw_label_srm,0.95,1.9,0.8,0.157147103598,full_d,0.95,0.803526122186,0.999999113969,0.708014898922,54,0.141
Fig. 2(b),8,8-QAM,full_state_raw_label_srm,0.95,1.9,0.804,0.156455936591,bridge,0.95,0.803526122186,0.999999477444,0.705794552074,54,0.122
Fig. 2(b),8,8-QAM,full_state_raw_label_srm,0.95,1.9,0.805,0.156283733023,full_d,0.95,0.803526122186,0.999999644755,0.705239465578,54,0.137
Fig. 2(b),8,8-QAM,full_state_raw_label_srm,0.95,1.9,0.81,0.15542633761,full_d,0.95,0.803526122186,0.999999984188,0.702464111489,54,0.123
Fig. 2(b),8,8-QAM,full_state_raw_label_srm,0.95,1.9,0.815,0.154575482365,full_d,0.95,0.803526122186,0.999999868676,0.699689028218,54,0.142
Fig. 2(b),8,8-QAM,full_state_raw_label_srm,0.95,1.9,0.82,0.153731876442,full_d,0.95,0.803526122186,0.999999979427,0.69691440493,54,0.12
Fig. 2(b),8,8-QAM,full_state_raw_label_srm,0.95,1.9,0.825,0.153102236145,full_d,0.95,0.803526122186,0.99999992155,0.694140427996,52,0.123
Fig. 2(b),8,8-QAM,full_state_raw_label_srm,0.95,1.9,0.828,0.152740161569,bridge,0.95,0.803526122186,0.999999989453,0.692476428428,52,0.134
Fig. 2(b),8,8-QAM,full_state_raw_label_srm,0.95,1.9,0.83,0.15250040142,full_d,0.95,0.803526122186,0.999999871986,0.691367280582,52,0.137
Fig. 2(b),8,8-QAM,full_state_raw_label_srm,0.95,1.9,0.835,0.151907062449,full_d,0.95,0.803526122186,0.999999985041,0.688595142255,52,0.118
Fig. 2(b),8,8-QAM,full_state_raw_label_srm,0.95,1.9,0.84,0.151322673358,full_d,0.95,0.803526122186,0.99999997344,0.685824188581,52,0.142
Fig. 2(b),8,8-QAM,full_state_raw_label_srm,0.95,1.9,0.845,0.15074773405,full_d,0.95,0.803526122186,0.999999848554,0.683054590746,52,0.128
Fig. 2(b),8,8-QAM,full_state_raw_label_srm,0.95,1.9,0.85,0.150182798287,full_d,0.95,0.803526122186,0.999999983226,0.680286515189,52,0.119
Fig. 2(b),8,8-QAM,full_state_raw_label_srm,0.95,1.9,0.852,0.149959718821,bridge,0.95,0.803526122186,0.999999994262,0.679179747525,52,0.125
Fig. 2(b),8,8-QAM,full_state_raw_label_srm,0.95,1.9,0.855,0.149628304779,full_d,0.95,0.803526122186,0.999999994348,0.677520123261,52,0.127
Fig. 2(b),8,8-QAM,full_state_raw_label_srm,0.95,1.9,0.86,0.149084761991,full_d,0.95,0.803526122186,0.999999974686,0.674755570898,52,0.114
Fig. 2(b),8,8-QAM,full_state_raw_label_srm,0.95,1.9,0.865,0.14855267001,full_d,0.95,0.803526122186,0.999999983479,0.671993008337,52,0.139
Fig. 2(b),8,8-QAM,full_state_raw_label_srm,0.95,1.9,0.87,0.148032505708,full_d,0.95,0.803526122186,0.999999954507,0.669232579848,52,0.136
Fig. 2(b),8,8-QAM,full_state_raw_label_srm,0.95,1.9,0.875,0.147524761199,full_d,0.95,0.803526122186,0.999999964819,0.666474423509,52,0.124
Fig. 2(b),8,8-QAM,full_state_raw_label_srm,0.95,1.9,0.876,0.147424745167,bridge,0.95,0.803526122186,0.999999976485,0.665923076601,52,0.152
Fig. 2(b),8,8-QAM,full_state_raw_label_srm,0.95,1.9,0.88,0.147029906452,full_d,0.95,0.803526122186,0.999999994259,0.663718671004,52,0.131
Fig. 2(b),8,8-QAM,full_state_raw_label_srm,0.95,1.9,0.885,0.146568612663,full_d,0.95,0.803526122186,0.999999995708,0.66096544747,50,0.141
Fig. 2(b),8,8-QAM,full_state_raw_label_srm,0.95,1.9,0.89,0.146300611794,full_d,0.95,0.803526122186,0.999999985554,0.658214871363,48,0.115
Fig. 2(b),8,8-QAM,full_state_raw_label_srm,0.95,1.9,0.895,0.146138770602,full_d,0.95,0.803526122186,0.999999996037,0.655467054373,48,0.134
Fig. 2(b),8,8-QAM,full_state_raw_label_srm,0.95,1.9,0.9,0.145987086609,bridge,0.95,0.803526122186,0.999999998734,0.652722101363,48,0.121
Fig. 2(b),8,8-QAM,full_state_raw_label_srm,0.95,1.9,0.905,0.145845768671,full_d,0.95,0.803526122186,0.999999989471,0.649980110353,48,0.142
Fig. 2(b),8,8-QAM,full_state_raw_label_srm,0.95,1.9,0.91,0.145715014407,full_d,0.95,0.803526122186,0.999999999219,0.647241172527,48,0.111
Fig. 2(b),8,8-QAM,full_state_raw_label_srm,0.95,1.9,0.915,0.145594994146,full_d,0.95,0.803526122186,0.999999999319,0.644505372283,48,0.129
Fig. 2(b),8,8-QAM,full_state_raw_label_srm,0.95,1.9,0.92,0.145485862444,full_d,0.95,0.803526122186,0.999999995601,0.641772787309,48,0.141
Fig. 2(b),8,8-QAM,full_state_raw_label_srm,0.95,1.9,0.924,0.145406486692,bridge,0.95,0.803526122186,0.999999997997,0.639589082312,48,0.131
Fig. 2(b),8,8-QAM,full_state_raw_label_srm,0.95,1.9,0.925,0.145387750105,full_d,0.95,0.803526122186,0.999999988686,0.63904348869,48,0.134
Fig. 2(b),8,8-QAM,full_state_raw_label_srm,0.95,1.9,0.93,0.145300763551,full_d,0.95,0.803526122186,0.99999998436,0.636317541047,48,0.145
Fig. 2(b),8,8-QAM,full_state_raw_label_srm,0.95,1.9,0.935,0.14522498353,full_d,0.95,0.803526122186,0.999999998735,0.633595002706,48,0.133
Fig. 2(b),8,8-QAM,full_state_raw_label_srm,0.95,1.9,0.94,0.145160453336,full_d,0.95,0.803526122186,0.999999990638,0.630875925891,48,0.107
Fig. 2(b),8,8-QAM,full_state_raw_label_srm,0.95,1.9,0.945,0.145107195923,full_d,0.95,0.803526122186,0.999999991874,0.628160356945,48,0.135
Fig. 2(b),8,8-QAM,full_state_raw_label_srm,0.95,1.9,0.948,0.145080648182,bridge,0.95,0.803526122186,0.999999999237,0.626532716516,48,0.117
Fig. 2(b),8,8-QAM,full_state_raw_label_srm,0.95,1.9,0.95,0.145065195403,full_d,0.95,0.803526122186,0.999999991381,0.62544833658,48,0.135
Fig. 2(b),8,8-QAM,full_state_raw_label_srm,0.95,1.9,0.955,0.145034404371,full_d,0.95,0.803526122186,0.999999995954,0.622739900149,48,0.129
Fig. 2(b),8,8-QAM,full_state_raw_label_srm,0.95,1.9,0.96,0.145049079864,full_d,0.95,0.803526122186,0.999999996783,0.620035077946,46,0.125
Fig. 2(b),8,8-QAM,full_state_raw_label_srm,0.95,1.9,0.965,0.145108937865,full_d,0.95,0.803526122186,0.999999997729,0.617333895525,46,0.133
Fig. 2(b),8,8-QAM,full_state_raw_label_srm,0.95,1.9,0.97,0.145178079351,full_d,0.95,0.803526122186,0.999999999747,0.614636374047,46,0.132
Fig. 2(b),8,8-QAM,full_state_raw_label_srm,0.95,1.9,0.972,0.145208299479,bridge,0.95,0.803526122186,0.99999999127,0.613558394485,46,0.152
Fig. 2(b),8,8-QAM,full_state_raw_label_srm,0.95,1.9,0.975,0.145256344022,full_d,0.95,0.803526122186,0.999999998131,0.611942530648,46,0.148
Fig. 2(b),8,8-QAM,full_state_raw_label_srm,0.95,1.9,0.98,0.145369307818,full_d,0.95,0.803526122186,0.999999998844,0.609252378832,44,0.121
Fig. 2(b),8,8-QAM,full_state_raw_label_srm,0.95,1.9,0.985,0.145502736389,full_d,0.95,0.803526122186,0.999999999149,0.606565928885,44,0.127
Fig. 2(b),8,8-QAM,full_state_raw_label_srm,0.95,1.9,0.99,0.145641088922,full_d,0.95,0.803526122186,0.999999998615,0.603883188307,44,0.137
Fig. 2(b),8,8-QAM,full_state_raw_label_srm,0.95,1.9,0.995,0.145784031887,full_d,0.95,0.803526122186,0.999999999795,0.601204162274,44,0.125
Fig. 2(b),8,8-QAM,full_state_raw_label_srm,0.95,1.9,0.996,0.145813138934,bridge,0.95,0.803526122186,0.999999997282,0.600668803132,44,0.14
Fig. 2(b),8,8-QAM,full_state_raw_label_srm,0.95,1.9,1.0,0.145931194416,full_d,0.95,0.803526122186,0.999999999906,0.598528854112,44,0.124
Fig. 2(b),8,8-QAM,full_state_raw_label_srm,0.95,1.9,1.005,0.146082170411,full_d,0.95,0.803526122186,0.999999998911,0.595857265799,44,0.144
Fig. 2(b),8,8-QAM,full_state_raw_label_srm,0.95,1.9,1.01,0.146236519485,full_d,0.95,0.803526122186,0.999999997815,0.593189398482,44,0.129
Fig. 2(b),8,8-QAM,full_state_raw_label_srm,0.95,1.9,1.015,0.146393768589,full_d,0.95,0.803526122186,0.99999999986,0.590525253009,44,0.132
Fig. 2(b),8,8-QAM,full_state_raw_label_srm,0.95,1.9,1.02,0.146636239619,bridge,0.95,0.803526122186,0.99999999984,0.58786483049,46,0.13
Fig. 2(b),8,8-QAM,full_state_raw_label_srm,0.95,1.9,1.025,0.14702724789,full_d,0.95,0.803526122186,0.999999999876,0.58520813286,46,0.119
Fig. 2(b),8,8-QAM,full_state_raw_label_srm,0.95,1.9,1.03,0.147414263576,full_d,0.95,0.803526122186,0.999999999938,0.582555163465,46,0.142
Fig. 2(b),8,8-QAM,full_state_raw_label_srm,0.95,1.9,1.035,0.147796795856,full_d,0.95,0.803526122186,0.999999999886,0.579905927657,46,0.131
Fig. 2(b),8,8-QAM,full_state_raw_label_srm,0.95,1.9,1.04,0.148174335507,full_d,0.95,0.803526122186,0.999999999684,0.577260433398,46,0.124
Fig. 2(b),8,8-QAM,full_state_raw_label_srm,0.95,1.9,1.044,0.148472420093,bridge,0.95,0.803526122186,0.999999999518,0.575146739297,46,0.136
Fig. 2(b),8,8-QAM,full_state_raw_label_srm,0.95,1.9,1.045,0.148546357368,full_d,0.95,0.803526122186,0.999999999543,0.574618691871,46,0.12
Fig. 2(b),8,8-QAM,full_state_raw_label_srm,0.95,1.9,1.05,0.148912322932,full_d,0.95,0.803526122186,0.999999999967,0.571980718097,46,0.156
Fig. 2(b),8,8-QAM,full_state_raw_label_srm,0.95,1.9,1.055,0.149271682736,full_d,0.95,0.803526122186,0.999999999586,0.569346531545,46,0.133
Fig. 2(b),8,8-QAM,full_state_raw_label_srm,0.95,1.9,1.06,0.149623879831,full_d,0.95,0.803526122186,0.999999999441,0.566716156747,46,0.148
Fig. 2(b),8,8-QAM,full_state_raw_label_srm,0.95,1.9,1.065,0.149968352243,full_d,0.95,0.803526122186,0.999999999936,0.564089623897,46,0.149
Fig. 2(b),8,8-QAM,full_state_raw_label_srm,0.95,1.9,1.068,0.150171093133,bridge,0.95,0.803526122186,0.999999999942,0.562515563207,46,0.13
Fig. 2(b),8,8-QAM,full_state_raw_label_srm,0.95,1.9,1.07,0.150304535839,full_d,0.95,0.803526122186,0.999999999954,0.561466969443,46,0.132
Fig. 2(b),8,8-QAM,full_state_raw_label_srm,0.95,1.9,1.075,0.150631867817,full_d,0.95,0.803526122186,0.999999999937,0.558848236656,46,0.121
Fig. 2(b),8,8-QAM,full_state_raw_label_srm,0.95,1.9,1.08,0.150949789434,full_d,0.95,0.803526122186,0.999999999718,0.556233476179,46,0.126
Fig. 2(b),8,8-QAM,full_state_raw_label_srm,0.95,1.9,1.085,0.151257749295,full_d,0.95,0.803526122186,0.999999999981,0.553622746549,46,0.141
Fig. 2(b),8,8-QAM,full_state_raw_label_srm,0.95,1.9,1.09,0.151555206005,full_d,0.95,0.803526122186,0.999999999719,0.551016114679,46,0.136
Fig. 2(b),8,8-QAM,full_state_raw_label_srm,0.95,1.9,1.092,0.151671129102,bridge,0.95,0.803526122186,0.999999999954,0.549974625964,46,0.142
Fig. 2(b),8,8-QAM,full_state_raw_label_srm,0.95,1.9,1.095,0.151846124616,full_d,0.95,0.803526122186,0.999999999686,0.548413656308,48,0.129
Fig. 2(b),8,8-QAM,full_state_raw_label_srm,0.95,1.9,1.1,0.152163872972,full_d,0.95,0.803526122186,0.999999999954,0.545815456399,48,0.118
Fig. 2(b),8,8-QAM,full_state_raw_label_srm,0.95,1.9,1.105,0.152472795758,full_d,0.95,0.803526122186,0.999999999952,0.54322160949,48,0.126
Fig. 2(b),8,8-QAM,full_state_raw_label_srm,0.95,1.9,1.11,0.152772365438,full_d,0.95,0.803526122186,0.999999999882,0.540632219985,48,0.123
Fig. 2(b),8,8-QAM,full_state_raw_label_srm,0.95,1.9,1.115,0.15306207447,full_d,0.95,0.803526122186,0.999999999978,0.53804740239,48,0.133
Fig. 2(b),8,8-QAM,full_state_raw_label_srm,0.95,1.9,1.116,0.153118789865,bridge,0.95,0.803526122186,0.999999999885,0.537530998299,48,0.143
Fig. 2(b),8,8-QAM,full_state_raw_label_srm,0.95,1.9,1.12,0.153341437678,full_d,0.95,0.803526122186,0.999999999986,0.535467281478,48,0.141
Fig. 2(b),8,8-QAM,full_state_raw_label_srm,0.95,1.9,1.125,0.153615976892,full_d,0.95,0.803526122186,0.999999999988,0.532891992382,50,0.125
Fig. 2(b),8,8-QAM,full_state_raw_label_srm,0.95,1.9,1.13,0.153965902721,full_d,0.95,0.803526122186,0.99999999992,0.530321680619,50,0.116
Fig. 2(b),8,8-QAM,full_state_raw_label_srm,0.95,1.9,1.135,0.154307324658,full_d,0.95,0.803526122186,0.999999999994,0.527756502034,50,0.132
Fig. 2(b),8,8-QAM,full_state_raw_label_srm,0.95,1.9,1.14,0.154639784181,bridge,0.95,0.803526122186,0.999999999991,0.525196622667,50,0.125
Fig. 2(b),8,8-QAM,full_state_raw_label_srm,0.95,1.9,1.145,0.154969894851,full_d,0.95,0.803526122186,0.999999999978,0.522642218536,48,0.141
Fig. 2(b),8,8-QAM,full_state_raw_label_srm,0.95,1.9,1.15,0.155352349098,full_d,0.95,0.803526122186,0.999999999981,0.520093475344,50,0.131
Fig. 2(b),8,8-QAM,full_state_raw_label_srm,0.95,1.9,1.155,0.155960651991,full_d,0.95,0.803526122186,0.999999999976,0.517550588102,50,0.127
Fig. 2(b),8,8-QAM,full_state_raw_label_srm,0.95,1.9,1.16,0.156546013807,full_d,0.95,0.803526122186,0.99999999998,0.51501376067,50,0.143
Fig. 2(b),8,8-QAM,full_state_raw_label_srm,0.95,1.9,1.164,0.156997642662,bridge,0.95,0.803526122186,0.999999999978,0.512988804113,50,0.134
Fig. 2(b),8,8-QAM,full_state_raw_label_srm,0.95,1.9,1.165,0.157108224104,full_d,0.95,0.803526122186,0.999999999982,0.512483205235,50,0.123
Fig. 2(b),8,8-QAM,full_state_raw_label_srm,0.95,1.9,1.17,0.157647120073,full_d,0.95,0.803526122186,0.999999999987,0.509959141695,50,0.134
Fig. 2(b),8,8-QAM,full_state_raw_label_srm,0.95,1.9,1.175,0.158162585941,full_d,0.95,0.803526122186,0.999999999996,0.507441796995,50,0.139
Fig. 2(b),8,8-QAM,full_state_raw_label_srm,0.95,1.9,1.18,0.158654552151,full_d,0.95,0.803526122186,0.99999999999,0.504931404384,50,0.141
Fig. 2(b),8,8-QAM,full_state_raw_label_srm,0.95,1.9,1.185,0.159122994362,full_d,0.95,0.803526122186,0.99999999998,0.502428202621,50,0.149
Fig. 2(b),8,8-QAM,full_state_raw_label_srm,0.95,1.9,1.188,0.159392774569,bridge,0.95,0.803526122186,0.999999999978,0.500929834268,50,0.143
Fig. 2(b),8,8-QAM,full_state_raw_label_srm,0.95,1.9,1.19,0.159567932268,full_d,0.95,0.803526122186,0.999999999991,0.499932435132,50,0.123
Fig. 2(b),8,8-QAM,full_state_raw_label_srm,0.95,1.9,1.195,0.159989428238,full_d,0.95,0.803526122186,0.999999999997,0.49744434912,50,0.122
Fig. 2(b),8,8-QAM,full_state_raw_label_srm,0.95,1.9,1.2,0.160387585835,full_d,0.95,0.803526122186,0.999999999972,0.494964194636,50,0.142
Fig. 2(b),8,8-QAM,full_state_raw_label_srm,0.95,1.9,1.205,0.160762548216,full_d,0.95,0.803526122186,0.999999999993,0.492492223632,50,0.12
Fig. 2(b),8,8-QAM,full_state_raw_label_srm,0.95,1.9,1.21,0.16111449637,full_d,0.95,0.803526122186,0.999999999993,0.490028688988,50,0.131
Fig. 2(b),8,8-QAM,full_state_raw_label_srm,0.95,1.9,1.212,0.161248879098,bridge,0.95,0.803526122186,0.999999999998,0.489045693969,50,0.127
Fig. 2(b),8,8-QAM,full_state_raw_label_srm,0.95,1.9,1.215,0.161443647339,full_d,0.95,0.803526122186,0.999999999991,0.48757384353,50,0.126
Fig. 2(b),8,8-QAM,full_state_raw_label_srm,0.95,1.9,1.22,0.161750252315,full_d,0.95,0.803526122186,0.999999999996,0.485127939044,50,0.137
Fig. 2(b),8,8-QAM,full_state_raw_label_srm,0.95,1.9,1.225,0.162034594697,full_d,0.95,0.803526122186,0.999999999987,0.482691225308,50,0.133
Fig. 2(b),8,8-QAM,full_state_raw_label_srm,0.95,1.9,1.23,0.162296988121,full_d,0.95,0.803526122186,0.999999999995,0.480263949119,50,0.125
Fig. 2(b),8,8-QAM,full_state_raw_label_srm,0.95,1.9,1.235,0.162537774444,full_d,0.95,0.803526122186,0.999999999999,0.477846353363,50,0.136
Fig. 2(b),8,8-QAM,full_state_raw_label_srm,0.95,1.9,1.236,0.162583370808,bridge,0.95,0.803526122186,0.999999999998,0.477364016909,50,0.137
Fig. 2(b),8,8-QAM,full_state_raw_label_srm,0.95,1.9,1.24,0.162757321743,full_d,0.95,0.803526122186,0.999999999998,0.475438676104,50,0.136
Fig. 2(b),8,8-QAM,full_state_raw_label_srm,0.95,1.9,1.245,0.162956022308,full_d,0.95,0.803526122186,0.999999999997,0.473041149711,50,0.123
Fig. 2(b),8,8-QAM,full_state_raw_label_srm,0.95,1.9,1.25,0.163134290661,full_d,0.95,0.803526122186,0.999999999991,0.47065400003,50,0.141
Fig. 2(b),8,8-QAM,full_state_raw_label_srm,0.95,1.9,1.255,0.163292561607,full_d,0.95,0.803526122186,0.999999999998,0.468277445603,50,0.129
Fig. 2(b),8,8-QAM,full_state_raw_label_srm,0.95,1.9,1.26,0.163431288313,bridge,0.95,0.803526122186,0.999999999998,0.465911696943,50,0.124
Fig. 2(b),8,8-QAM,full_state_raw_label_srm,0.95,1.9,1.265,0.163550940463,full_d,0.95,0.803526122186,0.999999999998,0.463556955861,50,0.112
Fig. 2(b),8,8-QAM,full_state_raw_label_srm,0.95,1.9,1.27,0.163652002456,full_d,0.95,0.803526122186,0.999999999997,0.46121341486,50,0.136
Fig. 2(b),8,8-QAM,full_state_raw_label_srm,0.95,1.9,1.275,0.163734971672,full_d,0.95,0.803526122186,0.999999999999,0.458881256582,50,0.129
Fig. 2(b),8,8-QAM,full_state_raw_label_srm,0.95,1.9,1.28,0.163800356813,full_d,0.95,0.803526122186,0.999999999997,0.456560653328,50,0.142
Fig. 2(b),8,8-QAM,full_state_raw_label_srm,0.95,1.9,1.284,0.163840352498,bridge,0.95,0.803526122186,0.999999999999,0.454712599267,50,0.138
Fig. 2(b),8,8-QAM,full_state_raw_label_srm,0.95,1.9,1.285,0.163848676323,full_d,0.95,0.803526122186,0.999999999996,0.454251766637,50,0.134
Fig. 2(b),8,8-QAM,full_state_raw_label_srm,0.95,1.9,1.29,0.16388045688,full_d,0.95,0.803526122186,0.999999999997,0.451954746935,50,0.122
Fig. 2(b),8,8-QAM,full_state_raw_label_srm,0.95,1.9,1.295,0.163896231973,full_d,0.95,0.803526122186,0.999999999999,0.449669733242,50,0.136
Fig. 2(b),8,8-QAM,full_state_raw_label_srm,0.95,1.9,1.3,0.163896540559,full_d,0.95,0.803526122186,0.999999999995,0.447396852948,50,0.13
Fig. 2(b),8,8-QAM,full_state_raw_label_srm,0.95,1.9,1.305,0.163881925809,full_d,0.95,0.803526122186,0.999999999998,0.445136221649,50,0.141
Fig. 2(b),8,8-QAM,full_state_raw_label_srm,0.95,1.9,1.308,0.163866220883,bridge,0.95,0.803526122186,0.999999999999,0.44378576602,50,0.137
Fig. 2(b),8,8-QAM,full_state_raw_label_srm,0.95,1.9,1.31,0.163852933919,full_d,0.95,0.803526122186,0.999999999998,0.442887943039,50,0.146
Fig. 2(b),8,8-QAM,full_state_raw_label_srm,0.95,1.9,1.315,0.163810113016,full_d,0.95,0.803526122186,0.999999999999,0.440652108865,50,0.138
Fig. 2(b),8,8-QAM,full_state_raw_label_srm,0.95,1.9,1.32,0.163754012129,full_d,0.95,0.803526122186,0.999999999999,0.438428798935,50,0.142
Fig. 2(b),8,8-QAM,full_state_raw_label_srm,0.95,1.9,1.325,0.163685180241,full_d,0.95,0.803526122186,0.999999999999,0.436218081173,50,0.137
Fig. 2(b),8,8-QAM,full_state_raw_label_srm,0.95,1.9,1.33,0.163604165403,full_d,0.95,0.803526122186,0.999999999999,0.434020011726,50,0.144
Fig. 2(b),8,8-QAM,full_state_raw_label_srm,0.95,1.9,1.332,0.163568470691,bridge,0.95,0.803526122186,0.999999999999,0.433144335835,50,0.147
Fig. 2(b),8,8-QAM,full_state_raw_label_srm,0.95,1.9,1.335,0.163511513924,full_d,0.95,0.803526122186,0.999999999999,0.431834635117,50,0.134
Fig. 2(b),8,8-QAM,full_state_raw_label_srm,0.95,1.9,1.34,0.163407769612,full_d,0.95,0.803526122186,0.999999999999,0.429661984435,50,0.129
Fig. 2(b),8,8-QAM,full_state_raw_label_srm,0.95,1.9,1.345,0.163293473082,full_d,0.95,0.803526122186,0.999999999999,0.427502081568,50,0.132
Fig. 2(b),8,8-QAM,full_state_raw_label_srm,0.95,1.9,1.35,0.163169161112,full_d,0.95,0.803526122186,1.0,0.425354937466,50,0.125
Fig. 2(b),8,8-QAM,full_state_raw_label_srm,0.95,1.9,1.355,0.163055347751,full_d,0.95,0.803526122186,1.0,0.423220552439,52,0.136
Fig. 2(b),8,8-QAM,full_state_raw_label_srm,0.95,1.9,1.356,0.163047764044,bridge,0.95,0.803526122186,0.999999999998,0.42279520582,52,0.13
Fig. 2(b),8,8-QAM,full_state_raw_label_srm,0.95,1.9,1.36,0.163012872607,full_d,0.95,0.803526122186,0.999999999999,0.421098916481,52,0.139
Fig. 2(b),8,8-QAM,full_state_raw_label_srm,0.95,1.9,1.365,0.16295944551,full_d,0.95,0.803526122186,0.999999999999,0.418990009621,52,0.133
Fig. 2(b),8,8-QAM,full_state_raw_label_srm,0.95,1.9,1.37,0.162895792112,full_d,0.95,0.803526122186,0.999999999999,0.416893802295,52,0.127
Fig. 2(b),8,8-QAM,full_state_raw_label_srm,0.95,1.9,1.375,0.163022131188,full_d,0.95,0.803526122186,0.999999999999,0.414810255739,54,0.132
Fig. 2(b),8,8-QAM,full_state_raw_label_srm,0.95,1.9,1.38,0.163195020113,bridge,0.95,0.803526122186,0.999999999999,0.412739322396,54,0.131
Fig. 2(b),8,8-QAM,full_state_raw_label_srm,0.95,1.9,1.385,0.163361861806,full_d,0.95,0.803526122186,1.0,0.410680946346,54,0.133
Fig. 2(b),8,8-QAM,full_state_raw_label_srm,0.95,1.9,1.39,0.163523110817,full_d,0.95,0.803526122186,1.0,0.408635063739,54,0.142
Fig. 2(b),8,8-QAM,full_state_raw_label_srm,0.95,1.9,1.395,0.163679203921,full_d,0.95,0.803526122186,1.0,0.406601603249,54,0.119
Fig. 2(b),8,8-QAM,full_state_raw_label_srm,0.95,1.9,1.4,0.16383055975,full_d,0.95,0.803526122186,1.0,0.404580486528,54,0.121
Fig. 2(b),8,8-QAM,full_state_raw_label_srm,0.95,1.9,1.404,0.163948503122,bridge,0.95,0.803526122186,1.0,0.402972423821,54,0.14
Fig. 2(b),8,8-QAM,full_state_raw_label_srm,0.95,1.9,1.405,0.163977578483,full_d,0.95,0.803526122186,1.0,0.402571628678,54,0.133
Fig. 2(b),8,8-QAM,full_state_raw_label_srm,0.95,1.9,1.41,0.164120641599,full_d,0.95,0.803526122186,1.0,0.400574938723,54,0.134
Fig. 2(b),8,8-QAM,full_state_raw_label_srm,0.95,1.9,1.415,0.164280517348,full_d,0.95,0.803526122186,1.0,0.398590320092,56,0.131
Fig. 2(b),8,8-QAM,full_state_raw_label_srm,0.95,1.9,1.42,0.164471729187,full_d,0.95,0.803526122186,1.0,0.396617671098,56,0.143
Fig. 2(b),8,8-QAM,full_state_raw_label_srm,0.95,1.9,1.425,0.164661822699,full_d,0.95,0.803526122186,1.0,0.394656885435,56,0.122
Fig. 2(b),8,8-QAM,full_state_raw_label_srm,0.95,1.9,1.428,0.16477544902,bridge,0.95,0.803526122186,1.0,0.393486062649,56,0.135
Fig. 2(b),8,8-QAM,full_state_raw_label_srm,0.95,1.9,1.43,0.16485105295,full_d,0.95,0.803526122186,1.0,0.392707852662,56,0.133
Fig. 2(b),8,8-QAM,full_state_raw_label_srm,0.95,1.9,1.435,0.165039653337,full_d,0.95,0.803526122186,1.0,0.390770458702,56,0.132
Fig. 2(b),8,8-QAM,full_state_raw_label_srm,0.95,1.9,1.44,0.165227835796,full_d,0.95,0.803526122186,1.0,0.388844586335,56,0.135
Fig. 2(b),8,8-QAM,full_state_raw_label_srm,0.95,1.9,1.445,0.165415791075,full_d,0.95,0.803526122186,1.0,0.38693011569,56,0.132
Fig. 2(b),8,8-QAM,full_state_raw_label_srm,0.95,1.9,1.45,0.165603689066,full_d,0.95,0.803526122186,1.0,0.385026924746,56,0.138
Fig. 2(b),8,8-QAM,full_state_raw_label_srm,0.95,1.9,1.452,0.165678866373,bridge,0.95,0.803526122186,1.0,0.384268779023,56,0.135
Fig. 2(b),8,8-QAM,full_state_raw_label_srm,0.95,1.9,1.455,0.165791679202,full_d,0.95,0.803526122186,1.0,0.383134889816,56,0.148
Fig. 2(b),8,8-QAM,full_state_raw_label_srm,0.95,1.9,1.46,0.1659798909,full_d,0.95,0.803526122186,1.0,0.381253886042,56,0.132
Fig. 2(b),8,8-QAM,full_state_raw_label_srm,0.95,1.9,1.465,0.166216073816,full_d,0.95,0.803526122186,1.0,0.379383787877,58,0.136
Fig. 2(b),8,8-QAM,full_state_raw_label_srm,0.95,1.9,1.47,0.166489828006,full_d,0.95,0.803526122186,1.0,0.377524469565,58,0.14
Fig. 2(b),8,8-QAM,full_state_raw_label_srm,0.95,1.9,1.475,0.166764998808,full_d,0.95,0.803526122186,1.0,0.375675805613,58,0.129
Fig. 2(b),8,8-QAM,full_state_raw_label_srm,0.95,1.9,1.476,0.166820201392,bridge,0.95,0.803526122186,1.0,0.375307340349,58,0.124
Fig. 2(b),8,8-QAM,full_state_raw_label_srm,0.95,1.9,1.48,0.1671072352,full_d,0.95,0.803526122186,1.0,0.373837671256,60,0.124
Fig. 2(b),8,8-QAM,full_state_raw_label_srm,0.95,1.9,1.485,0.167708478715,full_d,0.95,0.803526122186,1.0,0.372009942906,60,0.123
Fig. 2(b),8,8-QAM,full_state_raw_label_srm,0.95,1.9,1.49,0.168309617492,full_d,0.95,0.803526122186,1.0,0.370192498596,60,0.144
Fig. 2(b),8,8-QAM,full_state_raw_label_srm,0.95,1.9,1.495,0.168910262597,full_d,0.95,0.803526122186,1.0,0.368385218406,60,0.121
Fig. 2(b),8,8-QAM,full_state_raw_label_srm,0.95,1.9,1.5,0.169510012245,bridge,0.95,0.803526122186,1.0,0.366587984871,60,0.135
Fig. 2(b),8,8-QAM,full_state_raw_label_srm,0.95,1.9,1.505,0.170108453612,full_d,0.95,0.803526122186,1.0,0.364800683374,60,0.132
Fig. 2(b),8,8-QAM,full_state_raw_label_srm,0.95,1.9,1.51,0.170705164678,full_d,0.95,0.803526122186,1.0,0.363023202517,60,0.146
Fig. 2(b),8,8-QAM,full_state_raw_label_srm,0.95,1.9,1.515,0.171299716074,full_d,0.95,0.803526122186,1.0,0.361255434468,60,0.134
Fig. 2(b),8,8-QAM,full_state_raw_label_srm,0.95,1.9,1.52,0.171891672916,full_d,0.95,0.803526122186,1.0,0.359497275285,60,0.139
Fig. 2(b),8,8-QAM,full_state_raw_label_srm,0.95,1.9,1.524,0.172363075559,bridge,0.95,0.803526122186,1.0,0.358097599141,60,0.139
Fig. 2(b),8,8-QAM,full_state_raw_label_srm,0.95,1.9,1.525,0.172480596493,full_d,0.95,0.803526122186,1.0,0.357748625216,60,0.13
Fig. 2(b),8,8-QAM,full_state_raw_label_srm,0.95,1.9,1.53,0.173066047413,full_d,0.95,0.803526122186,1.0,0.35600938896,60,0.126
Fig. 2(b),8,8-QAM,full_state_raw_label_srm,0.95,1.9,1.535,0.173647588411,full_d,0.95,0.803526122186,1.0,0.35427947591,60,0.127
Fig. 2(b),8,8-QAM,full_state_raw_label_srm,0.95,1.9,1.54,0.174336415871,full_d,0.95,0.803526122186,1.0,0.352558800354,62,0.139
Fig. 2(b),8,8-QAM,full_state_raw_label_srm,0.95,1.9,1.545,0.175081849996,full_d,0.95,0.803526122186,1.0,0.350847281649,62,0.136
Fig. 2(b),8,8-QAM,full_state_raw_label_srm,0.95,1.9,1.548,0.175525815218,bridge,0.95,0.803526122186,1.0,0.349824734113,62,0.145
Fig. 2(b),8,8-QAM,full_state_raw_label_srm,0.95,1.9,1.55,0.175820358476,full_d,0.95,0.803526122186,1.0,0.349144844357,62,0.129
Fig. 2(b),8,8-QAM,full_state_raw_label_srm,0.95,1.9,1.555,0.176724861157,full_d,0.95,0.803526122186,1.0,0.347451418341,64,0.132
Fig. 2(b),8,8-QAM,full_state_raw_label_srm,0.95,1.9,1.56,0.177621645077,full_d,0.95,0.803526122186,1.0,0.345766938833,64,0.146
Fig. 2(b),8,8-QAM,full_state_raw_label_srm,0.95,1.9,1.565,0.17850852346,full_d,0.95,0.803526122186,1.0,0.344091346462,64,0.14
Fig. 2(b),8,8-QAM,full_state_raw_label_srm,0.95,1.9,1.57,0.179385057583,full_d,0.95,0.803526122186,1.0,0.342424587238,64,0.159
Fig. 2(b),8,8-QAM,full_state_raw_label_srm,0.95,1.9,1.572,0.179732680211,bridge,0.95,0.803526122186,1.0,0.341760345754,64,0.126
Fig. 2(b),8,8-QAM,full_state_raw_label_srm,0.95,1.9,1.575,0.180250828117,full_d,0.95,0.803526122186,1.0,0.340766612511,64,0.134
Fig. 2(b),8,8-QAM,full_state_raw_label_srm,0.95,1.9,1.58,0.181105437504,full_d,0.95,0.803526122186,1.0,0.339117378887,64,0.155
Fig. 2(b),8,8-QAM,full_state_raw_label_srm,0.95,1.9,1.585,0.181948514401,full_d,0.95,0.803526122186,1.0,0.337476848107,64,0.144
Fig. 2(b),8,8-QAM,full_state_raw_label_srm,0.95,1.9,1.59,0.18277972167,full_d,0.95,0.803526122186,1.0,0.335844986903,64,0.147
Fig. 2(b),8,8-QAM,full_state_raw_label_srm,0.95,1.9,1.595,0.183598756243,full_d,0.95,0.803526122186,1.0,0.334221766807,64,0.135
Fig. 2(b),8,8-QAM,full_state_raw_label_srm,0.95,1.9,1.596,0.183761077929,bridge,0.95,0.803526122186,1.0,0.333898157542,64,0.132
Fig. 2(b),8,8-QAM,full_state_raw_label_srm,0.95,1.9,1.6,0.184405346303,full_d,0.95,0.803526122186,1.0,0.332607163945,64,0.13
Fig. 2(b),8,8-QAM,full_state_raw_label_srm,0.95,1.9,1.605,0.185199253819,full_d,0.95,0.803526122186,1.0,0.331001158791,64,0.14
Fig. 2(b),8,8-QAM,full_state_raw_label_srm,0.95,1.9,1.61,0.185980274049,full_d,0.95,0.803526122186,1.0,0.329403735904,64,0.143
Fig. 2(b),8,8-QAM,full_state_raw_label_srm,0.95,1.9,1.615,0.186748232742,full_d,0.95,0.803526122186,1.0,0.327814883636,64,0.133
Fig. 2(b),8,8-QAM,full_state_raw_label_srm,0.95,1.9,1.62,0.187502984585,bridge,0.95,0.803526122186,1.0,0.326234593826,64,0.121
Fig. 2(b),8,8-QAM,full_state_raw_label_srm,0.95,1.9,1.625,0.188244411671,full_d,0.95,0.803526122186,1.0,0.324662861474,64,0.142
Fig. 2(b),8,8-QAM,full_state_raw_label_srm,0.95,1.9,1.63,0.188972421829,full_d,0.95,0.803526122186,1.0,0.323099684396,64,0.133
Fig. 2(b),8,8-QAM,full_state_raw_label_srm,0.95,1.9,1.635,0.189686946802,full_d,0.95,0.803526122186,1.0,0.321545062879,64,0.144
Fig. 2(b),8,8-QAM,full_state_raw_label_srm,0.95,1.9,1.64,0.190387940303,full_d,0.95,0.803526122186,1.0,0.31999899932,64,0.136
Fig. 2(b),8,8-QAM,full_state_raw_label_srm,0.95,1.9,1.645,0.191075375999,full_d,0.95,0.803526122186,1.0,0.318461497858,64,0.132
Fig. 2(b),8,8-QAM,full_state_raw_label_srm,0.95,1.9,1.65,0.191749245435,full_d,0.95,0.803526122186,1.0,0.316932564017,64,0.14
Fig. 2(b),8,8-QAM,full_state_raw_label_srm,0.95,1.9,1.655,0.192409555917,full_d,0.95,0.803526122186,1.0,0.315412204334,64,0.129
Fig. 2(b),8,8-QAM,full_state_raw_label_srm,0.95,1.9,1.66,0.19305632838,full_d,0.95,0.803526122186,1.0,0.313900426002,64,0.14
Fig. 2(b),8,8-QAM,full_state_raw_label_srm,0.95,1.9,1.665,0.193689595254,full_d,0.95,0.803526122186,1.0,0.312397236515,64,0.158
Fig. 2(b),8,8-QAM,full_state_raw_label_srm,0.95,1.9,1.67,0.194309398355,full_d,0.95,0.803526122186,1.0,0.310902643327,64,0.129
Fig. 2(b),8,8-QAM,full_state_raw_label_srm,0.95,1.9,1.675,0.1949157868,full_d,0.95,0.803526122186,1.0,0.309416653512,64,0.147
Fig. 2(b),8,8-QAM,full_state_raw_label_srm,0.95,1.9,1.68,0.195508814977,high_d,0.95,0.803526122186,1.0,0.30793927345,64,0.138
Fig. 2(b),8,8-QAM,full_state_raw_label_srm,0.95,1.9,1.683,0.195858242868,high_d,0.95,0.803526122186,1.0,0.307056980385,64,0.123
Fig. 2(b),8,8-QAM,full_state_raw_label_srm,0.95,1.9,1.685,0.196088540563,full_d,0.95,0.803526122186,1.0,0.306470508525,64,0.124
Fig. 2(b),8,8-QAM,full_state_raw_label_srm,0.95,1.9,1.686,0.196202894563,high_d,0.95,0.803526122186,1.0,0.306177789742,64,0.127
Fig. 2(b),8,8-QAM,full_state_raw_label_srm,0.95,1.9,1.689,0.196542782859,high_d,0.95,0.803526122186,1.0,0.305301702284,64,0.145
Fig. 2(b),8,8-QAM,full_state_raw_label_srm,0.95,1.9,1.69,0.196655022623,full_d,0.95,0.803526122186,1.0,0.30501036283,64,0.131
Fig. 2(b),8,8-QAM,full_state_raw_label_srm,0.95,1.9,1.692,0.196877920447,high_d,0.95,0.803526122186,1.0,0.304428718564,64,0.14
Fig. 2(b),8,8-QAM,full_state_raw_label_srm,0.95,1.9,1.695,0.197208319778,high_d,0.95,0.803526122186,1.0,0.303558838908,64,0.145
Fig. 2(b),8,8-QAM,full_state_raw_label_srm,0.95,1.9,1.698,0.197533992929,high_d,0.95,0.803526122186,1.0,0.302692063397,64,0.126
Fig. 2(b),8,8-QAM,full_state_raw_label_srm,0.95,1.9,1.7,0.197748488449,full_d,0.95,0.803526122186,1.0,0.302115937503,64,0.139
Fig. 2(b),8,8-QAM,full_state_raw_label_srm,0.95,1.9,1.701,0.197854951477,high_d,0.95,0.803526122186,1.0,0.301828391848,64,0.143
Fig. 2(b),8,8-QAM,full_state_raw_label_srm,0.95,1.9,1.704,0.198171206375,high_d,0.95,0.803526122186,1.0,0.3009678238,64,0.129
Fig. 2(b),8,8-QAM,full_state_raw_label_srm,0.95,1.9,1.705,0.198275581207,full_d,0.95,0.803526122186,1.0,0.300681657329,64,0.13
Fig. 2(b),8,8-QAM,full_state_raw_label_srm,0.95,1.9,1.707,0.198482767834,high_d,0.95,0.803526122186,1.0,0.300110358497,64,0.135
Fig. 2(b),8,8-QAM,full_state_raw_label_srm,0.95,1.9,1.71,0.19878964521,high_d,0.95,0.803526122186,1.0,0.299255994875,64,0.125
Fig. 2(b),8,8-QAM,full_state_raw_label_srm,0.95,1.9,1.713,0.199091846895,high_d,0.95,0.803526122186,1.0,0.29840473155,64,0.137
Fig. 2(b),8,8-QAM,full_state_raw_label_srm,0.95,1.9,1.715,0.199290720745,full_d,0.95,0.803526122186,1.0,0.297838944219,64,0.152
Fig. 2(b),8,8-QAM,full_state_raw_label_srm,0.95,1.9,1.716,0.199389380216,high_d,0.95,0.803526122186,1.0,0.297556566803,64,0.143
Fig. 2(b),8,8-QAM,full_state_raw_label_srm,0.95,1.9,1.719,0.19968225133,high_d,0.95,0.803526122186,1.0,0.296711498574,64,0.143
Fig. 2(b),8,8-QAM,full_state_raw_label_srm,0.95,1.9,1.72,0.199778839874,full_d,0.95,0.803526122186,1.0,0.296430496872,64,0.144
Fig. 2(b),8,8-QAM,full_state_raw_label_srm,0.95,1.9,1.722,0.199970465137,high_d,0.95,0.803526122186,1.0,0.295869524448,64,0.142
Fig. 2(b),8,8-QAM,full_state_raw_label_srm,0.95,1.9,1.725,0.200254025189,high_d,0.95,0.803526122186,1.0,0.295030641651,64,0.122
Fig. 2(b),8,8-QAM,full_state_raw_label_srm,0.95,1.9,1.728,0.200532933609,high_d,0.95,0.803526122186,1.0,0.294194847037,64,0.124
Fig. 2(b),8,8-QAM,full_state_raw_label_srm,0.95,1.9,1.73,0.200716288681,full_d,0.95,0.803526122186,1.0,0.293639364563,64,0.199
Fig. 2(b),8,8-QAM,full_state_raw_label_srm,0.95,1.9,1.731,0.200807191007,high_d,0.95,0.803526122186,1.0,0.293362137088,64,0.138
Fig. 2(b),8,8-QAM,full_state_raw_label_srm,0.95,1.9,1.734,0.20107679641,high_d,0.95,0.803526122186,1.0,0.292532507905,64,0.128
Fig. 2(b),8,8-QAM,full_state_raw_label_srm,0.95,1.9,1.735,0.201165630697,full_d,0.95,0.803526122186,1.0,0.29225664873,64,0.2
Fig. 2(b),8,8-QAM,full_state_raw_label_srm,0.95,1.9,1.737,0.201341747197,high_d,0.95,0.803526122186,1.0,0.291705955207,64,0.139
Fig. 2(b),8,8-QAM,full_state_raw_label_srm,0.95,1.9,1.74,0.20160203903,high_d,0.95,0.803526122186,1.0,0.290882474324,64,0.147
Fig. 2(b),8,8-QAM,full_state_raw_label_srm,0.95,1.9,1.743,0.201857665802,high_d,0.95,0.803526122186,1.0,0.2900620602,64,0.154
Fig. 2(b),8,8-QAM,full_state_raw_label_srm,0.95,1.9,1.745,0.202025488109,full_d,0.95,0.803526122186,1.0,0.289516818533,64,0.21
Fig. 2(b),8,8-QAM,full_state_raw_label_srm,0.95,1.9,1.746,0.202108619581,high_d,0.95,0.803526122186,1.0,0.289244707391,64,0.15
Fig. 2(b),8,8-QAM,full_state_raw_label_srm,0.95,1.9,1.749,0.202354890564,high_d,0.95,0.803526122186,1.0,0.288430410066,64,0.141
Fig. 2(b),8,8-QAM,full_state_raw_label_srm,0.95,1.9,1.75,0.202435938301,full_d,0.95,0.803526122186,1.0,0.288159655556,64,0.178
Fig. 2(b),8,8-QAM,full_state_raw_label_srm,0.95,1.9,1.752,0.202596467034,high_d,0.95,0.803526122186,1.0,0.287619162004,64,0.128
Fig. 2(b),8,8-QAM,full_state_raw_label_srm,0.95,1.9,1.755,0.202833335325,high_d,0.95,0.803526122186,1.0,0.286810956606,64,0.125
Fig. 2(b),8,8-QAM,full_state_raw_label_srm,0.95,1.9,1.758,0.203065479785,high_d,0.95,0.803526122186,1.0,0.286005786891,64,0.148
Fig. 2(b),8,8-QAM,full_state_raw_label_srm,0.95,1.9,1.76,0.203217609769,full_d,0.95,0.803526122186,1.0,0.285470689953,64,0.16
Fig. 2(b),8,8-QAM,full_state_raw_label_srm,0.95,1.9,1.761,0.203292882752,high_d,0.95,0.803526122186,1.0,0.285203645501,64,0.145
Fig. 2(b),8,8-QAM,full_state_raw_label_srm,0.95,1.9,1.764,0.203515524531,high_d,0.95,0.803526122186,1.0,0.284404524713,64,0.147
Fig. 2(b),8,8-QAM,full_state_raw_label_srm,0.95,1.9,1.765,0.203588676717,full_d,0.95,0.803526122186,1.0,0.284138820975,64,0.155
Fig. 2(b),8,8-QAM,full_state_raw_label_srm,0.95,1.9,1.767,0.203733383375,high_d,0.95,0.803526122186,1.0,0.28360841644,64,0.14
Fig. 2(b),8,8-QAM,full_state_raw_label_srm,0.95,1.9,1.77,0.203946435473,high_d,0.95,0.803526122186,1.0,0.28281531224,64,0.137
Fig. 2(b),8,8-QAM,full_state_raw_label_srm,0.95,1.9,1.773,0.204154654939,high_d,0.95,0.803526122186,1.0,0.282025203325,64,0.14
Fig. 2(b),8,8-QAM,full_state_raw_label_srm,0.95,1.9,1.775,0.204290769397,full_d,0.95,0.803526122186,1.0,0.281500123603,64,0.154
Fig. 2(b),8,8-QAM,full_state_raw_label_srm,0.95,1.9,1.776,0.204358013811,high_d,0.95,0.803526122186,1.0,0.28123808057,64,0.14
Fig. 2(b),8,8-QAM,full_state_raw_label_srm,0.95,1.9,1.779,0.204556482051,high_d,0.95,0.803526122186,1.0,0.280453934526,64,0.151
Fig. 2(b),8,8-QAM,full_state_raw_label_srm,0.95,1.9,1.78,0.204621545834,full_d,0.95,0.803526122186,1.0,0.280193212323,64,0.165
Fig. 2(b),8,8-QAM,full_state_raw_label_srm,0.95,1.9,1.782,0.20475002755,high_d,0.95,0.803526122186,1.0,0.279672755426,64,0.133
Fig. 2(b),8,8-QAM,full_state_raw_label_srm,0.95,1.9,1.785,0.204938616135,high_d,0.95,0.803526122186,1.0,0.278894533199,64,0.156
Fig. 2(b),8,8-QAM,full_state_raw_label_srm,0.95,1.9,1.788,0.205122211586,high_d,0.95,0.803526122186,1.0,0.278119257487,64,0.129
Fig. 2(b),8,8-QAM,full_state_raw_label_srm,0.95,1.9,1.79,0.205241815782,full_d,0.95,0.803526122186,1.0,0.277604038721,64,0.124
Fig. 2(b),8,8-QAM,full_state_raw_label_srm,0.95,1.9,1.791,0.20530077565,high_d,0.95,0.803526122186,1.0,0.277346917648,64,0.133
Fig. 2(b),8,8-QAM,full_state_raw_label_srm,0.95,1.9,1.794,0.205474268069,high_d,0.95,0.803526122186,1.0,0.276577502783,64,0.125
Fig. 2(b),8,8-QAM,full_state_raw_label_srm,0.95,1.9,1.795,0.205530964598,full_d,0.95,0.803526122186,1.0,0.276321679234,64,0.163
Fig. 2(b),8,8-QAM,full_state_raw_label_srm,0.95,1.9,1.797,0.205642646597,high_d,0.95,0.803526122186,1.0,0.275811001738,64,0.138
Fig. 2(b),8,8-QAM,full_state_raw_label_srm,0.95,1.9,1.8,0.205805867039,high_d,0.95,0.803526122186,1.0,0.275047403127,64,0.136
Fig. 2(b),8,8-QAM,full_state_raw_label_srm,0.95,1.9,1.803,0.205963883278,high_d,0.95,0.803526122186,1.0,0.274286695345,64,0.138
Fig. 2(b),8,8-QAM,full_state_raw_label_srm,0.95,1.9,1.805,0.206066312585,full_d,0.95,0.803526122186,1.0,0.273781157017,64,0.143
Fig. 2(b),8,8-QAM,full_state_raw_label_srm,0.95,1.9,1.806,0.206116647312,high_d,0.95,0.803526122186,1.0,0.273528866585,64,0.135
Fig. 2(b),8,8-QAM,full_state_raw_label_srm,0.95,1.9,1.809,0.206264109302,high_d,0.95,0.803526122186,1.0,0.272773904851,64,0.141
Fig. 2(b),8,8-QAM,full_state_raw_label_srm,0.95,1.9,1.81,0.206312076192,full_d,0.95,0.803526122186,1.0,0.272522885959,64,0.146
Fig. 2(b),8,8-QAM,full_state_raw_label_srm,0.95,1.9,1.812,0.206406217606,high_d,0.95,0.803526122186,1.0,0.27202179798,64,0.14
Fig. 2(b),8,8-QAM,full_state_raw_label_srm,0.95,1.9,1.815,0.206542918835,high_d,0.95,0.803526122186,1.0,0.271272533656,64,0.124
Fig. 2(b),8,8-QAM,full_state_raw_label_srm,0.95,1.9,1.818,0.206674157899,high_d,0.95,0.803526122186,1.0,0.270526099426,64,0.133
Fig. 2(b),8,8-QAM,full_state_raw_label_srm,0.95,1.9,1.82,0.206758588119,full_d,0.95,0.803526122186,1.0,0.270030042678,64,0.153
Fig. 2(b),8,8-QAM,full_state_raw_label_srm,0.95,1.9,1.821,0.20679987806,high_d,0.95,0.803526122186,1.0,0.269782482721,64,0.135
Fig. 2(b),8,8-QAM,full_state_raw_label_srm,0.95,1.9,1.824,0.206920020995,high_d,0.95,0.803526122186,1.0,0.269041670873,64,0.141
Fig. 2(b),8,8-QAM,full_state_raw_label_srm,0.95,1.9,1.825,0.206958818953,full_d,0.95,0.803526122186,1.0,0.26879535469,64,0.136
Fig. 2(b),8,8-QAM,full_state_raw_label_srm,0.95,1.9,1.827,0.207034526847,high_d,0.95,0.803526122186,1.0,0.268303651131,64,0.129
Fig. 2(b),8,8-QAM,full_state_raw_label_srm,0.95,1.9,1.83,0.207143334295,high_d,0.95,0.803526122186,1.0,0.26756841068,64,0.149
Fig. 2(b),8,8-QAM,full_state_raw_label_srm,0.95,1.9,1.833,0.207246380614,high_d,0.95,0.803526122186,1.0,0.26683593666,64,0.131
Fig. 2(b),8,8-QAM,full_state_raw_label_srm,0.95,1.9,1.835,0.207311845951,full_d,0.95,0.803526122186,1.0,0.266349151188,64,0.141
Fig. 2(b),8,8-QAM,full_state_raw_label_srm,0.95,1.9,1.836,0.207343601744,high_d,0.95,0.803526122186,1.0,0.266106216182,64,0.138
Fig. 2(b),8,8-QAM,full_state_raw_label_srm,0.95,1.9,1.839,0.207434932361,high_d,0.95,0.803526122186,1.0,0.265379236349,64,0.148
Fig. 2(b),8,8-QAM,full_state_raw_label_srm,0.95,1.9,1.84,0.207464055432,full_d,0.95,0.803526122186,1.0,0.265137516541,64,0.136
Fig. 2(b),8,8-QAM,full_state_raw_label_srm,0.95,1.9,1.842,0.207520305945,high_d,0.95,0.803526122186,1.0,0.264654984269,64,0.148
Fig. 2(b),8,8-QAM,full_state_raw_label_srm,0.95,1.9,1.845,0.207599654858,high_d,0.95,0.803526122186,1.0,0.263933447077,64,0.127
Fig. 2(b),8,8-QAM,full_state_raw_label_srm,0.95,1.9,1.848,0.207672910416,high_d,0.95,0.803526122186,1.0,0.26321461195,64,0.149
Fig. 2(b),8,8-QAM,full_state_raw_label_srm,0.95,1.9,1.85,0.207718327901,full_d,0.95,0.803526122186,1.0,0.262736883373,64,0.141
Fig. 2(b),8,8-QAM,full_state_raw_label_srm,0.95,1.9,1.851,0.207740002971,high_d,0.95,0.803526122186,1.0,0.262498466124,64,0.15
Fig. 2(b),8,8-QAM,full_state_raw_label_srm,0.95,1.9,1.854,0.207800861984,high_d,0.95,0.803526122186,1.0,0.261784996911,64,0.141
Fig. 2(b),8,8-QAM,full_state_raw_label_srm,0.95,1.9,1.855,0.20781975078,full_d,0.95,0.803526122186,1.0,0.261547766463,64,0.197
Fig. 2(b),8,8-QAM,full_state_raw_label_srm,0.95,1.9,1.857,0.207855416108,high_d,0.95,0.803526122186,1.0,0.261074191717,64,0.137
Fig. 2(b),8,8-QAM,full_state_raw_label_srm,0.95,1.9,1.86,0.207903593273,high_d,0.95,0.803526122186,1.0,0.260366038054,64,0.131
Fig. 2(b),8,8-QAM,full_state_raw_label_srm,0.95,1.9,1.863,0.20794532076,high_d,0.95,0.803526122186,1.0,0.259660523559,64,0.13
Fig. 2(b),8,8-QAM,full_state_raw_label_srm,0.95,1.9,1.865,0.207969519765,full_d,0.95,0.803526122186,1.0,0.259191640725,64,0.193
Fig. 2(b),8,8-QAM,full_state_raw_label_srm,0.95,1.9,1.866,0.207980525293,high_d,0.95,0.803526122186,1.0,0.258957636008,64,0.139
Fig. 2(b),8,8-QAM,full_state_raw_label_srm,0.95,1.9,1.869,0.208009133119,high_d,0.95,0.803526122186,1.0,0.258257363329,64,0.14
Fig. 2(b),8,8-QAM,full_state_raw_label_srm,0.95,1.9,1.87,0.208017190319,full_d,0.95,0.803526122186,1.0,0.258024518122,64,0.206
Fig. 2(b),8,8-QAM,full_state_raw_label_srm,0.95,1.9,1.872,0.208031070089,high_d,0.95,0.803526122186,1.0,0.257559693616,64,0.125
Fig. 2(b),8,8-QAM,full_state_raw_label_srm,0.95,1.9,1.875,0.208046261752,high_d,0.95,0.803526122186,1.0,0.256864615143,64,0.14
Fig. 2(b),8,8-QAM,full_state_raw_label_srm,0.95,1.9,1.878,0.208054633429,high_d,0.95,0.803526122186,1.0,0.256172116377,64,0.143
Fig. 2(b),8,8-QAM,full_state_raw_label_srm,0.95,1.9,1.88,0.208056388725,full_d,0.95,0.803526122186,1.0,0.255711878101,64,0.206
Fig. 2(b),8,8-QAM,full_state_raw_label_srm,0.95,1.9,1.881,0.208056110307,high_d,0.95,0.803526122186,1.0,0.255482185989,64,0.126
Fig. 2(b),8,8-QAM,full_state_raw_label_srm,0.95,1.9,1.884,0.208050617517,high_d,0.95,0.803526122186,1.0,0.254794812863,64,0.13
Fig. 2(b),8,8-QAM,full_state_raw_label_srm,0.95,1.9,1.885,0.208047224835,full_d,0.95,0.803526122186,1.0,0.254566254879,64,0.185
Fig. 2(b),8,8-QAM,full_state_raw_label_srm,0.95,1.9,1.887,0.208038080222,high_d,0.95,0.803526122186,1.0,0.254109986109,64,0.131
Fig. 2(b),8,8-QAM,full_state_raw_label_srm,0.95,1.9,1.89,0.208018423697,high_d,0.95,0.803526122186,1.0,0.253427695073,64,0.143
Fig. 2(b),8,8-QAM,full_state_raw_label_srm,0.95,1.9,1.893,0.207991573412,high_d,0.95,0.803526122186,1.0,0.252747929344,64,0.142
Fig. 2(b),8,8-QAM,full_state_raw_label_srm,0.95,1.9,1.895,0.207969640008,full_d,0.95,0.803526122186,1.0,0.252296150111,64,0.18
Fig. 2(b),8,8-QAM,full_state_raw_label_srm,0.95,1.9,1.896,0.207957455115,high_d,0.95,0.803526122186,1.0,0.25207067876,64,0.13
Fig. 2(b),8,8-QAM,full_state_raw_label_srm,0.95,1.9,1.899,0.207915994907,high_d,0.95,0.803526122186,1.0,0.251395933422,64,0.13
Fig. 2(b),8,8-QAM,full_state_raw_label_srm,0.95,1.9,1.9,0.20790053059,full_d,0.95,0.803526122186,1.0,0.251171573357,64,0.209
Fig. 2(b),8,8-QAM,full_state_raw_label_srm,0.95,1.9,1.902,0.207867119321,high_d,0.95,0.803526122186,1.0,0.250723683692,64,0.15
Fig. 2(b),8,8-QAM,full_state_raw_label_srm,0.95,1.9,1.905,0.207810755395,high_d,0.95,0.803526122186,1.0,0.250053920204,64,0.152
Fig. 2(b),8,8-QAM,full_state_raw_label_srm,0.95,1.9,1.908,0.207746830748,high_d,0.95,0.803526122186,1.0,0.249386633867,64,0.125
Fig. 2(b),8,8-QAM,full_state_raw_label_srm,0.95,1.9,1.91,0.20769997846,full_d,0.95,0.803526122186,1.0,0.24894314814,64,0.198
Fig. 2(b),8,8-QAM,full_state_raw_label_srm,0.95,1.9,1.911,0.207675273639,high_d,0.95,0.803526122186,1.0,0.248721815868,64,0.117
Fig. 2(b),8,8-QAM,full_state_raw_label_srm,0.95,1.9,1.914,0.20759601304,high_d,0.95,0.803526122186,1.0,0.248059457679,64,0.133
Fig. 2(b),8,8-QAM,full_state_raw_label_srm,0.95,1.9,1.915,0.207567868786,full_d,0.95,0.803526122186,1.0,0.247839216806,64,0.212
Fig. 2(b),8,8-QAM,full_state_raw_label_srm,0.95,1.9,1.917,0.207508978688,high_d,0.95,0.803526122186,1.0,0.247399551051,64,0.134
Fig. 2(b),8,8-QAM,full_state_raw_label_srm,0.95,1.9,1.92,0.207414101141,high_d,0.95,0.803526122186,1.0,0.246742088024,64,0.12
Fig. 2(b),8,8-QAM,full_state_raw_label_srm,0.95,1.9,1.923,0.207311311822,high_d,0.95,0.803526122186,1.0,0.246087060924,64,0.159
Fig. 2(b),8,8-QAM,full_state_raw_label_srm,0.95,1.9,1.925,0.207238356721,full_d,0.95,0.803526122186,1.0,0.245651725821,64,0.221
Fig. 2(b),8,8-QAM,full_state_raw_label_srm,0.95,1.9,1.926,0.207200543053,high_d,0.95,0.803526122186,1.0,0.245434462359,64,0.142
Fig. 2(b),8,8-QAM,full_state_raw_label_srm,0.95,1.9,1.929,0.207081728083,high_d,0.95,0.803526122186,1.0,0.244784285226,64,0.159
Fig. 2(b),8,8-QAM,full_state_raw_label_srm,0.95,1.9,1.93,0.207040323646,full_d,0.95,0.803526122186,1.0,0.244568096424,64,0.202
Fig. 2(b),8,8-QAM,full_state_raw_label_srm,0.95,1.9,1.932,0.206954801098,high_d,0.95,0.803526122186,1.0,0.244136522702,64,0.133
Fig. 2(b),8,8-QAM,full_state_raw_label_srm,0.95,1.9,1.935,0.206819697209,high_d,0.95,0.803526122186,1.0,0.243491168245,64,0.143
Fig. 2(b),8,8-QAM,full_state_raw_label_srm,0.95,1.9,1.938,0.20667635243,high_d,0.95,0.803526122186,1.0,0.242848215591,64,0.126
Fig. 2(b),8,8-QAM,full_state_raw_label_srm,0.95,1.9,1.94,0.206576179753,full_d,0.95,0.803526122186,1.0,0.242420911852,64,0.204
Fig. 2(b),8,8-QAM,full_state_raw_label_srm,0.95,1.9,1.941,0.206524703607,high_d,0.95,0.803526122186,1.0,0.242207658746,64,0.143
Fig. 2(b),8,8-QAM,full_state_raw_label_srm,0.95,1.9,1.944,0.206364688327,high_d,0.95,0.803526122186,1.0,0.241569491988,64,0.143
Fig. 2(b),8,8-QAM,full_state_raw_label_srm,0.95,1.9,1.945,0.206309479986,full_d,0.95,0.803526122186,1.0,0.241357299914,64,0.159
Fig. 2(b),8,8-QAM,full_state_raw_label_srm,0.95,1.9,1.947,0.206196244752,high_d,0.95,0.803526122186,1.0,0.240933709856,64,0.14
Fig. 2(b),8,8-QAM,full_state_raw_label_srm,0.95,1.9,1.95,0.206019311391,high_d,0.95,0.803526122186,0.999999999999,0.240300307147,64,0.14
Fig. 2(b),8,8-QAM,full_state_raw_label_srm,0.95,1.9,1.953,0.205833826757,high_d,0.95,0.803526122186,1.0,0.239669278908,64,0.118
Fig. 2(b),8,8-QAM,full_state_raw_label_srm,0.95,1.9,1.955,0.205705389053,full_d,0.95,0.803526122186,1.0,0.239249910232,64,0.162
Fig. 2(b),8,8-QAM,full_state_raw_label_srm,0.95,1.9,1.956,0.205639728853,high_d,0.95,0.803526122186,1.0,0.239040620432,64,0.132
Fig. 2(b),8,8-QAM,full_state_raw_label_srm,0.95,1.9,1.959,0.205436954424,high_d,0.95,0.803526122186,1.0,0.238414327247,64,0.141
Fig. 2(b),8,8-QAM,full_state_raw_label_srm,0.95,1.9,1.96,0.205367423579,full_d,0.95,0.803526122186,1.0,0.238206087733,64,0.163
Fig. 2(b),8,8-QAM,full_state_raw_label_srm,0.95,1.9,1.962,0.205225437794,high_d,0.95,0.803526122186,1.0,0.23779039511,64,0.13
Fig. 2(b),8,8-QAM,full_state_raw_label_srm,0.95,1.9,1.965,0.205005109038,high_d,0.95,0.803526122186,1.0,0.237168819999,64,0.145
Fig. 2(b),8,8-QAM,full_state_raw_label_srm,0.95,1.9,1.968,0.204775890901,high_d,0.95,0.803526122186,1.0,0.236549598102,64,0.136
Fig. 2(b),8,8-QAM,full_state_raw_label_srm,0.95,1.9,1.97,0.204618096544,full_d,0.95,0.803526122186,1.0,0.236138089056,64,0.149
Fig. 2(b),8,8-QAM,full_state_raw_label_srm,0.95,1.9,1.971,0.204537693203,high_d,0.95,0.803526122186,1.0,0.235932725812,64,0.126
Fig. 2(b),8,8-QAM,full_state_raw_label_srm,0.95,1.9,1.974,0.204290400961,high_d,0.95,0.803526122186,1.0,0.235318199714,64,0.145
Fig. 2(b),8,8-QAM,full_state_raw_label_srm,0.95,1.9,1.975,0.204205922258,full_d,0.95,0.803526122186,1.0,0.235113878494,64,0.141
Fig. 2(b),8,8-QAM,full_state_raw_label_srm,0.95,1.9,1.977,0.204033836369,high_d,0.95,0.803526122186,1.0,0.234706016577,64,0.164
Fig. 2(b),8,8-QAM,full_state_raw_label_srm,0.95,1.9,1.98,0.203767710329,high_d,0.95,0.803526122186,1.0,0.234096173344,64,0.156
Fig. 2(b),8,8-QAM,full_state_raw_label_srm,0.95,1.9,1.985,0.203303700271,full_d,0.95,0.803526122186,1.0,0.233084959955,64,0.15
Fig. 2(b),8,8-QAM,full_state_raw_label_srm,0.95,1.9,1.99,0.202815083741,full_d,0.95,0.803526122186,1.0,0.232080225863,64,0.152
Fig. 2(b),8,8-QAM,full_state_raw_label_srm,0.95,1.9,1.995,0.202302681516,full_d,0.95,0.803526122186,1.0,0.23108195966,64,0.149
Fig. 2(b),8,8-QAM,full_state_raw_label_srm,0.95,1.9,2.0,0.201767220557,full_d,0.95,0.803526122186,1.0,0.230090150859,64,0.143
Fig. 2(b),8,8-QAM,full_state_raw_label_srm,0.95,1.9,2.005,0.201209394632,full_d,0.95,0.803526122186,1.0,0.229104789765,64,0.142
Fig. 2(b),8,8-QAM,full_state_raw_label_srm,0.95,1.9,2.01,0.200629885632,full_d,0.95,0.803526122186,1.0,0.228125867343,64,0.14
Fig. 2(b),8,8-QAM,full_state_raw_label_srm,0.95,1.9,2.015,0.200029372109,full_d,0.95,0.803526122186,1.0,0.227153375093,64,0.136
Fig. 2(b),8,8-QAM,full_state_raw_label_srm,0.95,1.9,2.02,0.199408532483,full_d,0.95,0.803526122186,1.0,0.226187304919,64,0.144
Fig. 2(b),8,8-QAM,full_state_raw_label_srm,0.95,1.9,2.025,0.19876804574,full_d,0.95,0.803526122186,1.0,0.225227649021,64,0.151
Fig. 2(b),8,8-QAM,full_state_raw_label_srm,0.95,1.9,2.03,0.198108590853,full_d,0.95,0.803526122186,1.0,0.224274399772,64,0.144
Fig. 2(b),8,8-QAM,full_state_raw_label_srm,0.95,1.9,2.035,0.197430845582,full_d,0.95,0.803526122186,1.0,0.223327549618,64,0.147
Fig. 2(b),8,8-QAM,full_state_raw_label_srm,0.95,1.9,2.04,0.196735484949,full_d,0.95,0.803526122186,1.0,0.222387090977,64,0.141
Fig. 2(b),8,8-QAM,full_state_raw_label_srm,0.95,1.9,2.045,0.196023179596,full_d,0.95,0.803526122186,1.0,0.221453016147,64,0.136
Fig. 2(b),8,8-QAM,full_state_raw_label_srm,0.95,1.9,2.05,0.19529459413,full_d,0.95,0.803526122186,1.0,0.220525317224,64,0.141
Fig. 2(b),8,8-QAM,full_state_raw_label_srm,0.95,1.9,2.055,0.194550385504,full_d,0.95,0.803526122186,1.0,0.219603986028,64,0.144
Fig. 2(b),8,8-QAM,full_state_raw_label_srm,0.95,1.9,2.06,0.193791201495,full_d,0.95,0.803526122186,1.0,0.218689014035,64,0.159
Fig. 2(b),8,8-QAM,full_state_raw_label_srm,0.95,1.9,2.065,0.193017679275,full_d,0.95,0.803526122186,1.0,0.217780392327,64,0.142
Fig. 2(b),8,8-QAM,full_state_raw_label_srm,0.95,1.9,2.07,0.1922304441,full_d,0.95,0.803526122186,1.0,0.216878111537,64,0.143
Fig. 2(b),8,8-QAM,full_state_raw_label_srm,0.95,1.9,2.075,0.19143010812,full_d,0.95,0.803526122186,1.0,0.215982161815,64,0.134
Fig. 2(b),8,8-QAM,full_state_raw_label_srm,0.95,1.9,2.08,0.190617269308,full_d,0.95,0.803526122186,1.0,0.215092532799,64,0.14
Fig. 2(b),8,8-QAM,full_state_raw_label_srm,0.95,1.9,2.085,0.189792510504,full_d,0.95,0.803526122186,1.0,0.214209213592,64,0.119
Fig. 2(b),8,8-QAM,full_state_raw_label_srm,0.95,1.9,2.09,0.188956398579,full_d,0.95,0.803526122186,1.0,0.213332192751,64,0.155
Fig. 2(b),8,8-QAM,full_state_raw_label_srm,0.95,1.9,2.095,0.188109483703,full_d,0.95,0.803526122186,1.0,0.212461458281,64,0.153
Fig. 2(b),8,8-QAM,full_state_raw_label_srm,0.95,1.9,2.1,0.18725229872,full_d,0.95,0.803526122186,1.0,0.21159699764,64,0.146
Fig. 2(b),16,16-QAM,full_state_raw_label_srm,0.9,1.8,0.3,0.192445726661,full_d,0.9,0.812830516164,0.99998941071,0.91951205348,224,0.524
Fig. 2(b),16,16-QAM,full_state_raw_label_srm,0.9,1.8,0.31,0.198076471277,full_d,0.9,0.812830516164,0.999995202722,0.914320992242,224,0.496
Fig. 2(b),16,16-QAM,full_state_raw_label_srm,0.9,1.8,0.32,0.203278412979,full_d,0.9,0.812830516164,0.999993796853,0.90899413837,224,0.483
Fig. 2(b),16,16-QAM,full_state_raw_label_srm,0.9,1.8,0.33,0.208040691128,full_d,0.9,0.812830516164,0.99999713962,0.903534683489,224,0.465
Fig. 2(b),16,16-QAM,full_state_raw_label_srm,0.9,1.8,0.34,0.212351646522,low_d,0.9,0.812830516164,0.999997896157,0.897945905765,224,0.604
Fig. 2(b),16,16-QAM,full_state_raw_label_srm,0.9,1.8,0.3425,0.213357680537,low_d,0.9,0.812830516164,0.999996370138,0.896528897084,224,0.603
Fig. 2(b),16,16-QAM,full_state_raw_label_srm,0.9,1.8,0.345,0.214334918651,low_d,0.9,0.812830516164,0.99999448444,0.895104069055,224,0.619
Fig. 2(b),16,16-QAM,full_state_raw_label_srm,0.9,1.8,0.3475,0.215284197344,low_d,0.9,0.812830516164,0.999996452935,0.893671475462,224,0.648
Fig. 2(b),16,16-QAM,full_state_raw_label_srm,0.9,1.8,0.35,0.216204163736,low_d,0.9,0.812830516164,0.999996237873,0.892231170421,224,0.59
Fig. 2(b),16,16-QAM,full_state_raw_label_srm,0.9,1.8,0.3525,0.217094871588,low_d,0.9,0.812830516164,0.999994323364,0.890783208396,224,0.605
Fig. 2(b),16,16-QAM,full_state_raw_label_srm,0.9,1.8,0.355,0.217957344224,low_d,0.9,0.812830516164,0.999995590737,0.889327644193,224,0.624
Fig. 2(b),16,16-QAM,full_state_raw_label_srm,0.9,1.8,0.3575,0.218790702077,low_d,0.9,0.812830516164,0.999996083722,0.887864532963,224,0.595
Fig. 2(b),16,16-QAM,full_state_raw_label_srm,0.9,1.8,0.36,0.219594864296,low_d,0.9,0.812830516164,0.999995494563,0.886393930198,224,0.593
Fig. 2(b),16,16-QAM,full_state_raw_label_srm,0.9,1.8,0.3625,0.220369977147,low_d,0.9,0.812830516164,0.999994497449,0.884915891737,224,0.603
Fig. 2(b),16,16-QAM,full_state_raw_label_srm,0.9,1.8,0.365,0.22111682426,low_d,0.9,0.812830516164,0.999996587018,0.883430473758,224,0.591
Fig. 2(b),16,16-QAM,full_state_raw_label_srm,0.9,1.8,0.3675,0.221834282643,low_d,0.9,0.812830516164,0.999996565978,0.881937732787,224,0.617
Fig. 2(b),16,16-QAM,full_state_raw_label_srm,0.9,1.8,0.37,0.222523269512,low_d,0.9,0.812830516164,0.999998420977,0.880437725689,224,0.637
Fig. 2(b),16,16-QAM,full_state_raw_label_srm,0.9,1.8,0.3725,0.223182734383,low_d,0.9,0.812830516164,0.999997204048,0.87893050966,224,0.621
Fig. 2(b),16,16-QAM,full_state_raw_label_srm,0.9,1.8,0.375,0.223813374104,low_d,0.9,0.812830516164,0.999995834624,0.877416142269,224,0.637
Fig. 2(b),16,16-QAM,full_state_raw_label_srm,0.9,1.8,0.3775,0.224414511435,low_d,0.9,0.812830516164,0.999990988111,0.875894681393,224,0.64
Fig. 2(b),16,16-QAM,full_state_raw_label_srm,0.9,1.8,0.38,0.224989006698,low_d,0.9,0.812830516164,0.999995021262,0.87436618526,224,0.583
Fig. 2(b),16,16-QAM,full_state_raw_label_srm,0.9,1.8,0.3825,0.225534557013,low_d,0.9,0.812830516164,0.999997267723,0.87283071243,224,0.635
Fig. 2(b),16,16-QAM,full_state_raw_label_srm,0.9,1.8,0.385,0.226051261768,low_d,0.9,0.812830516164,0.99999773005,0.871288321799,224,0.616
Fig. 2(b),16,16-QAM,full_state_raw_label_srm,0.9,1.8,0.3875,0.226539730743,low_d,0.9,0.812830516164,0.999998606729,0.869739072604,224,0.588
Fig. 2(b),16,16-QAM,full_state_raw_label_srm,0.9,1.8,0.39,0.226998774215,low_d,0.9,0.812830516164,0.999994125817,0.868183024391,224,0.599
Fig. 2(b),16,16-QAM,full_state_raw_label_srm,0.9,1.8,0.3925,0.227430961572,low_d,0.9,0.812830516164,0.999995009868,0.866620237034,224,0.599
Fig. 2(b),16,16-QAM,full_state_raw_label_srm,0.9,1.8,0.395,0.227835046847,low_d,0.9,0.812830516164,0.999995125915,0.865050770752,224,0.627
Fig. 2(b),16,16-QAM,full_state_raw_label_srm,0.9,1.8,0.3975,0.228210908079,low_d,0.9,0.812830516164,0.999993259088,0.863474686054,224,0.611
Fig. 2(b),16,16-QAM,full_state_raw_label_srm,0.9,1.8,0.4,0.228559406712,low_d,0.9,0.812830516164,0.999992453785,0.861892043781,224,0.627
Fig. 2(b),16,16-QAM,full_state_raw_label_srm,0.9,1.8,0.4025,0.228881477237,low_d,0.9,0.812830516164,0.999996014847,0.860302905078,224,0.606
Fig. 2(b),16,16-QAM,full_state_raw_label_srm,0.9,1.8,0.405,0.229174520764,low_d,0.9,0.812830516164,0.999991765523,0.858707331393,224,0.602
Fig. 2(b),16,16-QAM,full_state_raw_label_srm,0.9,1.8,0.4075,0.229441726169,low_d,0.9,0.812830516164,0.999992770839,0.857105384473,224,0.611
Fig. 2(b),16,16-QAM,full_state_raw_label_srm,0.9,1.8,0.41,0.229682770319,low_d,0.9,0.812830516164,0.999996694334,0.855497126352,224,0.614
Fig. 2(b),16,16-QAM,full_state_raw_label_srm,0.9,1.8,0.4125,0.229895787004,low_d,0.9,0.812830516164,0.999994461741,0.853882619352,224,0.636
Fig. 2(b),16,16-QAM,full_state_raw_label_srm,0.9,1.8,0.415,0.230082944645,low_d,0.9,0.812830516164,0.999994520204,0.85226192607,224,0.596
Fig. 2(b),16,16-QAM,full_state_raw_label_srm,0.9,1.8,0.4175,0.230244304861,low_d,0.9,0.812830516164,0.999996131685,0.850635109286,224,0.633
Fig. 2(b),16,16-QAM,full_state_raw_label_srm,0.9,1.8,0.42,0.23037883856,low_d,0.9,0.812830516164,0.999993680027,0.849002232289,224,0.616
Fig. 2(b),16,16-QAM,full_state_raw_label_srm,0.9,1.8,0.4225,0.230488919062,low_d,0.9,0.812830516164,0.99999638203,0.847363358375,224,0.584
Fig. 2(b),16,16-QAM,full_state_raw_label_srm,0.9,1.8,0.425,0.230571981514,low_d,0.9,0.812830516164,0.999991957681,0.8457185511,224,0.631
Fig. 2(b),16,16-QAM,full_state_raw_label_srm,0.9,1.8,0.4275,0.230631606773,low_d,0.9,0.812830516164,0.999994718559,0.844067874418,224,0.584
Fig. 2(b),16,16-QAM,full_state_raw_label_srm,0.9,1.8,0.43,0.230665828834,low_d,0.9,0.812830516164,0.999994911444,0.842411392349,224,0.603
Fig. 2(b),16,16-QAM,full_state_raw_label_srm,0.9,1.8,0.4325,0.230675338099,low_d,0.9,0.812830516164,0.999994250244,0.840749169157,224,0.591
Fig. 2(b),16,16-QAM,full_state_raw_label_srm,0.9,1.8,0.435,0.230660836478,low_d,0.9,0.812830516164,0.999994460811,0.839081269298,224,0.608
Fig. 2(b),16,16-QAM,full_state_raw_label_srm,0.9,1.8,0.4375,0.230622613149,low_d,0.9,0.812830516164,0.999995446377,0.837407757428,224,0.596
Fig. 2(b),16,16-QAM,full_state_raw_label_srm,0.9,1.8,0.44,0.230560421936,low_d,0.9,0.812830516164,0.999994749293,0.835728698348,224,0.621
Fig. 2(b),16,16-QAM,full_state_raw_label_srm,0.9,1.8,0.4425,0.230475403497,low_d,0.9,0.812830516164,0.999995892162,0.834044157019,224,0.622
Fig. 2(b),16,16-QAM,full_state_raw_label_srm,0.9,1.8,0.445,0.230366992719,low_d,0.9,0.812830516164,0.999994972354,0.832354198539,224,0.578
Fig. 2(b),16,16-QAM,full_state_raw_label_srm,0.9,1.8,0.4475,0.230236387869,low_d,0.9,0.812830516164,0.999995686884,0.830658888146,224,0.623
Fig. 2(b),16,16-QAM,full_state_raw_label_srm,0.9,1.8,0.45,0.230083497588,low_d,0.9,0.812830516164,0.999996118505,0.828958291099,224,0.589
Fig. 2(b),16,16-QAM,full_state_raw_label_srm,0.9,1.8,0.4525,0.229908813876,low_d,0.9,0.812830516164,0.999996853241,0.827252472829,224,0.664
Fig. 2(b),16,16-QAM,full_state_raw_label_srm,0.9,1.8,0.455,0.229711783606,low_d,0.9,0.812830516164,0.999993900789,0.825541498805,224,0.794
Fig. 2(b),16,16-QAM,full_state_raw_label_srm,0.9,1.8,0.4575,0.229494360208,low_d,0.9,0.812830516164,0.999994150203,0.823825434562,224,0.805
Fig. 2(b),16,16-QAM,full_state_raw_label_srm,0.9,1.8,0.46,0.229256483637,low_d,0.9,0.812830516164,0.99999569854,0.822104345599,224,0.853
Fig. 2(b),16,16-QAM,full_state_raw_label_srm,0.9,1.8,0.4625,0.228997761325,low_d,0.9,0.812830516164,0.999995175587,0.820378297489,224,0.854
Fig. 2(b),16,16-QAM,full_state_raw_label_srm,0.9,1.8,0.465,0.22871924453,low_d,0.9,0.812830516164,0.999995479263,0.818647355787,224,0.822
Fig. 2(b),16,16-QAM,full_state_raw_label_srm,0.9,1.8,0.4675,0.228421093323,low_d,0.9,0.812830516164,0.999995604995,0.816911585969,224,0.833
Fig. 2(b),16,16-QAM,full_state_raw_label_srm,0.9,1.8,0.47,0.228102794893,low_d,0.9,0.812830516164,0.999991571163,0.815171053497,224,0.826
Fig. 2(b),16,16-QAM,full_state_raw_label_srm,0.9,1.8,0.4725,0.227767292967,low_d,0.9,0.812830516164,0.99999448125,0.813425823342,224,0.825
Fig. 2(b),16,16-QAM,full_state_raw_label_srm,0.9,1.8,0.475,0.227413046773,low_d,0.9,0.812830516164,0.999995920675,0.811675961587,224,0.825
Fig. 2(b),16,16-QAM,full_state_raw_label_srm,0.9,1.8,0.4775,0.227038848221,low_d,0.9,0.812830516164,0.999988764337,0.809921532798,224,0.831
Fig. 2(b),16,16-QAM,full_state_raw_label_srm,0.9,1.8,0.48,0.226650357061,low_d,0.9,0.812830516164,0.999996109176,0.808162602272,224,0.809
Fig. 2(b),16,16-QAM,full_state_raw_label_srm,0.9,1.8,0.4825,0.226242903753,low_d,0.9,0.812830516164,0.999995607135,0.80639923472,224,0.813
Fig. 2(b),16,16-QAM,full_state_raw_label_srm,0.9,1.8,0.485,0.225818656531,low_d,0.9,0.812830516164,0.999995009199,0.804631494779,224,0.817
Fig. 2(b),16,16-QAM,full_state_raw_label_srm,0.9,1.8,0.4875,0.225378378828,low_d,0.9,0.812830516164,0.999995888985,0.802859446873,224,0.832
Fig. 2(b),16,16-QAM,full_state_raw_label_srm,0.9,1.8,0.49,0.224922301889,low_d,0.9,0.812830516164,0.999997458181,0.801083155247,224,0.833
Fig. 2(b),16,16-QAM,full_state_raw_label_srm,0.9,1.8,0.4925,0.22444958661,low_d,0.9,0.812830516164,0.999994184197,0.799302683722,224,0.795
Fig. 2(b),16,16-QAM,full_state_raw_label_srm,0.9,1.8,0.495,0.223962365801,low_d,0.9,0.812830516164,0.999993737639,0.797518095934,224,0.837
Fig. 2(b),16,16-QAM,full_state_raw_label_srm,0.9,1.8,0.4975,0.223461042567,low_d,0.9,0.812830516164,0.999996150102,0.795729455209,224,0.791
Fig. 2(b),16,16-QAM,full_state_raw_label_srm,0.9,1.8,0.5,0.222944329886,low_d,0.9,0.812830516164,0.999993826845,0.793936824548,224,0.877
Fig. 2(b),16,16-QAM,full_state_raw_label_srm,0.9,1.8,0.51,0.220744176598,full_d,0.9,0.812830516164,0.999994044611,0.786727648927,224,0.808
Fig. 2(b),16,16-QAM,full_state_raw_label_srm,0.9,1.8,0.52,0.218346028044,full_d,0.9,0.812830516164,0.999994934344,0.779459569693,224,0.812
Fig. 2(b),16,16-QAM,full_state_raw_label_srm,0.9,1.8,0.53,0.215773561577,full_d,0.9,0.812830516164,0.999996850597,0.772136408865,224,0.857
Fig. 2(b),16,16-QAM,full_state_raw_label_srm,0.9,1.8,0.54,0.213047799414,full_d,0.9,0.812830516164,0.999995064372,0.764761852645,224,0.815
Fig. 2(b),16,16-QAM,full_state_raw_label_srm,0.9,1.8,0.55,0.210190418333,bridge,0.9,0.812830516164,0.999996033718,0.757339440785,224,0.931
Fig. 2(b),16,16-QAM,full_state_raw_label_srm,0.9,1.8,0.56,0.207219046794,full_d,0.9,0.812830516164,0.999995658367,0.749872566975,224,0.811
Fig. 2(b),16,16-QAM,full_state_raw_label_srm,0.9,1.8,0.57,0.204150593092,full_d,0.9,0.812830516164,0.99999467197,0.74236449213,224,0.871
Fig. 2(b),16,16-QAM,full_state_raw_label_srm,0.9,1.8,0.58,0.20100083839,full_d,0.9,0.812830516164,0.999995980834,0.734818371419,224,0.874
Fig. 2(b),16,16-QAM,full_state_raw_label_srm,0.9,1.8,0.59,0.197782834093,full_d,0.9,0.812830516164,0.999997336096,0.72723729625,224,0.997
Fig. 2(b),16,16-QAM,full_state_raw_label_srm,0.9,1.8,0.6,0.194508344529,full_d,0.9,0.812830516164,0.999995791082,0.719624344241,224,1.118
Fig. 2(b),16,16-QAM,full_state_raw_label_srm,0.9,1.8,0.61,0.19118991329,full_d,0.9,0.812830516164,0.999996971828,0.711982631742,224,1.138
Fig. 2(b),16,16-QAM,full_state_raw_label_srm,0.9,1.8,0.62,0.187836864852,full_d,0.9,0.812830516164,0.999991517761,0.704315363423,224,1.135
Fig. 2(b),16,16-QAM,full_state_raw_label_srm,0.9,1.8,0.625,0.186152265152,bridge,0.9,0.812830516164,0.999993257637,0.700473181127,224,1.141
Fig. 2(b),16,16-QAM,full_state_raw_label_srm,0.9,1.8,0.63,0.18446397732,full_d,0.9,0.812830516164,0.99999611625,0.696625869294,224,1.141
Fig. 2(b),16,16-QAM,full_state_raw_label_srm,0.9,1.8,0.64,0.18108159266,full_d,0.9,0.812830516164,0.999996358702,0.688917619742,224,1.121
Fig. 2(b),16,16-QAM,full_state_raw_label_srm,0.9,1.8,0.65,0.177817170334,full_d,0.9,0.812830516164,0.999992858317,0.681194224709,220,1.155
Fig. 2(b),16,16-QAM,full_state_raw_label_srm,0.9,1.8,0.66,0.174690069508,full_d,0.9,0.812830516164,0.999993791865,0.673459410254,216,1.112
Fig. 2(b),16,16-QAM,full_state_raw_label_srm,0.9,1.8,0.67,0.172137137508,full_d,0.9,0.812830516164,0.999993922093,0.665716983015,208,1.111
Fig. 2(b),16,16-QAM,full_state_raw_label_srm,0.9,1.8,0.68,0.169979034988,full_d,0.9,0.812830516164,0.999994927542,0.657970785824,200,1.155
Fig. 2(b),16,16-QAM,full_state_raw_label_srm,0.9,1.8,0.69,0.167998915923,full_d,0.9,0.812830516164,0.9999947474,0.650224654836,196,1.157
Fig. 2(b),16,16-QAM,full_state_raw_label_srm,0.9,1.8,0.7,0.166174393266,bridge,0.9,0.812830516164,0.999995016669,0.642482379827,192,1.086
Fig. 2(b),16,16-QAM,full_state_raw_label_srm,0.9,1.8,0.71,0.16443819948,full_d,0.9,0.812830516164,0.999995201141,0.634747668416,192,1.137
Fig. 2(b),16,16-QAM,full_state_raw_label_srm,0.9,1.8,0.72,0.162833595443,full_d,0.9,0.812830516164,0.999995525231,0.627024129235,196,1.438
Fig. 2(b),16,16-QAM,full_state_raw_label_srm,0.9,1.8,0.73,0.16172169827,full_d,0.9,0.812830516164,0.999996810389,0.619315248053,196,1.476
Fig. 2(b),16,16-QAM,full_state_raw_label_srm,0.9,1.8,0.74,0.160653693731,full_d,0.9,0.812830516164,0.999995241931,0.611624379675,196,1.57
Fig. 2(b),16,16-QAM,full_state_raw_label_srm,0.9,1.8,0.75,0.159808131617,full_d,0.9,0.812830516164,0.999996059133,0.60395474205,198,1.566
Fig. 2(b),16,16-QAM,full_state_raw_label_srm,0.9,1.8,0.76,0.159187055805,full_d,0.9,0.812830516164,0.999997117995,0.596309416475,202,1.546
Fig. 2(b),16,16-QAM,full_state_raw_label_srm,0.9,1.8,0.77,0.15872813487,full_d,0.9,0.812830516164,0.999996831811,0.588691346747,202,1.561
Fig. 2(b),16,16-QAM,full_state_raw_label_srm,0.9,1.8,0.775,0.158516616834,bridge,0.9,0.812830516164,0.999994622787,0.584893417361,206,1.599
Fig. 2(b),16,16-QAM,full_state_raw_label_srm,0.9,1.8,0.78,0.158384967172,full_d,0.9,0.812830516164,0.999996905928,0.58110334716,206,1.597
Fig. 2(b),16,16-QAM,full_state_raw_label_srm,0.9,1.8,0.79,0.158177863962,full_d,0.9,0.812830516164,0.999997893683,0.57354810541,204,1.57
Fig. 2(b),16,16-QAM,full_state_raw_label_srm,0.9,1.8,0.8,0.158018426097,full_d,0.9,0.812830516164,0.999996147132,0.566028190422,204,1.617
Fig. 2(b),16,16-QAM,full_state_raw_label_srm,0.9,1.8,0.81,0.157860683638,full_d,0.9,0.812830516164,0.999994644977,0.558546055143,204,1.519
Fig. 2(b),16,16-QAM,full_state_raw_label_srm,0.9,1.8,0.82,0.158044217817,full_d,0.9,0.812830516164,0.999994968577,0.551104039062,196,1.513
Fig. 2(b),16,16-QAM,full_state_raw_label_srm,0.9,1.8,0.83,0.158663200377,full_d,0.9,0.812830516164,0.999992019997,0.543704364586,202,1.561
Fig. 2(b),16,16-QAM,full_state_raw_label_srm,0.9,1.8,0.84,0.159266447125,full_d,0.9,0.812830516164,0.999993364402,0.536349130957,202,1.555
Fig. 2(b),16,16-QAM,full_state_raw_label_srm,0.9,1.8,0.85,0.159740486062,bridge,0.9,0.812830516164,0.999995527082,0.529040319542,202,1.675
Fig. 2(b),16,16-QAM,full_state_raw_label_srm,0.9,1.8,0.86,0.160094929024,full_d,0.9,0.812830516164,0.999996164465,0.521779771465,200,2.158
Fig. 2(b),16,16-QAM,full_state_raw_label_srm,0.9,1.8,0.87,0.160353010053,full_d,0.9,0.812830516164,0.999994376107,0.514569178027,200,2.189
Fig. 2(b),16,16-QAM,full_state_raw_label_srm,0.9,1.8,0.88,0.160458442915,full_d,0.9,0.812830516164,0.999994437978,0.507410070271,200,2.198
Fig. 2(b),16,16-QAM,full_state_raw_label_srm,0.9,1.8,0.89,0.160416135102,full_d,0.9,0.812830516164,0.999996236553,0.500303807343,204,2.236
Fig. 2(b),16,16-QAM,full_state_raw_label_srm,0.9,1.8,0.9,0.160345121261,full_d,0.9,0.812830516164,0.999995852631,0.493251564879,204,2.233
Fig. 2(b),16,16-QAM,full_state_raw_label_srm,0.9,1.8,0.91,0.16044373962,full_d,0.9,0.812830516164,0.999995501183,0.486254328473,208,2.192
Fig. 2(b),16,16-QAM,full_state_raw_label_srm,0.9,1.8,0.92,0.160400199851,full_d,0.9,0.812830516164,0.999994239385,0.479312890535,208,2.16
Fig. 2(b),16,16-QAM,full_state_raw_label_srm,0.9,1.8,0.925,0.160310423214,bridge,0.9,0.812830516164,0.999996703315,0.475863288765,208,2.184
Fig. 2(b),16,16-QAM,full_state_raw_label_srm,0.9,1.8,0.93,0.160176125426,full_d,0.9,0.812830516164,0.999996354414,0.472427844958,208,2.234
Fig. 2(b),16,16-QAM,full_state_raw_label_srm,0.9,1.8,0.94,0.159895284593,full_d,0.9,0.812830516164,0.999997851781,0.465599599749,212,2.19
Fig. 2(b),16,16-QAM,full_state_raw_label_srm,0.9,1.8,0.95,0.159592780138,full_d,0.9,0.812830516164,0.999995956261,0.458828379919,212,2.195
Fig. 2(b),16,16-QAM,full_state_raw_label_srm,0.9,1.8,0.96,0.159137469475,full_d,0.9,0.812830516164,0.999997668789,0.452114242406,212,2.22
Fig. 2(b),16,16-QAM,full_state_raw_label_srm,0.9,1.8,0.97,0.158538364168,full_d,0.9,0.812830516164,0.999996794436,0.445457092098,212,2.172
Fig. 2(b),16,16-QAM,full_state_raw_label_srm,0.9,1.8,0.98,0.157806226614,full_d,0.9,0.812830516164,0.99999653549,0.438856700672,212,2.235
Fig. 2(b),16,16-QAM,full_state_raw_label_srm,0.9,1.8,0.99,0.156951573175,full_d,0.9,0.812830516164,0.999996866978,0.432312731262,212,2.242
Fig. 2(b),16,16-QAM,full_state_raw_label_srm,0.9,1.8,1.0,0.156082711558,bridge,0.9,0.812830516164,0.999998422269,0.425824760654,208,2.154
Fig. 2(b),16,16-QAM,full_state_raw_label_srm,0.9,1.8,1.01,0.15513768274,full_d,0.9,0.812830516164,0.999997566829,0.419392307068,208,2.278
Fig. 2(b),16,16-QAM,full_state_raw_label_srm,0.9,1.8,1.02,0.154504397718,full_d,0.9,0.812830516164,0.999997446773,0.413014857278,224,2.254
Fig. 2(b),16,16-QAM,full_state_raw_label_srm,0.9,1.8,1.03,0.154337196693,full_d,0.9,0.812830516164,0.999997124526,0.406691895346,228,2.982
Fig. 2(b),16,16-QAM,full_state_raw_label_srm,0.9,1.8,1.04,0.154301979652,full_d,0.9,0.812830516164,0.999996466224,0.400422928368,228,3.043
Fig. 2(b),16,16-QAM,full_state_raw_label_srm,0.9,1.8,1.05,0.154355546295,full_d,0.9,0.812830516164,0.999998750557,0.394207518629,220,3.019
Fig. 2(b),16,16-QAM,full_state_raw_label_srm,0.9,1.8,1.06,0.154531335511,full_d,0.9,0.812830516164,0.999998568249,0.388045311033,220,2.98
Fig. 2(b),16,16-QAM,full_state_raw_label_srm,0.9,1.8,1.07,0.154682225827,full_d,0.9,0.812830516164,0.9999986961,0.381936060112,216,3.081
Fig. 2(b),16,16-QAM,full_state_raw_label_srm,0.9,1.8,1.075,0.154768048178,bridge,0.9,0.812830516164,0.999998017795,0.378901254342,216,3.113
Fig. 2(b),16,16-QAM,full_state_raw_label_srm,0.9,1.8,1.08,0.154840568003,full_d,0.9,0.812830516164,0.999998788638,0.37587965844,216,3.034
Fig. 2(b),16,16-QAM,full_state_raw_label_srm,0.9,1.8,1.09,0.155001643159,full_d,0.9,0.812830516164,0.999998754034,0.369876159056,212,3.057
Fig. 2(b),16,16-QAM,full_state_raw_label_srm,0.9,1.8,1.1,0.155192365415,full_d,0.9,0.812830516164,0.999997989026,0.363925797751,208,3.083
Fig. 2(b),16,16-QAM,full_state_raw_label_srm,0.9,1.8,1.11,0.155493070409,full_d,0.9,0.812830516164,0.999997626371,0.358029017427,208,3.102
Fig. 2(b),16,16-QAM,full_state_raw_label_srm,0.9,1.8,1.12,0.155853632791,full_d,0.9,0.812830516164,0.999997978779,0.352186479059,204,3.049
Fig. 2(b),16,16-QAM,full_state_raw_label_srm,0.9,1.8,1.13,0.156168666758,full_d,0.9,0.812830516164,0.999998139543,0.346399074143,204,3.085
Fig. 2(b),16,16-QAM,full_state_raw_label_srm,0.9,1.8,1.14,0.156424870595,full_d,0.9,0.812830516164,0.999999065509,0.340667929647,204,3.041
Fig. 2(b),16,16-QAM,full_state_raw_label_srm,0.9,1.8,1.15,0.156724453648,bridge,0.9,0.812830516164,0.999999596843,0.334994407213,208,3.162
Fig. 2(b),16,16-QAM,full_state_raw_label_srm,0.9,1.8,1.16,0.15708703973,full_d,0.9,0.812830516164,0.999996971323,0.32938009577,210,3.093
Fig. 2(b),16,16-QAM,full_state_raw_label_srm,0.9,1.8,1.17,0.157606114651,full_d,0.9,0.812830516164,0.999998590884,0.323826797739,210,3.082
Fig. 2(b),16,16-QAM,full_state_raw_label_srm,0.9,1.8,1.18,0.158046708982,full_d,0.9,0.812830516164,0.999998294544,0.318336508317,210,3.094
Fig. 2(b),16,16-QAM,full_state_raw_label_srm,0.9,1.8,1.19,0.15856439419,full_d,0.9,0.812830516164,0.999999527174,0.312911389275,218,3.079
Fig. 2(b),16,16-QAM,full_state_raw_label_srm,0.9,1.8,1.2,0.159193275027,full_d,0.9,0.812830516164,0.999999560063,0.307553737107,218,3.211
Fig. 2(b),16,16-QAM,full_state_raw_label_srm,0.9,1.8,1.21,0.159730539924,full_d,0.9,0.812830516164,0.999999855253,0.30226594669,218,3.258
Fig. 2(b),16,16-QAM,full_state_raw_label_srm,0.9,1.8,1.22,0.160175138672,full_d,0.9,0.812830516164,0.999997086161,0.297050470875,218,4.063
Fig. 2(b),16,16-QAM,full_state_raw_label_srm,0.9,1.8,1.225,0.160363461091,bridge,0.9,0.812830516164,0.999998444977,0.294470623554,218,4.136
Fig. 2(b),16,16-QAM,full_state_raw_label_srm,0.9,1.8,1.23,0.160528775708,full_d,0.9,0.812830516164,0.999997906495,0.291909779809,218,4.123
Fig. 2(b),16,16-QAM,full_state_raw_label_srm,0.9,1.8,1.24,0.160947594558,full_d,0.9,0.812830516164,0.99999930657,0.286846314168,226,4.283
Fig. 2(b),16,16-QAM,full_state_raw_label_srm,0.9,1.8,1.25,0.161309721328,full_d,0.9,0.812830516164,0.99999960426,0.28186244256,226,4.312
Fig. 2(b),16,16-QAM,full_state_raw_label_srm,0.9,1.8,1.26,0.161588372345,full_d,0.9,0.812830516164,0.999999778895,0.276960417481,226,4.331
Fig. 2(b),16,16-QAM,full_state_raw_label_srm,0.9,1.8,1.27,0.161788204515,full_d,0.9,0.812830516164,0.999999644893,0.272142333676,226,4.237
Fig. 2(b),16,16-QAM,full_state_raw_label_srm,0.9,1.8,1.28,0.161915025746,full_d,0.9,0.812830516164,0.999999921404,0.26741008963,226,4.233
Fig. 2(b),16,16-QAM,full_state_raw_label_srm,0.9,1.8,1.29,0.161975338948,full_d,0.9,0.812830516164,0.999999959884,0.262765353285,226,4.2
Fig. 2(b),16,16-QAM,full_state_raw_label_srm,0.9,1.8,1.3,0.162034450623,bridge,0.9,0.812830516164,0.999999906735,0.258209536354,222,4.127
Fig. 2(b),16,16-QAM,full_state_raw_label_srm,0.9,1.8,1.31,0.16206111329,full_d,0.9,0.812830516164,0.999999898421,0.253743758673,222,4.308
Fig. 2(b),16,16-QAM,full_state_raw_label_srm,0.9,1.8,1.32,0.162038618755,full_d,0.9,0.812830516164,0.99999988211,0.249368849429,222,4.28
Fig. 2(b),16,16-QAM,full_state_raw_label_srm,0.9,1.8,1.33,0.161975510871,full_d,0.9,0.812830516164,0.999999079139,0.245085326396,222,4.301
Fig. 2(b),16,16-QAM,full_state_raw_label_srm,0.9,1.8,1.34,0.161881054465,full_d,0.9,0.812830516164,0.999999564556,0.240893395806,222,4.275
Fig. 2(b),16,16-QAM,full_state_raw_label_srm,0.9,1.8,1.35,0.161933927715,full_d,0.9,0.812830516164,0.999999934745,0.236792956151,226,4.364
Fig. 2(b),16,16-QAM,full_state_raw_label_srm,0.9,1.8,1.36,0.162063017689,full_d,0.9,0.812830516164,0.999999965793,0.232783608035,222,4.418
Fig. 2(b),16,16-QAM,full_state_raw_label_srm,0.9,1.8,1.37,0.162355193262,full_d,0.9,0.812830516164,0.999999994888,0.228864669353,222,4.472
Fig. 2(b),16,16-QAM,full_state_raw_label_srm,0.9,1.8,1.375,0.162542115594,bridge,0.9,0.812830516164,0.999999995338,0.226938817851,226,4.529
Fig. 2(b),16,16-QAM,full_state_raw_label_srm,0.9,1.8,1.38,0.162802327074,full_d,0.9,0.812830516164,0.999999958008,0.22503519496,226,4.35
Fig. 2(b),16,16-QAM,full_state_raw_label_srm,0.9,1.8,1.39,0.163349247226,full_d,0.9,0.812830516164,0.999999996026,0.221293999954,226,4.346
Fig. 2(b),16,16-QAM,full_state_raw_label_srm,0.9,1.8,1.4,0.163934989195,full_d,0.9,0.812830516164,0.999999995947,0.217639685676,226,4.322
Fig. 2(b),16,16-QAM,full_state_raw_label_srm,0.9,1.8,1.41,0.164563105598,full_d,0.9,0.812830516164,0.999999995339,0.21407066765,226,4.421
Fig. 2(b),16,16-QAM,full_state_raw_label_srm,0.9,1.8,1.42,0.165236358194,full_d,0.9,0.812830516164,0.999999985546,0.21058520473,226,4.43
Fig. 2(b),16,16-QAM,full_state_raw_label_srm,0.9,1.8,1.43,0.166151641986,full_d,0.9,0.812830516164,0.999999998746,0.207181428871,228,5.875
Fig. 2(b),16,16-QAM,full_state_raw_label_srm,0.9,1.8,1.44,0.167126418804,full_d,0.9,0.812830516164,0.999999998933,0.203857375037,228,5.747
Fig. 2(b),16,16-QAM,full_state_raw_label_srm,0.9,1.8,1.45,0.168158193008,bridge,0.9,0.812830516164,0.999999999664,0.200611010852,228,5.744
Fig. 2(b),16,16-QAM,full_state_raw_label_srm,0.9,1.8,1.46,0.1692454252,full_d,0.9,0.812830516164,0.999999995995,0.197440265659,228,6.061
Fig. 2(b),16,16-QAM,full_state_raw_label_srm,0.9,1.8,1.47,0.170582919017,full_d,0.9,0.812830516164,0.999999999827,0.194343058661,236,5.974
Fig. 2(b),16,16-QAM,full_state_raw_label_srm,0.9,1.8,1.48,0.1722455469,full_d,0.9,0.812830516164,0.999999999883,0.191317325827,236,5.937
Fig. 2(b),16,16-QAM,full_state_raw_label_srm,0.9,1.8,1.49,0.173954117153,full_d,0.9,0.812830516164,0.999999999291,0.188361045191,236,6.052
Fig. 2(b),16,16-QAM,full_state_raw_label_srm,0.9,1.8,1.5,0.175721321929,full_d,0.9,0.812830516164,0.99999999958,0.18547226011,240,6.014
Fig. 2(b),16,16-QAM,full_state_raw_label_srm,0.9,1.8,1.51,0.177548231622,full_d,0.9,0.812830516164,0.99999999975,0.182649100002,244,6.052
Fig. 2(b),16,16-QAM,full_state_raw_label_srm,0.9,1.8,1.52,0.17942299364,full_d,0.9,0.812830516164,0.999999999669,0.179889798057,244,5.937
Fig. 2(b),16,16-QAM,full_state_raw_label_srm,0.9,1.8,1.525,0.180371214113,bridge,0.9,0.812830516164,0.999999999952,0.178533573704,244,6.182
Fig. 2(b),16,16-QAM,full_state_raw_label_srm,0.9,1.8,1.53,0.181325693554,full_d,0.9,0.812830516164,0.99999999967,0.17719270538,244,6.001
Fig. 2(b),16,16-QAM,full_state_raw_label_srm,0.9,1.8,1.54,0.183250708337,full_d,0.9,0.812830516164,0.999999999781,0.174556301105,244,6.052
Fig. 2(b),16,16-QAM,full_state_raw_label_srm,0.9,1.8,1.55,0.185243619903,full_d,0.9,0.812830516164,0.999999999894,0.171979198104,248,5.985
Fig. 2(b),16,16-QAM,full_state_raw_label_srm,0.9,1.8,1.56,0.187260056244,full_d,0.9,0.812830516164,0.999999999958,0.169460144045,248,5.992
Fig. 2(b),16,16-QAM,full_state_raw_label_srm,0.9,1.8,1.57,0.189286208445,full_d,0.9,0.812830516164,0.999999999969,0.166998017775,248,6.113
Fig. 2(b),16,16-QAM,full_state_raw_label_srm,0.9,1.8,1.58,0.191320126192,full_d,0.9,0.812830516164,0.999999999983,0.164591821184,250,5.879
Fig. 2(b),16,16-QAM,full_state_raw_label_srm,0.9,1.8,1.59,0.193401522375,full_d,0.9,0.812830516164,0.999999999988,0.162240666937,254,5.979
Fig. 2(b),16,16-QAM,full_state_raw_label_srm,0.9,1.8,1.6,0.195600099365,bridge,0.9,0.812830516164,0.999999999994,0.159943762643,256,6.136
Fig. 2(b),16,16-QAM,full_state_raw_label_srm,0.9,1.8,1.61,0.197833258881,full_d,0.9,0.812830516164,0.999999999998,0.1577003922,256,6.168
Fig. 2(b),16,16-QAM,full_state_raw_label_srm,0.9,1.8,1.62,0.200068002572,full_d,0.9,0.812830516164,0.999999999997,0.155509895132,254,5.967
Fig. 2(b),16,16-QAM,full_state_raw_label_srm,0.9,1.8,1.63,0.202308075467,full_d,0.9,0.812830516164,0.999999999997,0.153371644816,254,6.215
Fig. 2(b),16,16-QAM,full_state_raw_label_srm,0.9,1.8,1.64,0.204545728072,full_d,0.9,0.812830516164,0.999999999996,0.151285026449,254,8.061
Fig. 2(b),16,16-QAM,full_state_raw_label_srm,0.9,1.8,1.65,0.206782222532,full_d,0.9,0.812830516164,0.999999999998,0.149249415583,254,8.191
Fig. 2(b),16,16-QAM,full_state_raw_label_srm,0.9,1.8,1.66,0.209020339836,full_d,0.9,0.812830516164,0.999999999998,0.147264157925,256,8.156
Fig. 2(b),16,16-QAM,full_state_raw_label_srm,0.9,1.8,1.67,0.211271006068,full_d,0.9,0.812830516164,0.999999999999,0.145328551017,256,8.289
Fig. 2(b),16,16-QAM,full_state_raw_label_srm,0.9,1.8,1.675,0.212399346169,bridge,0.9,0.812830516164,0.999999999999,0.144379129921,256,8.142
Fig. 2(b),16,16-QAM,full_state_raw_label_srm,0.9,1.8,1.68,0.213529958803,full_d,0.9,0.812830516164,0.999999999999,0.14344182826,256,8.341
Fig. 2(b),16,16-QAM,full_state_raw_label_srm,0.9,1.8,1.69,0.215798703734,full_d,0.9,0.812830516164,0.999999999999,0.141603145628,256,8.312
Fig. 2(b),16,16-QAM,full_state_raw_label_srm,0.9,1.8,1.7,0.218078399923,full_d,0.9,0.812830516164,0.999999999997,0.139811571311,256,8.242
Fig. 2(b),16,16-QAM,full_state_raw_label_srm,0.9,1.8,1.71,0.220369708158,full_d,0.9,0.812830516164,0.999999999999,0.138066078416,256,8.169
Fig. 2(b),16,16-QAM,full_state_raw_label_srm,0.9,1.8,1.72,0.222672640375,full_d,0.9,0.812830516164,1.0,0.136365540788,256,8.224
Fig. 2(b),16,16-QAM,full_state_raw_label_srm,0.9,1.8,1.73,0.224986412642,full_d,0.9,0.812830516164,1.0,0.134708731936,256,8.265
Fig. 2(b),16,16-QAM,full_state_raw_label_srm,0.9,1.8,1.74,0.227309305448,full_d,0.9,0.812830516164,1.0,0.133094326998,256,8.172
Fig. 2(b),16,16-QAM,full_state_raw_label_srm,0.9,1.8,1.75,0.229638536138,bridge,0.9,0.812830516164,0.999999999999,0.131520907659,256,8.18
Fig. 2(b),16,16-QAM,full_state_raw_label_srm,0.9,1.8,1.76,0.231970149341,full_d,0.9,0.812830516164,1.0,0.129986969862,256,8.279
Fig. 2(b),16,16-QAM,full_state_raw_label_srm,0.9,1.8,1.77,0.234298931766,full_d,0.9,0.812830516164,1.0,0.128490934154,256,8.354
Fig. 2(b),16,16-QAM,full_state_raw_label_srm,0.9,1.8,1.78,0.236618357779,full_d,0.9,0.812830516164,1.0,0.127031158428,256,8.187
Fig. 2(b),16,16-QAM,full_state_raw_label_srm,0.9,1.8,1.79,0.238920571639,full_d,0.9,0.812830516164,1.0,0.125605952807,256,8.265
Fig. 2(b),16,16-QAM,full_state_raw_label_srm,0.9,1.8,1.8,0.241196411166,full_d,0.9,0.812830516164,1.0,0.124213596337,256,8.51
Fig. 2(b),16,16-QAM,full_state_raw_label_srm,0.9,1.8,1.81,0.243435476004,full_d,0.9,0.812830516164,1.0,0.12285235511,256,8.358
Fig. 2(b),16,16-QAM,full_state_raw_label_srm,0.9,1.8,1.82,0.245626241515,full_d,0.9,0.812830516164,1.0,0.121520501354,256,8.332
Fig. 2(b),16,16-QAM,full_state_raw_label_srm,0.9,1.8,1.83,0.247756216995,full_d,0.9,0.812830516164,1.0,0.120216333006,256,8.558
Fig. 2(b),16,16-QAM,full_state_raw_label_srm,0.9,1.8,1.84,0.24981214445,high_d,0.9,0.812830516164,1.0,0.118938193177,256,8.39
Fig. 2(b),16,16-QAM,full_state_raw_label_srm,0.9,1.8,1.845,0.250808044067,high_d,0.9,0.812830516164,1.0,0.11830838318,256,8.232
Fig. 2(b),16,16-QAM,full_state_raw_label_srm,0.9,1.8,1.85,0.251780231882,high_d,0.9,0.812830516164,0.999999999999,0.117684488945,256,8.29
Fig. 2(b),16,16-QAM,full_state_raw_label_srm,0.9,1.8,1.855,0.252726943093,high_d,0.9,0.812830516164,1.0,0.117066324224,256,8.288
Fig. 2(b),16,16-QAM,full_state_raw_label_srm,0.9,1.8,1.86,0.253646412988,high_d,0.9,0.812830516164,1.0,0.116453708855,256,8.328
Fig. 2(b),16,16-QAM,full_state_raw_label_srm,0.9,1.8,1.865,0.25453688582,high_d,0.9,0.812830516164,1.0,0.1158464692,256,8.294
Fig. 2(b),16,16-QAM,full_state_raw_label_srm,0.9,1.8,1.87,0.255396623694,high_d,0.9,0.812830516164,1.0,0.115244438536,256,8.348
Fig. 2(b),16,16-QAM,full_state_raw_label_srm,0.9,1.8,1.875,0.25622391539,high_d,0.9,0.812830516164,1.0,0.114647457407,256,8.357
Fig. 2(b),16,16-QAM,full_state_raw_label_srm,0.9,1.8,1.88,0.257017085026,high_d,0.9,0.812830516164,1.0,0.114055373919,256,8.407
Fig. 2(b),16,16-QAM,full_state_raw_label_srm,0.9,1.8,1.885,0.257774500505,high_d,0.9,0.812830516164,0.999999999999,0.113468043994,256,8.276
Fig. 2(b),16,16-QAM,full_state_raw_label_srm,0.9,1.8,1.89,0.258494581654,high_d,0.9,0.812830516164,1.0,0.112885331566,256,8.204
Fig. 2(b),16,16-QAM,full_state_raw_label_srm,0.9,1.8,1.895,0.259175807994,high_d,0.9,0.812830516164,1.0,0.112307108724,256,8.36
Fig. 2(b),16,16-QAM,full_state_raw_label_srm,0.9,1.8,1.9,0.259816726102,high_d,0.9,0.812830516164,0.999999999999,0.1117332558,256,8.193
Fig. 2(b),16,16-QAM,full_state_raw_label_srm,0.9,1.8,1.905,0.26041595649,high_d,0.9,0.812830516164,1.0,0.111163661405,256,8.2
Fig. 2(b),16,16-QAM,full_state_raw_label_srm,0.9,1.8,1.91,0.260972199998,high_d,0.9,0.812830516164,0.999999999999,0.110598222402,256,8.239
Fig. 2(b),16,16-QAM,full_state_raw_label_srm,0.9,1.8,1.915,0.261484243665,high_d,0.9,0.812830516164,0.999999999999,0.110036843842,256,8.351
Fig. 2(b),16,16-QAM,full_state_raw_label_srm,0.9,1.8,1.92,0.261950966072,high_d,0.9,0.812830516164,1.0,0.109479438828,256,8.337
Fig. 2(b),16,16-QAM,full_state_raw_label_srm,0.9,1.8,1.925,0.262371342184,high_d,0.9,0.812830516164,0.999999999999,0.108925928349,256,8.434
Fig. 2(b),16,16-QAM,full_state_raw_label_srm,0.9,1.8,1.93,0.262744447721,high_d,0.9,0.812830516164,1.0,0.108376241056,256,8.287
Fig. 2(b),16,16-QAM,full_state_raw_label_srm,0.9,1.8,1.935,0.263069463106,high_d,0.9,0.812830516164,1.0,0.107830312998,256,8.289
Fig. 2(b),16,16-QAM,full_state_raw_label_srm,0.9,1.8,1.94,0.263345677085,high_d,0.9,0.812830516164,1.0,0.107288087323,256,8.262
Fig. 2(b),16,16-QAM,full_state_raw_label_srm,0.9,1.8,1.945,0.263572490106,high_d,0.9,0.812830516164,1.0,0.106749513938,256,8.372
Fig. 2(b),16,16-QAM,full_state_raw_label_srm,0.9,1.8,1.95,0.263749417611,high_d,0.9,0.812830516164,0.999999999999,0.106214549147,256,8.292
Fig. 2(b),16,16-QAM,full_state_raw_label_srm,0.9,1.8,1.955,0.263876093394,high_d,0.9,0.812830516164,1.0,0.105683155255,256,8.144
Fig. 2(b),16,16-QAM,full_state_raw_label_srm,0.9,1.8,1.96,0.263952273253,high_d,0.9,0.812830516164,1.0,0.105155300161,256,8.303
Fig. 2(b),16,16-QAM,full_state_raw_label_srm,0.9,1.8,1.965,0.263977839322,high_d,0.9,0.812830516164,1.0,0.104630956928,256,8.233
Fig. 2(b),16,16-QAM,full_state_raw_label_srm,0.9,1.8,1.97,0.2639528307,high_d,0.9,0.812830516164,1.0,0.104110103349,256,8.361
Fig. 2(b),16,16-QAM,full_state_raw_label_srm,0.9,1.8,1.975,0.263877626709,high_d,0.9,0.812830516164,1.0,0.103592721504,256,8.265
Fig. 2(b),16,16-QAM,full_state_raw_label_srm,0.9,1.8,1.98,0.263752851685,high_d,0.9,0.812830516164,0.999999999999,0.103078797318,256,8.432
Fig. 2(b),16,16-QAM,full_state_raw_label_srm,0.9,1.8,1.985,0.26357927811,high_d,0.9,0.812830516164,1.0,0.102568320127,256,8.32
Fig. 2(b),16,16-QAM,full_state_raw_label_srm,0.9,1.8,1.99,0.263357809852,high_d,0.9,0.812830516164,1.0,0.102061282245,256,8.177
Fig. 2(b),16,16-QAM,full_state_raw_label_srm,0.9,1.8,1.995,0.263089466838,high_d,0.9,0.812830516164,1.0,0.101557678553,256,8.422
Fig. 2(b),16,16-QAM,full_state_raw_label_srm,0.9,1.8,2.0,0.262775370293,high_d,0.9,0.812830516164,0.999999999999,0.101057506095,256,8.399
Fig. 2(b),16,16-QAM,full_state_raw_label_srm,0.9,1.8,2.005,0.262416728426,high_d,0.9,0.812830516164,0.999999999999,0.100560763701,256,8.377
Fig. 2(b),16,16-QAM,full_state_raw_label_srm,0.9,1.8,2.01,0.262014822604,high_d,0.9,0.812830516164,1.0,0.100067451626,256,8.578
Fig. 2(b),16,16-QAM,full_state_raw_label_srm,0.9,1.8,2.015,0.261570994137,high_d,0.9,0.812830516164,1.0,0.0995775712172,256,8.597
Fig. 2(b),16,16-QAM,full_state_raw_label_srm,0.9,1.8,2.02,0.261086631734,high_d,0.9,0.812830516164,0.999999999999,0.099091124607,256,8.624
Fig. 2(b),16,16-QAM,full_state_raw_label_srm,0.9,1.8,2.025,0.260563159715,high_d,0.9,0.812830516164,1.0,0.0986081144295,256,8.591
Fig. 2(b),16,16-QAM,full_state_raw_label_srm,0.9,1.8,2.03,0.260002027013,high_d,0.9,0.812830516164,1.0,0.098128543569,256,8.332
Fig. 2(b),16,16-QAM,full_state_raw_label_srm,0.9,1.8,2.035,0.259404697013,high_d,0.9,0.812830516164,0.999999999999,0.0976524149352,256,8.163
Fig. 2(b),16,16-QAM,full_state_raw_label_srm,0.9,1.8,2.04,0.258772638217,high_d,0.9,0.812830516164,0.999999999999,0.0971797312672,256,7.934
Fig. 2(b),16,16-QAM,full_state_raw_label_srm,0.9,1.8,2.045,0.25810731575,high_d,0.9,0.812830516164,1.0,0.0967104949658,256,7.916
Fig. 2(b),16,16-QAM,full_state_raw_label_srm,0.9,1.8,2.05,0.257410183681,high_d,0.9,0.812830516164,1.0,0.0962447079529,256,5.891
Fig. 2(b),16,16-QAM,full_state_raw_label_srm,0.9,1.8,2.06,0.255926211233,full_d,0.9,0.812830516164,1.0,0.0953234864267,256,8.191
Fig. 2(b),16,16-QAM,full_state_raw_label_srm,0.9,1.8,2.07,0.254331889893,full_d,0.9,0.812830516164,1.0,0.0944160687768,256,8.358
Fig. 2(b),16,16-QAM,full_state_raw_label_srm,0.9,1.8,2.08,0.252637848383,full_d,0.9,0.812830516164,0.999999999999,0.0935224446377,256,8.312
Fig. 2(b),16,16-QAM,full_state_raw_label_srm,0.9,1.8,2.09,0.25085405541,full_d,0.9,0.812830516164,1.0,0.0926425907632,256,8.173
Fig. 2(b),16,16-QAM,full_state_raw_label_srm,0.9,1.8,2.1,0.248989736187,full_d,0.9,0.812830516164,0.999999999999,0.0917764716849,256,8.183
Fig. 2(b),16,16-QAM,full_state_raw_label_srm,0.9,1.8,2.11,0.247053319615,full_d,0.9,0.812830516164,0.999999999999,0.0909240412161,256,8.235
Fig. 2(b),16,16-QAM,full_state_raw_label_srm,0.9,1.8,2.12,0.245052410886,full_d,0.9,0.812830516164,1.0,0.0900852445677,256,8.295
Fig. 2(b),16,16-QAM,full_state_raw_label_srm,0.9,1.8,2.13,0.24299378483,full_d,0.9,0.812830516164,1.0,0.0892600208547,256,8.274
Fig. 2(b),16,16-QAM,full_state_raw_label_srm,0.9,1.8,2.14,0.240883396214,full_d,0.9,0.812830516164,1.0,0.0884483057896,256,7.168
Fig. 2(b),16,16-QAM,full_state_raw_label_srm,0.9,1.8,2.15,0.238726403284,full_d,0.9,0.812830516164,1.0,0.087650034385,256,6.127
Fig. 2(b),16,16-QAM,full_state_raw_label_srm,0.95,1.9,0.3,0.186178139186,full_d,0.95,0.803526122186,0.999989174884,0.915698962368,224,1.069
Fig. 2(b),16,16-QAM,full_state_raw_label_srm,0.95,1.9,0.31,0.191340232651,full_d,0.95,0.803526122186,0.999992676839,0.910275331603,224,0.937
Fig. 2(b),16,16-QAM,full_state_raw_label_srm,0.95,1.9,0.32,0.196058603241,full_d,0.95,0.803526122186,0.999993634433,0.904711571205,224,0.963
Fig. 2(b),16,16-QAM,full_state_raw_label_srm,0.95,1.9,0.33,0.200320937108,full_d,0.95,0.803526122186,0.999994586564,0.899011161092,224,1.204
Fig. 2(b),16,16-QAM,full_state_raw_label_srm,0.95,1.9,0.34,0.204117795425,low_d,0.95,0.803526122186,0.999996756162,0.893177672582,224,1.368
Fig. 2(b),16,16-QAM,full_state_raw_label_srm,0.95,1.9,0.3425,0.204993284953,low_d,0.95,0.803526122186,0.999996742148,0.891698934196,224,1.217
Fig. 2(b),16,16-QAM,full_state_raw_label_srm,0.95,1.9,0.345,0.205838848176,low_d,0.95,0.803526122186,0.999995197669,0.890212165032,224,1.022
Fig. 2(b),16,16-QAM,full_state_raw_label_srm,0.95,1.9,0.3475,0.206654688655,low_d,0.95,0.803526122186,0.999993417027,0.888717423574,224,1.004
Fig. 2(b),16,16-QAM,full_state_raw_label_srm,0.95,1.9,0.35,0.207441471206,low_d,0.95,0.803526122186,0.999994847888,0.887214768681,224,0.971
Fig. 2(b),16,16-QAM,full_state_raw_label_srm,0.95,1.9,0.3525,0.208198355106,low_d,0.95,0.803526122186,0.999995600719,0.885704259558,224,0.953
Fig. 2(b),16,16-QAM,full_state_raw_label_srm,0.95,1.9,0.355,0.208925499365,low_d,0.95,0.803526122186,0.999996565935,0.884185955775,224,1.004
Fig. 2(b),16,16-QAM,full_state_raw_label_srm,0.95,1.9,0.3575,0.209622277344,low_d,0.95,0.803526122186,0.999994830042,0.882659917261,224,0.872
Fig. 2(b),16,16-QAM,full_state_raw_label_srm,0.95,1.9,0.36,0.210289611284,low_d,0.95,0.803526122186,0.999994814881,0.881126204306,224,0.665
Fig. 2(b),16,16-QAM,full_state_raw_label_srm,0.95,1.9,0.3625,0.210927396869,low_d,0.95,0.803526122186,0.999995968501,0.879584877557,224,0.612
Fig. 2(b),16,16-QAM,full_state_raw_label_srm,0.95,1.9,0.365,0.211535466947,low_d,0.95,0.803526122186,0.999997395104,0.878035998021,224,0.61
Fig. 2(b),16,16-QAM,full_state_raw_label_srm,0.95,1.9,0.3675,0.212112899575,low_d,0.95,0.803526122186,0.999994596935,0.876479627064,224,0.618
Fig. 2(b),16,16-QAM,full_state_raw_label_srm,0.95,1.9,0.37,0.212661766997,low_d,0.95,0.803526122186,0.999997148624,0.874915826408,224,0.633
Fig. 2(b),16,16-QAM,full_state_raw_label_srm,0.95,1.9,0.3725,0.21318055468,low_d,0.95,0.803526122186,0.999997649567,0.873344658133,224,0.615
Fig. 2(b),16,16-QAM,full_state_raw_label_srm,0.95,1.9,0.375,0.213669087883,low_d,0.95,0.803526122186,0.999994969441,0.87176618466,224,0.639
Fig. 2(b),16,16-QAM,full_state_raw_label_srm,0.95,1.9,0.3775,0.214128432527,low_d,0.95,0.803526122186,0.999993783225,0.870180468804,224,0.616
Fig. 2(b),16,16-QAM,full_state_raw_label_srm,0.95,1.9,0.38,0.214558675654,low_d,0.95,0.803526122186,0.999994072195,0.86858757369,224,0.667
Fig. 2(b),16,16-QAM,full_state_raw_label_srm,0.95,1.9,0.3825,0.214960147421,low_d,0.95,0.803526122186,0.9999968712,0.866987562816,224,0.608
Fig. 2(b),16,16-QAM,full_state_raw_label_srm,0.95,1.9,0.385,0.215332114742,low_d,0.95,0.803526122186,0.999998263117,0.865380500016,224,0.629
Fig. 2(b),16,16-QAM,full_state_raw_label_srm,0.95,1.9,0.3875,0.215673677095,low_d,0.95,0.803526122186,0.999993509682,0.863766449488,224,0.587
Fig. 2(b),16,16-QAM,full_state_raw_label_srm,0.95,1.9,0.39,0.215987599184,low_d,0.95,0.803526122186,0.99999484067,0.862145475748,224,0.606
Fig. 2(b),16,16-QAM,full_state_raw_label_srm,0.95,1.9,0.3925,0.216271532611,low_d,0.95,0.803526122186,0.99999069554,0.860517643652,224,0.653
Fig. 2(b),16,16-QAM,full_state_raw_label_srm,0.95,1.9,0.395,0.216528532535,low_d,0.95,0.803526122186,0.999994494537,0.858883018411,224,0.619
Fig. 2(b),16,16-QAM,full_state_raw_label_srm,0.95,1.9,0.3975,0.216756307279,low_d,0.95,0.803526122186,0.999994878568,0.857241665563,224,0.616
Fig. 2(b),16,16-QAM,full_state_raw_label_srm,0.95,1.9,0.4,0.216955708012,low_d,0.95,0.803526122186,0.999994972257,0.855593650955,224,0.603
Fig. 2(b),16,16-QAM,full_state_raw_label_srm,0.95,1.9,0.4025,0.217125799291,low_d,0.95,0.803526122186,0.999989606644,0.853939040768,224,0.616
Fig. 2(b),16,16-QAM,full_state_raw_label_srm,0.95,1.9,0.405,0.217270648549,low_d,0.95,0.803526122186,0.999996610413,0.852277901499,224,0.651
Fig. 2(b),16,16-QAM,full_state_raw_label_srm,0.95,1.9,0.4075,0.217385866868,low_d,0.95,0.803526122186,0.999994821223,0.850610299948,224,0.608
Fig. 2(b),16,16-QAM,full_state_raw_label_srm,0.95,1.9,0.41,0.217473729999,low_d,0.95,0.803526122186,0.999993716649,0.848936303232,224,0.647
Fig. 2(b),16,16-QAM,full_state_raw_label_srm,0.95,1.9,0.4125,0.217534479599,low_d,0.95,0.803526122186,0.999993360391,0.84725597874,224,0.588
Fig. 2(b),16,16-QAM,full_state_raw_label_srm,0.95,1.9,0.415,0.217568559524,low_d,0.95,0.803526122186,0.999994701181,0.845569394163,224,0.616
Fig. 2(b),16,16-QAM,full_state_raw_label_srm,0.95,1.9,0.4175,0.217575783625,low_d,0.95,0.803526122186,0.999995746374,0.843876617469,224,0.64
Fig. 2(b),16,16-QAM,full_state_raw_label_srm,0.95,1.9,0.42,0.217556529306,low_d,0.95,0.803526122186,0.999997086512,0.842177716797,224,0.595
Fig. 2(b),16,16-QAM,full_state_raw_label_srm,0.95,1.9,0.4225,0.217510554409,low_d,0.95,0.803526122186,0.999996311196,0.840472760827,224,0.643
Fig. 2(b),16,16-QAM,full_state_raw_label_srm,0.95,1.9,0.425,0.217438773738,low_d,0.95,0.803526122186,0.999996389585,0.838761818214,224,0.646
Fig. 2(b),16,16-QAM,full_state_raw_label_srm,0.95,1.9,0.4275,0.217341205137,low_d,0.95,0.803526122186,0.999996101623,0.837044957872,224,0.647
Fig. 2(b),16,16-QAM,full_state_raw_label_srm,0.95,1.9,0.43,0.217217375046,low_d,0.95,0.803526122186,0.999991887033,0.835322249134,224,0.652
Fig. 2(b),16,16-QAM,full_state_raw_label_srm,0.95,1.9,0.4325,0.217069291009,low_d,0.95,0.803526122186,0.999991601782,0.833593761371,224,0.603
Fig. 2(b),16,16-QAM,full_state_raw_label_srm,0.95,1.9,0.435,0.216897116333,low_d,0.95,0.803526122186,0.99999456398,0.831859564199,224,0.592
Fig. 2(b),16,16-QAM,full_state_raw_label_srm,0.95,1.9,0.4375,0.216699529736,low_d,0.95,0.803526122186,0.999993202774,0.830119727419,224,0.593
Fig. 2(b),16,16-QAM,full_state_raw_label_srm,0.95,1.9,0.44,0.21647877212,low_d,0.95,0.803526122186,0.999996338404,0.828374321024,224,0.644
Fig. 2(b),16,16-QAM,full_state_raw_label_srm,0.95,1.9,0.4425,0.216233373869,low_d,0.95,0.803526122186,0.999995627744,0.826623415142,224,0.616
Fig. 2(b),16,16-QAM,full_state_raw_label_srm,0.95,1.9,0.445,0.21596500511,low_d,0.95,0.803526122186,0.999997192291,0.824867080046,224,0.812
Fig. 2(b),16,16-QAM,full_state_raw_label_srm,0.95,1.9,0.4475,0.215673088621,low_d,0.95,0.803526122186,0.999996736246,0.823105386139,224,0.814
Fig. 2(b),16,16-QAM,full_state_raw_label_srm,0.95,1.9,0.45,0.215357841004,low_d,0.95,0.803526122186,0.999993572569,0.821338403947,224,0.844
Fig. 2(b),16,16-QAM,full_state_raw_label_srm,0.95,1.9,0.4525,0.215021486045,low_d,0.95,0.803526122186,0.999996326105,0.819566203996,224,0.831
Fig. 2(b),16,16-QAM,full_state_raw_label_srm,0.95,1.9,0.455,0.21466269722,low_d,0.95,0.803526122186,0.999997107492,0.81778885697,224,0.822
Fig. 2(b),16,16-QAM,full_state_raw_label_srm,0.95,1.9,0.4575,0.21428208537,low_d,0.95,0.803526122186,0.999996986925,0.816006433576,224,0.819
Fig. 2(b),16,16-QAM,full_state_raw_label_srm,0.95,1.9,0.46,0.213879755505,low_d,0.95,0.803526122186,0.999994648262,0.814219004564,224,0.869
Fig. 2(b),16,16-QAM,full_state_raw_label_srm,0.95,1.9,0.4625,0.213457179785,low_d,0.95,0.803526122186,0.999995131607,0.812426640619,224,0.818
Fig. 2(b),16,16-QAM,full_state_raw_label_srm,0.95,1.9,0.465,0.213014237633,low_d,0.95,0.803526122186,0.999996032506,0.810629412483,224,0.808
Fig. 2(b),16,16-QAM,full_state_raw_label_srm,0.95,1.9,0.4675,0.212550680807,low_d,0.95,0.803526122186,0.999994297055,0.808827390854,224,0.805
Fig. 2(b),16,16-QAM,full_state_raw_label_srm,0.95,1.9,0.47,0.212068365056,low_d,0.95,0.803526122186,0.999996749846,0.807020646318,224,0.809
Fig. 2(b),16,16-QAM,full_state_raw_label_srm,0.95,1.9,0.4725,0.21156609566,low_d,0.95,0.803526122186,0.999995838083,0.805209249423,224,0.815
Fig. 2(b),16,16-QAM,full_state_raw_label_srm,0.95,1.9,0.475,0.2110452752,low_d,0.95,0.803526122186,0.99999616544,0.803393270151,224,0.842
Fig. 2(b),16,16-QAM,full_state_raw_label_srm,0.95,1.9,0.4775,0.210505841358,low_d,0.95,0.803526122186,0.99999558745,0.801572779689,224,0.8
Fig. 2(b),16,16-QAM,full_state_raw_label_srm,0.95,1.9,0.48,0.209948484246,low_d,0.95,0.803526122186,0.999995372226,0.79974784753,224,0.808
Fig. 2(b),16,16-QAM,full_state_raw_label_srm,0.95,1.9,0.4825,0.209373328759,low_d,0.95,0.803526122186,0.999994074345,0.797918543948,224,0.817
Fig. 2(b),16,16-QAM,full_state_raw_label_srm,0.95,1.9,0.485,0.208780173977,low_d,0.95,0.803526122186,0.999988725884,0.796084938552,224,0.816
Fig. 2(b),16,16-QAM,full_state_raw_label_srm,0.95,1.9,0.4875,0.208172001888,low_d,0.95,0.803526122186,0.999991593772,0.794247100852,224,0.814
Fig. 2(b),16,16-QAM,full_state_raw_label_srm,0.95,1.9,0.49,0.207547797509,low_d,0.95,0.803526122186,0.999995832434,0.792405100102,224,0.828
Fig. 2(b),16,16-QAM,full_state_raw_label_srm,0.95,1.9,0.4925,0.20690637685,low_d,0.95,0.803526122186,0.999993690252,0.790559005336,224,0.813
Fig. 2(b),16,16-QAM,full_state_raw_label_srm,0.95,1.9,0.495,0.206250013067,low_d,0.95,0.803526122186,0.999994114099,0.788708885109,224,0.864
Fig. 2(b),16,16-QAM,full_state_raw_label_srm,0.95,1.9,0.4975,0.205579029663,low_d,0.95,0.803526122186,0.999996661906,0.786854807753,224,0.816
Fig. 2(b),16,16-QAM,full_state_raw_label_srm,0.95,1.9,0.5,0.204892073134,low_d,0.95,0.803526122186,0.999992718969,0.784996841252,224,0.919
Fig. 2(b),16,16-QAM,full_state_raw_label_srm,0.95,1.9,0.51,0.20200994015,full_d,0.95,0.803526122186,0.999995913344,0.777527428933,224,1.376
Fig. 2(b),16,16-QAM,full_state_raw_label_srm,0.95,1.9,0.52,0.198924351372,full_d,0.95,0.803526122186,0.999991142021,0.770001116517,224,1.242
Fig. 2(b),16,16-QAM,full_state_raw_label_srm,0.95,1.9,0.53,0.195663370027,full_d,0.95,0.803526122186,0.999995886468,0.762422028253,224,1.186
Fig. 2(b),16,16-QAM,full_state_raw_label_srm,0.95,1.9,0.54,0.192246632161,full_d,0.95,0.803526122186,0.999993173497,0.754794140166,224,0.902
Fig. 2(b),16,16-QAM,full_state_raw_label_srm,0.95,1.9,0.55,0.188698055237,bridge,0.95,0.803526122186,0.999996819469,0.747121266793,224,0.886
Fig. 2(b),16,16-QAM,full_state_raw_label_srm,0.95,1.9,0.56,0.185034993028,full_d,0.95,0.803526122186,0.999996465932,0.73940705755,224,0.895
Fig. 2(b),16,16-QAM,full_state_raw_label_srm,0.95,1.9,0.57,0.181275972956,full_d,0.95,0.803526122186,0.999997326144,0.731655007439,224,1.023
Fig. 2(b),16,16-QAM,full_state_raw_label_srm,0.95,1.9,0.58,0.177435973621,full_d,0.95,0.803526122186,0.999994643189,0.723868481458,224,1.04
Fig. 2(b),16,16-QAM,full_state_raw_label_srm,0.95,1.9,0.59,0.173530575306,full_d,0.95,0.803526122186,0.999996405457,0.716050754977,224,1.125
Fig. 2(b),16,16-QAM,full_state_raw_label_srm,0.95,1.9,0.6,0.169571418284,full_d,0.95,0.803526122186,0.999996060627,0.708205065406,224,1.133
Fig. 2(b),16,16-QAM,full_state_raw_label_srm,0.95,1.9,0.61,0.165570491112,full_d,0.95,0.803526122186,0.999994891363,0.700334667824,224,1.148
Fig. 2(b),16,16-QAM,full_state_raw_label_srm,0.95,1.9,0.62,0.161539402106,full_d,0.95,0.803526122186,0.999995609629,0.692442890551,224,1.122
Fig. 2(b),16,16-QAM,full_state_raw_label_srm,0.95,1.9,0.625,0.159604705358,bridge,0.95,0.803526122186,0.999992842989,0.688490056039,220,1.181
Fig. 2(b),16,16-QAM,full_state_raw_label_srm,0.95,1.9,0.63,0.157705645298,full_d,0.95,0.803526122186,0.999996229587,0.684533179367,220,1.118
Fig. 2(b),16,16-QAM,full_state_raw_label_srm,0.95,1.9,0.64,0.154254065873,full_d,0.95,0.803526122186,0.999997056094,0.676609120543,204,1.136
Fig. 2(b),16,16-QAM,full_state_raw_label_srm,0.95,1.9,0.65,0.151551685164,full_d,0.95,0.803526122186,0.999996415771,0.668674446967,194,1.126
Fig. 2(b),16,16-QAM,full_state_raw_label_srm,0.95,1.9,0.66,0.149288578306,full_d,0.95,0.803526122186,0.999992920787,0.66073302028,186,1.139
Fig. 2(b),16,16-QAM,full_state_raw_label_srm,0.95,1.9,0.67,0.147359421714,full_d,0.95,0.803526122186,0.999994102507,0.652788796075,178,1.185
Fig. 2(b),16,16-QAM,full_state_raw_label_srm,0.95,1.9,0.68,0.145687874668,full_d,0.95,0.803526122186,0.999994478747,0.644845778983,174,1.19
Fig. 2(b),16,16-QAM,full_state_raw_label_srm,0.95,1.9,0.69,0.143899972592,full_d,0.95,0.803526122186,0.999991631147,0.636907976684,178,1.241
Fig. 2(b),16,16-QAM,full_state_raw_label_srm,0.95,1.9,0.7,0.142039116081,bridge,0.95,0.803526122186,0.999991244435,0.628979353644,178,1.413
Fig. 2(b),16,16-QAM,full_state_raw_label_srm,0.95,1.9,0.71,0.14006386138,full_d,0.95,0.803526122186,0.999993873387,0.621063794841,178,1.493
Fig. 2(b),16,16-QAM,full_state_raw_label_srm,0.95,1.9,0.72,0.137989298923,full_d,0.95,0.803526122186,0.999995989009,0.613165075989,178,1.544
Fig. 2(b),16,16-QAM,full_state_raw_label_srm,0.95,1.9,0.73,0.135832048891,full_d,0.95,0.803526122186,0.999997183966,0.605286843997,178,1.564
Fig. 2(b),16,16-QAM,full_state_raw_label_srm,0.95,1.9,0.74,0.133608832231,full_d,0.95,0.803526122186,0.9999961857,0.597432602594,178,1.536
Fig. 2(b),16,16-QAM,full_state_raw_label_srm,0.95,1.9,0.75,0.131623673999,full_d,0.95,0.803526122186,0.999997271474,0.589605703636,178,1.506
Fig. 2(b),16,16-QAM,full_state_raw_label_srm,0.95,1.9,0.76,0.129817173279,full_d,0.95,0.803526122186,0.999995295043,0.581809345676,180,1.574
Fig. 2(b),16,16-QAM,full_state_raw_label_srm,0.95,1.9,0.77,0.12840831457,full_d,0.95,0.803526122186,0.999995798696,0.574046575717,176,1.565
Fig. 2(b),16,16-QAM,full_state_raw_label_srm,0.95,1.9,0.775,0.127772753349,bridge,0.95,0.803526122186,0.999992626842,0.570178697814,176,1.596
Fig. 2(b),16,16-QAM,full_state_raw_label_srm,0.95,1.9,0.78,0.127181335434,full_d,0.95,0.803526122186,0.999994985206,0.566320292712,178,1.55
Fig. 2(b),16,16-QAM,full_state_raw_label_srm,0.95,1.9,0.79,0.126087659735,full_d,0.95,0.803526122186,0.999998250339,0.558633253289,178,1.562
Fig. 2(b),16,16-QAM,full_state_raw_label_srm,0.95,1.9,0.8,0.125203686643,full_d,0.95,0.803526122186,0.999997553104,0.550988080018,182,1.499
Fig. 2(b),16,16-QAM,full_state_raw_label_srm,0.95,1.9,0.81,0.124989547368,full_d,0.95,0.803526122186,0.999995927303,0.543387266324,174,1.51
Fig. 2(b),16,16-QAM,full_state_raw_label_srm,0.95,1.9,0.82,0.125003985711,full_d,0.95,0.803526122186,0.999992507743,0.535833179944,176,1.566
Fig. 2(b),16,16-QAM,full_state_raw_label_srm,0.95,1.9,0.83,0.125034599112,full_d,0.95,0.803526122186,0.999995545819,0.528328056828,176,1.6
Fig. 2(b),16,16-QAM,full_state_raw_label_srm,0.95,1.9,0.84,0.124912839259,full_d,0.95,0.803526122186,0.999993964999,0.520874022232,176,2.113
Fig. 2(b),16,16-QAM,full_state_raw_label_srm,0.95,1.9,0.85,0.124896881036,bridge,0.95,0.803526122186,0.999995857245,0.513473048451,178,2.12
Fig. 2(b),16,16-QAM,full_state_raw_label_srm,0.95,1.9,0.86,0.124698811353,full_d,0.95,0.803526122186,0.999993311335,0.506126983231,182,2.143
Fig. 2(b),16,16-QAM,full_state_raw_label_srm,0.95,1.9,0.87,0.124337963102,full_d,0.95,0.803526122186,0.999995281647,0.498837512369,182,2.155
Fig. 2(b),16,16-QAM,full_state_raw_label_srm,0.95,1.9,0.88,0.123780934187,full_d,0.95,0.803526122186,0.999994335666,0.49160616135,182,2.18
Fig. 2(b),16,16-QAM,full_state_raw_label_srm,0.95,1.9,0.89,0.123032497545,full_d,0.95,0.803526122186,0.999995572527,0.484434279661,182,2.114
Fig. 2(b),16,16-QAM,full_state_raw_label_srm,0.95,1.9,0.9,0.122098971368,full_d,0.95,0.803526122186,0.999997115131,0.477323028639,182,2.186
Fig. 2(b),16,16-QAM,full_state_raw_label_srm,0.95,1.9,0.91,0.121056842311,full_d,0.95,0.803526122186,0.999998010016,0.470273373507,178,2.165
Fig. 2(b),16,16-QAM,full_state_raw_label_srm,0.95,1.9,0.92,0.120066356992,full_d,0.95,0.803526122186,0.999994167532,0.463286080163,184,2.194
Fig. 2(b),16,16-QAM,full_state_raw_label_srm,0.95,1.9,0.925,0.119610322776,bridge,0.95,0.803526122186,0.999992759298,0.459816002306,184,2.152
Fig. 2(b),16,16-QAM,full_state_raw_label_srm,0.95,1.9,0.93,0.11912568879,full_d,0.95,0.803526122186,0.999996911325,0.456361709019,184,2.224
Fig. 2(b),16,16-QAM,full_state_raw_label_srm,0.95,1.9,0.94,0.118075588519,full_d,0.95,0.803526122186,0.999994871275,0.449500621996,188,2.22
Fig. 2(b),16,16-QAM,full_state_raw_label_srm,0.95,1.9,0.95,0.117100925509,full_d,0.95,0.803526122186,0.999996962212,0.442702988996,192,2.153
Fig. 2(b),16,16-QAM,full_state_raw_label_srm,0.95,1.9,0.96,0.11611517797,full_d,0.95,0.803526122186,0.999998204947,0.435968798879,196,2.157
Fig. 2(b),16,16-QAM,full_state_raw_label_srm,0.95,1.9,0.97,0.11514164455,full_d,0.95,0.803526122186,0.999995453496,0.429297876459,196,2.211
Fig. 2(b),16,16-QAM,full_state_raw_label_srm,0.95,1.9,0.98,0.114061087696,full_d,0.95,0.803526122186,0.999995495632,0.422689896494,196,2.19
Fig. 2(b),16,16-QAM,full_state_raw_label_srm,0.95,1.9,0.99,0.113039006151,full_d,0.95,0.803526122186,0.999998973722,0.416144414627,200,2.33
Fig. 2(b),16,16-QAM,full_state_raw_label_srm,0.95,1.9,1.0,0.11201117484,bridge,0.95,0.803526122186,0.999995615053,0.4096608848,196,2.237
Fig. 2(b),16,16-QAM,full_state_raw_label_srm,0.95,1.9,1.01,0.111170826953,full_d,0.95,0.803526122186,0.999997317641,0.403238687351,188,3.01
Fig. 2(b),16,16-QAM,full_state_raw_label_srm,0.95,1.9,1.02,0.110345095964,full_d,0.95,0.803526122186,0.9999972687,0.396877158324,188,3.074
Fig. 2(b),16,16-QAM,full_state_raw_label_srm,0.95,1.9,1.03,0.109437574206,full_d,0.95,0.803526122186,0.999998434385,0.390575617145,188,3.157
Fig. 2(b),16,16-QAM,full_state_raw_label_srm,0.95,1.9,1.04,0.108457311953,full_d,0.95,0.803526122186,0.999997983467,0.384333396837,188,3.057
Fig. 2(b),16,16-QAM,full_state_raw_label_srm,0.95,1.9,1.05,0.107475197184,full_d,0.95,0.803526122186,0.999997232546,0.378149870005,186,3.1
Fig. 2(b),16,16-QAM,full_state_raw_label_srm,0.95,1.9,1.06,0.106834604751,full_d,0.95,0.803526122186,0.999998342762,0.372024482158,190,3.201
Fig. 2(b),16,16-QAM,full_state_raw_label_srm,0.95,1.9,1.07,0.106752176184,full_d,0.95,0.803526122186,0.99999746242,0.365956779177,196,3.198
Fig. 2(b),16,16-QAM,full_state_raw_label_srm,0.95,1.9,1.075,0.106796098911,bridge,0.95,0.803526122186,0.999996802696,0.362944451848,196,3.106
Fig. 2(b),16,16-QAM,full_state_raw_label_srm,0.95,1.9,1.08,0.106828003686,full_d,0.95,0.803526122186,0.999998550017,0.359946435633,196,3.163
Fig. 2(b),16,16-QAM,full_state_raw_label_srm,0.95,1.9,1.09,0.106883435359,full_d,0.95,0.803526122186,0.99999791188,0.353993277685,200,3.243
Fig. 2(b),16,16-QAM,full_state_raw_label_srm,0.95,1.9,1.1,0.107011111369,full_d,0.95,0.803526122186,0.999998074991,0.348097313947,204,3.117
Fig. 2(b),16,16-QAM,full_state_raw_label_srm,0.95,1.9,1.11,0.107197120722,full_d,0.95,0.803526122186,0.999998917873,0.342258747556,204,3.101
Fig. 2(b),16,16-QAM,full_state_raw_label_srm,0.95,1.9,1.12,0.107326598342,full_d,0.95,0.803526122186,0.999997869143,0.336478003805,204,3.098
Fig. 2(b),16,16-QAM,full_state_raw_label_srm,0.95,1.9,1.13,0.107400229946,full_d,0.95,0.803526122186,0.999997517862,0.330755737326,204,3.054
Fig. 2(b),16,16-QAM,full_state_raw_label_srm,0.95,1.9,1.14,0.10742735298,full_d,0.95,0.803526122186,0.999998046638,0.325092842141,200,3.063
Fig. 2(b),16,16-QAM,full_state_raw_label_srm,0.95,1.9,1.15,0.10741461784,bridge,0.95,0.803526122186,0.999999352754,0.319490453421,200,3.191
Fig. 2(b),16,16-QAM,full_state_raw_label_srm,0.95,1.9,1.16,0.10734480236,full_d,0.95,0.803526122186,0.999999217281,0.313949942895,200,3.068
Fig. 2(b),16,16-QAM,full_state_raw_label_srm,0.95,1.9,1.17,0.107219145426,full_d,0.95,0.803526122186,0.999998403864,0.308472909949,200,3.109
Fig. 2(b),16,16-QAM,full_state_raw_label_srm,0.95,1.9,1.18,0.107221803634,full_d,0.95,0.803526122186,0.999998337784,0.303061159952,198,3.193
Fig. 2(b),16,16-QAM,full_state_raw_label_srm,0.95,1.9,1.19,0.107339798891,full_d,0.95,0.803526122186,0.999998845984,0.297716684367,198,4.272
Fig. 2(b),16,16-QAM,full_state_raw_label_srm,0.95,1.9,1.2,0.107391028797,full_d,0.95,0.803526122186,0.999999194631,0.292441629086,198,4.25
Fig. 2(b),16,16-QAM,full_state_raw_label_srm,0.95,1.9,1.21,0.107441050763,full_d,0.95,0.803526122186,0.999999609416,0.287238260138,194,4.245
Fig. 2(b),16,16-QAM,full_state_raw_label_srm,0.95,1.9,1.22,0.107507449369,full_d,0.95,0.803526122186,0.999999817633,0.282108924908,190,4.389
Fig. 2(b),16,16-QAM,full_state_raw_label_srm,0.95,1.9,1.225,0.107552365329,bridge,0.95,0.803526122186,0.999999769811,0.279572765488,190,4.218
Fig. 2(b),16,16-QAM,full_state_raw_label_srm,0.95,1.9,1.23,0.107580830683,full_d,0.95,0.803526122186,0.999999380714,0.27705600984,190,4.347
Fig. 2(b),16,16-QAM,full_state_raw_label_srm,0.95,1.9,1.24,0.107589469982,full_d,0.95,0.803526122186,0.999999084114,0.272081898407,190,4.489
Fig. 2(b),16,16-QAM,full_state_raw_label_srm,0.95,1.9,1.25,0.107693662302,full_d,0.95,0.803526122186,0.999998255968,0.267188923651,194,4.431
Fig. 2(b),16,16-QAM,full_state_raw_label_srm,0.95,1.9,1.26,0.107750436395,full_d,0.95,0.803526122186,0.999999466819,0.2623793255,194,4.458
Fig. 2(b),16,16-QAM,full_state_raw_label_srm,0.95,1.9,1.27,0.107755008861,full_d,0.95,0.803526122186,0.999999242877,0.257655207269,198,4.327
Fig. 2(b),16,16-QAM,full_state_raw_label_srm,0.95,1.9,1.28,0.107746031688,full_d,0.95,0.803526122186,0.999999879397,0.253018495158,202,4.371
Fig. 2(b),16,16-QAM,full_state_raw_label_srm,0.95,1.9,1.29,0.107713577783,full_d,0.95,0.803526122186,0.999999886396,0.248470901453,202,4.316
Fig. 2(b),16,16-QAM,full_state_raw_label_srm,0.95,1.9,1.3,0.107617974772,bridge,0.95,0.803526122186,0.999999607851,0.244013895402,202,4.265
Fig. 2(b),16,16-QAM,full_state_raw_label_srm,0.95,1.9,1.31,0.107500475468,full_d,0.95,0.803526122186,0.999999464819,0.23964866566,204,4.386
Fig. 2(b),16,16-QAM,full_state_raw_label_srm,0.95,1.9,1.32,0.107441264949,full_d,0.95,0.803526122186,0.999999952089,0.235376115658,194,4.432
Fig. 2(b),16,16-QAM,full_state_raw_label_srm,0.95,1.9,1.33,0.107392956225,full_d,0.95,0.803526122186,0.999999966457,0.231196840324,194,4.31
Fig. 2(b),16,16-QAM,full_state_raw_label_srm,0.95,1.9,1.34,0.107304116232,full_d,0.95,0.803526122186,0.999999956782,0.227111121792,198,4.319
Fig. 2(b),16,16-QAM,full_state_raw_label_srm,0.95,1.9,1.35,0.107265014802,full_d,0.95,0.803526122186,0.999999900341,0.223118929539,194,4.266
Fig. 2(b),16,16-QAM,full_state_raw_label_srm,0.95,1.9,1.36,0.107216072423,full_d,0.95,0.803526122186,0.999999871788,0.219219926887,194,4.395
Fig. 2(b),16,16-QAM,full_state_raw_label_srm,0.95,1.9,1.37,0.107139699395,full_d,0.95,0.803526122186,0.999999981554,0.215413483234,194,4.41
Fig. 2(b),16,16-QAM,full_state_raw_label_srm,0.95,1.9,1.375,0.107093807805,bridge,0.95,0.803526122186,0.999999997617,0.21354469775,194,4.654
Fig. 2(b),16,16-QAM,full_state_raw_label_srm,0.95,1.9,1.38,0.10704414536,full_d,0.95,0.803526122186,0.999999970868,0.211698691277,194,4.394
Fig. 2(b),16,16-QAM,full_state_raw_label_srm,0.95,1.9,1.39,0.106937560083,full_d,0.95,0.803526122186,0.999999996531,0.208074388327,194,5.833
Fig. 2(b),16,16-QAM,full_state_raw_label_srm,0.95,1.9,1.4,0.107085193799,full_d,0.95,0.803526122186,0.999999995891,0.204539180854,200,6.608
Fig. 2(b),16,16-QAM,full_state_raw_label_srm,0.95,1.9,1.41,0.10732204117,full_d,0.95,0.803526122186,0.999999998801,0.201091471386,200,6.651
Fig. 2(b),16,16-QAM,full_state_raw_label_srm,0.95,1.9,1.42,0.107601826506,full_d,0.95,0.803526122186,0.999999996137,0.197729487009,198,6.722
Fig. 2(b),16,16-QAM,full_state_raw_label_srm,0.95,1.9,1.43,0.107982861063,full_d,0.95,0.803526122186,0.999999980314,0.194451308787,190,6.567
Fig. 2(b),16,16-QAM,full_state_raw_label_srm,0.95,1.9,1.44,0.108496115808,full_d,0.95,0.803526122186,0.999999999394,0.191254901558,186,6.254
Fig. 2(b),16,16-QAM,full_state_raw_label_srm,0.95,1.9,1.45,0.109355155944,bridge,0.95,0.803526122186,0.999999998561,0.188138143672,194,5.977
Fig. 2(b),16,16-QAM,full_state_raw_label_srm,0.95,1.9,1.46,0.11050401027,full_d,0.95,0.803526122186,0.999999998337,0.1850988563,194,6.183
Fig. 2(b),16,16-QAM,full_state_raw_label_srm,0.95,1.9,1.47,0.111780641751,full_d,0.95,0.803526122186,0.999999999756,0.182134832012,194,6.228
Fig. 2(b),16,16-QAM,full_state_raw_label_srm,0.95,1.9,1.48,0.113097276563,full_d,0.95,0.803526122186,0.999999997371,0.179243862335,194,6.2
Fig. 2(b),16,16-QAM,full_state_raw_label_srm,0.95,1.9,1.49,0.114451348605,full_d,0.95,0.803526122186,0.999999999953,0.176423763964,192,5.976
Fig. 2(b),16,16-QAM,full_state_raw_label_srm,0.95,1.9,1.5,0.115839375512,full_d,0.95,0.803526122186,0.999999999892,0.173672403278,194,6.018
Fig. 2(b),16,16-QAM,full_state_raw_label_srm,0.95,1.9,1.51,0.117258524075,full_d,0.95,0.803526122186,0.999999999819,0.170987718744,194,5.96
Fig. 2(b),16,16-QAM,full_state_raw_label_srm,0.95,1.9,1.52,0.118837458923,full_d,0.95,0.803526122186,0.999999999845,0.168367740732,202,6.03
Fig. 2(b),16,16-QAM,full_state_raw_label_srm,0.95,1.9,1.525,0.1197975209,bridge,0.95,0.803526122186,0.999999999896,0.167081430483,202,6.269
Fig. 2(b),16,16-QAM,full_state_raw_label_srm,0.95,1.9,1.53,0.120760448269,full_d,0.95,0.803526122186,0.999999999481,0.165810608255,202,6.125
Fig. 2(b),16,16-QAM,full_state_raw_label_srm,0.95,1.9,1.54,0.122692180471,full_d,0.95,0.803526122186,0.999999999765,0.163314582126,202,6.167
Fig. 2(b),16,16-QAM,full_state_raw_label_srm,0.95,1.9,1.55,0.124627477961,full_d,0.95,0.803526122186,0.999999999958,0.160878054098,202,6.018
Fig. 2(b),16,16-QAM,full_state_raw_label_srm,0.95,1.9,1.56,0.126561644575,full_d,0.95,0.803526122186,0.999999999981,0.158499551645,202,6.076
Fig. 2(b),16,16-QAM,full_state_raw_label_srm,0.95,1.9,1.57,0.128498825057,full_d,0.95,0.803526122186,0.999999999953,0.156177738189,206,6.068
Fig. 2(b),16,16-QAM,full_state_raw_label_srm,0.95,1.9,1.58,0.130451385732,full_d,0.95,0.803526122186,0.999999999956,0.153911408773,206,6.294
Fig. 2(b),16,16-QAM,full_state_raw_label_srm,0.95,1.9,1.59,0.132405965966,full_d,0.95,0.803526122186,0.999999999963,0.151699481383,208,6.214
Fig. 2(b),16,16-QAM,full_state_raw_label_srm,0.95,1.9,1.6,0.134357977333,bridge,0.95,0.803526122186,0.999999999993,0.149540984327,208,7.967
Fig. 2(b),16,16-QAM,full_state_raw_label_srm,0.95,1.9,1.61,0.136294852096,full_d,0.95,0.803526122186,0.999999999997,0.147435040249,208,8.536
Fig. 2(b),16,16-QAM,full_state_raw_label_srm,0.95,1.9,1.62,0.138215689801,full_d,0.95,0.803526122186,0.999999999996,0.145380847523,208,8.413
Fig. 2(b),16,16-QAM,full_state_raw_label_srm,0.95,1.9,1.63,0.140120303699,full_d,0.95,0.803526122186,0.999999999994,0.143377659842,208,8.508
Fig. 2(b),16,16-QAM,full_state_raw_label_srm,0.95,1.9,1.64,0.142009136253,full_d,0.95,0.803526122186,0.999999999995,0.141424764865,208,8.497
Fig. 2(b),16,16-QAM,full_state_raw_label_srm,0.95,1.9,1.65,0.143883158022,full_d,0.95,0.803526122186,0.999999999998,0.13952146276,208,8.428
Fig. 2(b),16,16-QAM,full_state_raw_label_srm,0.95,1.9,1.66,0.145743755522,full_d,0.95,0.803526122186,0.999999999994,0.137667045424,208,8.516
Fig. 2(b),16,16-QAM,full_state_raw_label_srm,0.95,1.9,1.67,0.147592612296,full_d,0.95,0.803526122186,0.999999999996,0.135860777059,208,8.45
Fig. 2(b),16,16-QAM,full_state_raw_label_srm,0.95,1.9,1.675,0.148513215047,bridge,0.95,0.803526122186,0.999999999999,0.134975456877,208,8.179
Fig. 2(b),16,16-QAM,full_state_raw_label_srm,0.95,1.9,1.68,0.149431586044,full_d,0.95,0.803526122186,0.999999999997,0.13410187667,208,8.459
Fig. 2(b),16,16-QAM,full_state_raw_label_srm,0.95,1.9,1.69,0.151262583664,full_d,0.95,0.803526122186,1.0,0.132389502926,208,8.291
Fig. 2(b),16,16-QAM,full_state_raw_label_srm,0.95,1.9,1.7,0.153128093876,full_d,0.95,0.803526122186,1.0,0.130722741698,216,8.404
Fig. 2(b),16,16-QAM,full_state_raw_label_srm,0.95,1.9,1.71,0.155161626064,full_d,0.95,0.803526122186,0.999999999999,0.12910059649,220,8.528
Fig. 2(b),16,16-QAM,full_state_raw_label_srm,0.95,1.9,1.72,0.157360250557,full_d,0.95,0.803526122186,1.0,0.127521981873,232,8.515
Fig. 2(b),16,16-QAM,full_state_raw_label_srm,0.95,1.9,1.73,0.159649255567,full_d,0.95,0.803526122186,0.999999999999,0.125985719958,232,8.997
Fig. 2(b),16,16-QAM,full_state_raw_label_srm,0.95,1.9,1.74,0.161940255474,full_d,0.95,0.803526122186,1.0,0.124490539894,232,8.734
Fig. 2(b),16,16-QAM,full_state_raw_label_srm,0.95,1.9,1.75,0.164232621161,bridge,0.95,0.803526122186,1.0,0.123035080314,232,8.282
Fig. 2(b),16,16-QAM,full_state_raw_label_srm,0.95,1.9,1.76,0.166524801794,full_d,0.95,0.803526122186,0.999999999999,0.121617894617,232,8.685
Fig. 2(b),16,16-QAM,full_state_raw_label_srm,0.95,1.9,1.77,0.168814211917,full_d,0.95,0.803526122186,1.0,0.120237458948,232,8.649
Fig. 2(b),16,16-QAM,full_state_raw_label_srm,0.95,1.9,1.78,0.171097141441,full_d,0.95,0.803526122186,0.999999999999,0.118892182692,232,8.532
Fig. 2(b),16,16-QAM,full_state_raw_label_srm,0.95,1.9,1.79,0.173368694499,full_d,0.95,0.803526122186,0.999999999999,0.117580421254,232,8.435
Fig. 2(b),16,16-QAM,full_state_raw_label_srm,0.95,1.9,1.8,0.175690604592,full_d,0.95,0.803526122186,0.999999999999,0.116300490863,242,8.461
Fig. 2(b),16,16-QAM,full_state_raw_label_srm,0.95,1.9,1.81,0.178288977414,full_d,0.95,0.803526122186,0.999999999999,0.115050685078,252,8.388
Fig. 2(b),16,16-QAM,full_state_raw_label_srm,0.95,1.9,1.82,0.180932892786,full_d,0.95,0.803526122186,1.0,0.113829292611,256,8.267
Fig. 2(b),16,16-QAM,full_state_raw_label_srm,0.95,1.9,1.83,0.183543449637,full_d,0.95,0.803526122186,1.0,0.112634616025,256,8.441
Fig. 2(b),16,16-QAM,full_state_raw_label_srm,0.95,1.9,1.84,0.186105676901,high_d,0.95,0.803526122186,1.0,0.111464990818,256,8.346
Fig. 2(b),16,16-QAM,full_state_raw_label_srm,0.95,1.9,1.845,0.187364253776,high_d,0.95,0.803526122186,1.0,0.110889065999,256,8.24
Fig. 2(b),16,16-QAM,full_state_raw_label_srm,0.95,1.9,1.85,0.188605367239,high_d,0.95,0.803526122186,1.0,0.110318804343,256,8.307
Fig. 2(b),16,16-QAM,full_state_raw_label_srm,0.95,1.9,1.855,0.189827149064,high_d,0.95,0.803526122186,1.0,0.109754015354,256,8.249
Fig. 2(b),16,16-QAM,full_state_raw_label_srm,0.95,1.9,1.86,0.191027710129,high_d,0.95,0.803526122186,0.999999999999,0.109194513984,256,8.155
Fig. 2(b),16,16-QAM,full_state_raw_label_srm,0.95,1.9,1.865,0.192205149365,high_d,0.95,0.803526122186,0.999999999999,0.108640121115,256,8.317
Fig. 2(b),16,16-QAM,full_state_raw_label_srm,0.95,1.9,1.87,0.193357562868,high_d,0.95,0.803526122186,0.999999999999,0.108090664016,256,8.368
Fig. 2(b),16,16-QAM,full_state_raw_label_srm,0.95,1.9,1.875,0.194483053115,high_d,0.95,0.803526122186,1.0,0.107545976756,256,8.419
Fig. 2(b),16,16-QAM,full_state_raw_label_srm,0.95,1.9,1.88,0.195579738181,high_d,0.95,0.803526122186,1.0,0.10700590058,256,8.511
Fig. 2(b),16,16-QAM,full_state_raw_label_srm,0.95,1.9,1.885,0.196645760891,high_d,0.95,0.803526122186,1.0,0.106470284233,256,8.358
Fig. 2(b),16,16-QAM,full_state_raw_label_srm,0.95,1.9,1.89,0.197679297799,high_d,0.95,0.803526122186,1.0,0.105938984248,256,8.269
Fig. 2(b),16,16-QAM,full_state_raw_label_srm,0.95,1.9,1.895,0.198678567937,high_d,0.95,0.803526122186,0.999999999999,0.105411865175,256,8.335
Fig. 2(b),16,16-QAM,full_state_raw_label_srm,0.95,1.9,1.9,0.199641841261,high_d,0.95,0.803526122186,1.0,0.104888799761,256,8.337
Fig. 2(b),16,16-QAM,full_state_raw_label_srm,0.95,1.9,1.905,0.200567446711,high_d,0.95,0.803526122186,1.0,0.104369669076,256,8.26
Fig. 2(b),16,16-QAM,full_state_raw_label_srm,0.95,1.9,1.91,0.201453779853,high_d,0.95,0.803526122186,1.0,0.103854362591,256,8.463
Fig. 2(b),16,16-QAM,full_state_raw_label_srm,0.95,1.9,1.915,0.202299310036,high_d,0.95,0.803526122186,1.0,0.103342778194,256,8.364
Fig. 2(b),16,16-QAM,full_state_raw_label_srm,0.95,1.9,1.92,0.20310258704,high_d,0.95,0.803526122186,0.999999999999,0.102834822156,256,8.743
Fig. 2(b),16,16-QAM,full_state_raw_label_srm,0.95,1.9,1.925,0.203862247188,high_d,0.95,0.803526122186,1.0,0.102330409049,256,8.643
Fig. 2(b),16,16-QAM,full_state_raw_label_srm,0.95,1.9,1.93,0.204577018931,high_d,0.95,0.803526122186,1.0,0.101829461609,256,8.399
Fig. 2(b),16,16-QAM,full_state_raw_label_srm,0.95,1.9,1.935,0.205245727895,high_d,0.95,0.803526122186,1.0,0.101331910553,256,8.53
Fig. 2(b),16,16-QAM,full_state_raw_label_srm,0.95,1.9,1.94,0.205867301436,high_d,0.95,0.803526122186,0.999999999999,0.100837694349,256,8.231
Fig. 2(b),16,16-QAM,full_state_raw_label_srm,0.95,1.9,1.945,0.206440772753,high_d,0.95,0.803526122186,1.0,0.100346758949,256,8.352
Fig. 2(b),16,16-QAM,full_state_raw_label_srm,0.95,1.9,1.95,0.206965284618,high_d,0.95,0.803526122186,1.0,0.0998590574753,256,8.361
Fig. 2(b),16,16-QAM,full_state_raw_label_srm,0.95,1.9,1.955,0.207440092831,high_d,0.95,0.803526122186,1.0,0.0993745498854,256,8.308
Fig. 2(b),16,16-QAM,full_state_raw_label_srm,0.95,1.9,1.96,0.207864569482,high_d,0.95,0.803526122186,1.0,0.0988932025959,256,8.394
Fig. 2(b),16,16-QAM,full_state_raw_label_srm,0.95,1.9,1.965,0.208238206127,high_d,0.95,0.803526122186,1.0,0.0984149880889,256,8.285
Fig. 2(b),16,16-QAM,full_state_raw_label_srm,0.95,1.9,1.97,0.208560616927,high_d,0.95,0.803526122186,1.0,0.0979398844959,256,8.289
Fig. 2(b),16,16-QAM,full_state_raw_label_srm,0.95,1.9,1.975,0.208831541464,high_d,0.95,0.803526122186,0.999999999999,0.0974678751678,256,8.361
Fig. 2(b),16,16-QAM,full_state_raw_label_srm,0.95,1.9,1.98,0.209050855113,high_d,0.95,0.803526122186,1.0,0.0969989482349,256,8.225
Fig. 2(b),16,16-QAM,full_state_raw_label_srm,0.95,1.9,1.985,0.209218795711,high_d,0.95,0.803526122186,1.0,0.0965330961614,256,8.36
Fig. 2(b),16,16-QAM,full_state_raw_label_srm,0.95,1.9,1.99,0.209335969316,high_d,0.95,0.803526122186,1.0,0.0960703153003,256,8.476
Fig. 2(b),16,16-QAM,full_state_raw_label_srm,0.95,1.9,1.995,0.209403145635,high_d,0.95,0.803526122186,0.999999999999,0.0956106054523,256,8.545
Fig. 2(b),16,16-QAM,full_state_raw_label_srm,0.95,1.9,2.0,0.209421236249,high_d,0.95,0.803526122186,1.0,0.0951539694326,256,8.661
Fig. 2(b),16,16-QAM,full_state_raw_label_srm,0.95,1.9,2.005,0.209391278545,high_d,0.95,0.803526122186,1.0,0.0947004126506,256,8.571
Fig. 2(b),16,16-QAM,full_state_raw_label_srm,0.95,1.9,2.01,0.209314419919,high_d,0.95,0.803526122186,0.999999999999,0.0942499427046,256,8.588
Fig. 2(b),16,16-QAM,full_state_raw_label_srm,0.95,1.9,2.015,0.209191902359,high_d,0.95,0.803526122186,1.0,0.0938025689963,256,8.507
Fig. 2(b),16,16-QAM,full_state_raw_label_srm,0.95,1.9,2.02,0.209025047527,high_d,0.95,0.803526122186,1.0,0.0933583023656,256,8.496
Fig. 2(b),16,16-QAM,full_state_raw_label_srm,0.95,1.9,2.025,0.208815242493,high_d,0.95,0.803526122186,1.0,0.0929171547497,256,8.407
Fig. 2(b),16,16-QAM,full_state_raw_label_srm,0.95,1.9,2.03,0.208563926195,high_d,0.95,0.803526122186,1.0,0.0924791388679,256,8.592
Fig. 2(b),16,16-QAM,full_state_raw_label_srm,0.95,1.9,2.035,0.208272576729,high_d,0.95,0.803526122186,1.0,0.092044267932,256,8.454
Fig. 2(b),16,16-QAM,full_state_raw_label_srm,0.95,1.9,2.04,0.207942699508,high_d,0.95,0.803526122186,1.0,0.0916125553851,256,8.016
Fig. 2(b),16,16-QAM,full_state_raw_label_srm,0.95,1.9,2.045,0.207575816335,high_d,0.95,0.803526122186,1.0,0.0911840146684,256,7.141
Fig. 2(b),16,16-QAM,full_state_raw_label_srm,0.95,1.9,2.05,0.207173455374,high_d,0.95,0.803526122186,1.0,0.0907586590153,256,5.275
Fig. 2(b),16,16-QAM,full_state_raw_label_srm,0.95,1.9,2.06,0.206268390764,full_d,0.95,0.803526122186,1.0,0.0899175537569,256,8.414
Fig. 2(b),16,16-QAM,full_state_raw_label_srm,0.95,1.9,2.07,0.205239533931,full_d,0.95,0.803526122186,1.0,0.0890893352415,256,8.562
Fig. 2(b),16,16-QAM,full_state_raw_label_srm,0.95,1.9,2.08,0.204098521546,full_d,0.95,0.803526122186,1.0,0.0882740871321,256,8.418
Fig. 2(b),16,16-QAM,full_state_raw_label_srm,0.95,1.9,2.09,0.202856426265,full_d,0.95,0.803526122186,1.0,0.0874718790279,256,8.638
Fig. 2(b),16,16-QAM,full_state_raw_label_srm,0.95,1.9,2.1,0.201523629134,full_d,0.95,0.803526122186,1.0,0.0866827656785,256,8.692
Fig. 2(b),16,16-QAM,full_state_raw_label_srm,0.95,1.9,2.11,0.200109730723,full_d,0.95,0.803526122186,1.0,0.0859067872831,256,8.693
Fig. 2(b),16,16-QAM,full_state_raw_label_srm,0.95,1.9,2.12,0.198623494912,full_d,0.95,0.803526122186,1.0,0.0851439706437,256,8.83
Fig. 2(b),16,16-QAM,full_state_raw_label_srm,0.95,1.9,2.13,0.197072819633,full_d,0.95,0.803526122186,0.999999999999,0.0843943309442,256,8.002
Fig. 2(b),16,16-QAM,full_state_raw_label_srm,0.95,1.9,2.14,0.195464729463,full_d,0.95,0.803526122186,1.0,0.0836578739398,256,7.632
Fig. 2(b),16,16-QAM,full_state_raw_label_srm,0.95,1.9,2.15,0.193805386031,full_d,0.95,0.803526122186,0.999999999999,0.0829345983606,256,7.487
