subfigure,M,constellation,receiver,interface_loss_db_per_reflection,channel_loss_db_per_arm_code,end_to_end_channel_loss_db_midpoint,phase_error_pi,phase_error_rad,optimized_spacing_d,hashing_bound_bits_per_attempt,source_folder,source_loss_db_per_interface,channel_loss_db_per_arm,eta_source,eta_channel,seed_spacing_d,bracket_min,bracket_max,success_probability,average_target_fidelity,probability_weighted_fidelity,min_coherent_information,useful_outcomes,optimizer_success,optimizer_nfev,is_boundary_peak,seconds
"Fig. 3(c,d)",2,2-QAM,raw_label_srm,0.1,0.25,0.5,-0.3,-0.942477796077,1.80730189985,0.428813166267,interface_0p1db,0.1,0.25,0.977237220956,0.944060876286,1.60021650566,1.30021650566,1.90021650566,1.0,0.90562597582,0.90562597582,0.335324375388,4,1,8,0,0.085
"Fig. 3(c,d)",2,2-QAM,raw_label_srm,0.1,0.25,0.5,-0.295,-0.926769832809,1.79975854004,0.428851474944,interface_0p1db,0.1,0.25,0.977237220956,0.944060876286,1.60021650566,1.30021650566,1.90021650566,1.0,0.905706625512,0.905706625512,0.335147298702,4,1,8,0,0.036
"Fig. 3(c,d)",2,2-QAM,raw_label_srm,0.1,0.25,0.5,-0.29,-0.911061869541,1.79239127082,0.428892004316,interface_0p1db,0.1,0.25,0.977237220956,0.944060876286,1.60021650566,1.30021650566,1.90021650566,1.0,0.905785426,0.905785426,0.334965263867,4,1,8,0,0.081
"Fig. 3(c,d)",2,2-QAM,raw_label_srm,0.1,0.25,0.5,-0.285,-0.895353906273,1.78521021271,0.428934645773,interface_0p1db,0.1,0.25,0.977237220956,0.944060876286,1.60021650566,1.30021650566,1.90021650566,1.0,0.905861160104,0.905861160104,0.334781035646,4,1,8,0,0.054
"Fig. 3(c,d)",2,2-QAM,raw_label_srm,0.1,0.25,0.5,-0.28,-0.879645943005,1.7781463005,0.428979291922,interface_0p1db,0.1,0.25,0.977237220956,0.944060876286,1.60021650566,1.30021650566,1.90021650566,1.0,0.905940183599,0.905940183599,0.334583064327,4,1,8,0,0.074
"Fig. 3(c,d)",2,2-QAM,raw_label_srm,0.1,0.25,0.5,-0.275,-0.863937979737,1.77129717799,0.42902583669,interface_0p1db,0.1,0.25,0.977237220956,0.944060876286,1.60021650566,1.30021650566,1.90021650566,1.0,0.906012930014,0.906012930014,0.334389892755,4,1,8,0,0.013
"Fig. 3(c,d)",2,2-QAM,raw_label_srm,0.1,0.25,0.5,-0.27,-0.848230016469,1.76461049166,0.429074174797,interface_0p1db,0.1,0.25,0.977237220956,0.944060876286,1.60021650566,1.30021650566,1.90021650566,1.0,0.906084169863,0.906084169863,0.334192968991,4,1,8,0,0.124
"Fig. 3(c,d)",2,2-QAM,raw_label_srm,0.1,0.25,0.5,-0.265,-0.832522053201,1.75808960496,0.429124202466,interface_0p1db,0.1,0.25,0.977237220956,0.944060876286,1.60021650566,1.30021650566,1.90021650566,1.0,0.906153356674,0.906153356674,0.333993785717,4,1,7,0,0.059
"Fig. 3(c,d)",2,2-QAM,raw_label_srm,0.1,0.25,0.5,-0.26,-0.816814089933,1.7517155024,0.429175817231,interface_0p1db,0.1,0.25,0.977237220956,0.944060876286,1.60021650566,1.30021650566,1.90021650566,1.0,0.906222109868,0.906222109868,0.333789645182,4,1,7,0,0.101
"Fig. 3(c,d)",2,2-QAM,raw_label_srm,0.1,0.25,0.5,-0.255,-0.801106126665,1.74550291559,0.429228917856,interface_0p1db,0.1,0.25,0.977237220956,0.944060876286,1.60021650566,1.30021650566,1.90021650566,1.0,0.906288799229,0.906288799229,0.333584120229,4,1,8,0,0.019
"Fig. 3(c,d)",2,2-QAM,raw_label_srm,0.1,0.25,0.5,-0.25,-0.785398163397,1.73944418929,0.429283404443,interface_0p1db,0.1,0.25,0.977237220956,0.944060876286,1.60021650566,1.30021650566,1.90021650566,1.0,0.906353960847,0.906353960847,0.333376591467,4,1,8,0,0.199
"Fig. 3(c,d)",2,2-QAM,raw_label_srm,0.1,0.25,0.5,-0.245,-0.769690200129,1.73353734291,0.429339178388,interface_0p1db,0.1,0.25,0.977237220956,0.944060876286,1.60021650566,1.30021650566,1.90021650566,1.0,0.906417589438,0.906417589438,0.333167477472,4,1,8,0,0.076
"Fig. 3(c,d)",2,2-QAM,raw_label_srm,0.1,0.25,0.5,-0.24,-0.753982236862,1.72778045411,0.429396142385,interface_0p1db,0.1,0.25,0.977237220956,0.944060876286,1.60021650566,1.30021650566,1.90021650566,1.0,0.906479680088,0.906479680088,0.33295718786,4,1,8,0,0.182
"Fig. 3(c,d)",2,2-QAM,raw_label_srm,0.1,0.25,0.5,-0.235,-0.738274273594,1.72217165574,0.429454200416,interface_0p1db,0.1,0.25,0.977237220956,0.944060876286,1.60021650566,1.30021650566,1.90021650566,1.0,0.906540228413,0.906540228413,0.332746122651,4,1,8,0,0.065
"Fig. 3(c,d)",2,2-QAM,raw_label_srm,0.1,0.25,0.5,-0.23,-0.722566310326,1.71670913296,0.429513257736,interface_0p1db,0.1,0.25,0.977237220956,0.944060876286,1.60021650566,1.30021650566,1.90021650566,1.0,0.906599230694,0.906599230694,0.332534671689,4,1,8,0,0.055
"Fig. 3(c,d)",2,2-QAM,raw_label_srm,0.1,0.25,0.5,-0.225,-0.706858347058,1.71141174901,0.429573220865,interface_0p1db,0.1,0.25,0.977237220956,0.944060876286,1.60021650566,1.30021650566,1.90021650566,1.0,0.906654654968,0.906654654968,0.332327302667,4,1,8,0,0.011
"Fig. 3(c,d)",2,2-QAM,raw_label_srm,0.1,0.25,0.5,-0.22,-0.69115038379,1.70624322979,0.429633997536,interface_0p1db,0.1,0.25,0.977237220956,0.944060876286,1.60021650566,1.30021650566,1.90021650566,1.0,0.906709892356,0.906709892356,0.332117571778,4,1,8,0,0.13
"Fig. 3(c,d)",2,2-QAM,raw_label_srm,0.1,0.25,0.5,-0.215,-0.675442420522,1.70121516082,0.429695496669,interface_0p1db,0.1,0.25,0.977237220956,0.944060876286,1.60021650566,1.30021650566,1.90021650566,1.0,0.90676364116,0.90676364116,0.33190844161,4,1,8,0,0.199
"Fig. 3(c,d)",2,2-QAM,raw_label_srm,0.1,0.25,0.5,-0.21,-0.659734457254,1.6963259013,0.429757628333,interface_0p1db,0.1,0.25,0.977237220956,0.944060876286,1.60021650566,1.30021650566,1.90021650566,1.0,0.906815903049,0.906815903049,0.331700251369,4,1,8,0,0.22
"Fig. 3(c,d)",2,2-QAM,raw_label_srm,0.1,0.25,0.5,-0.205,-0.644026493986,1.69157385664,0.429820303701,interface_0p1db,0.1,0.25,0.977237220956,0.944060876286,1.60021650566,1.30021650566,1.90021650566,1.0,0.906866680343,0.906866680343,0.331493329206,4,1,8,0,0.026
"Fig. 3(c,d)",2,2-QAM,raw_label_srm,0.1,0.25,0.5,-0.2,-0.628318530718,1.68695747665,0.429883435011,interface_0p1db,0.1,0.25,0.977237220956,0.944060876286,1.60021650566,1.30021650566,1.90021650566,1.0,0.906915976081,0.906915976081,0.331287991996,4,1,8,0,0.047
"Fig. 3(c,d)",2,2-QAM,raw_label_srm,0.1,0.25,0.5,-0.195,-0.61261056745,1.68247525393,0.429946935508,interface_0p1db,0.1,0.25,0.977237220956,0.944060876286,1.60021650566,1.30021650566,1.90021650566,1.0,0.906963794072,0.906963794072,0.331084545195,4,1,8,0,0.14
"Fig. 3(c,d)",2,2-QAM,raw_label_srm,0.1,0.25,0.5,-0.19,-0.596902604182,1.67812572243,0.430010719395,interface_0p1db,0.1,0.25,0.977237220956,0.944060876286,1.60021650566,1.30021650566,1.90021650566,1.0,0.907010138939,0.907010138939,0.330883282722,4,1,7,0,0.029
"Fig. 3(c,d)",2,2-QAM,raw_label_srm,0.1,0.25,0.5,-0.185,-0.581194640914,1.67391386,0.430074701752,interface_0p1db,0.1,0.25,0.977237220956,0.944060876286,1.60021650566,1.30021650566,1.90021650566,1.0,0.907054376049,0.907054376049,0.330685820635,4,1,7,0,0.115
"Fig. 3(c,d)",2,2-QAM,raw_label_srm,0.1,0.25,0.5,-0.18,-0.565486677646,1.66981906784,0.430138798569,interface_0p1db,0.1,0.25,0.977237220956,0.944060876286,1.60021650566,1.30021650566,1.90021650566,1.0,0.907098432018,0.907098432018,0.330488428413,4,1,7,0,0.01
"Fig. 3(c,d)",2,2-QAM,raw_label_srm,0.1,0.25,0.5,-0.175,-0.549778714378,1.66585920828,0.430202926486,interface_0p1db,0.1,0.25,0.977237220956,0.944060876286,1.60021650566,1.30021650566,1.90021650566,1.0,0.907140393758,0.907140393758,0.33029536634,4,1,8,0,0.01
"Fig. 3(c,d)",2,2-QAM,raw_label_srm,0.1,0.25,0.5,-0.17,-0.53407075111,1.66202656504,0.43026700291,interface_0p1db,0.1,0.25,0.977237220956,0.944060876286,1.60021650566,1.30021650566,1.90021650566,1.0,0.907180909438,0.907180909438,0.330105548191,4,1,8,0,0.041
"Fig. 3(c,d)",2,2-QAM,raw_label_srm,0.1,0.25,0.5,-0.165,-0.518362787842,1.6583198619,0.430330945844,interface_0p1db,0.1,0.25,0.977237220956,0.944060876286,1.60021650566,1.30021650566,1.90021650566,1.0,0.907219988001,0.907219988001,0.329919209988,4,1,8,0,0.012
"Fig. 3(c,d)",2,2-QAM,raw_label_srm,0.1,0.25,0.5,-0.16,-0.502654824574,1.65473785807,0.430394673818,interface_0p1db,0.1,0.25,0.977237220956,0.944060876286,1.60021650566,1.30021650566,1.90021650566,1.0,0.907257639241,0.907257639241,0.32973657638,4,1,8,0,0.167
"Fig. 3(c,d)",2,2-QAM,raw_label_srm,0.1,0.25,0.5,-0.155,-0.486946861306,1.65127934769,0.430458105801,interface_0p1db,0.1,0.25,0.977237220956,0.944060876286,1.60021650566,1.30021650566,1.90021650566,1.0,0.907293873777,0.907293873777,0.329557860785,4,1,8,0,0.067
"Fig. 3(c,d)",2,2-QAM,raw_label_srm,0.1,0.25,0.5,-0.15,-0.471238898038,1.64794315928,0.430521161103,interface_0p1db,0.1,0.25,0.977237220956,0.944060876286,1.60021650566,1.30021650566,1.90021650566,1.0,0.907328703032,0.907328703032,0.32938326555,4,1,8,0,0.035
"Fig. 3(c,d)",2,2-QAM,raw_label_srm,0.1,0.25,0.5,-0.145,-0.455530934771,1.64472815541,0.43058375927,interface_0p1db,0.1,0.25,0.977237220956,0.944060876286,1.60021650566,1.30021650566,1.90021650566,1.0,0.90736213919,0.90736213919,0.329212982143,4,1,8,0,0.165
"Fig. 3(c,d)",2,2-QAM,raw_label_srm,0.1,0.25,0.5,-0.14,-0.439822971503,1.64163323228,0.430645819972,interface_0p1db,0.1,0.25,0.977237220956,0.944060876286,1.60021650566,1.30021650566,1.90021650566,1.0,0.907394195161,0.907394195161,0.329047191362,4,1,8,0,0.127
"Fig. 3(c,d)",2,2-QAM,raw_label_srm,0.1,0.25,0.5,-0.135,-0.424115008235,1.63869071683,0.430707262814,interface_0p1db,0.1,0.25,0.977237220956,0.944060876286,1.60021650566,1.30021650566,1.90021650566,1.0,0.907421493722,0.907421493722,0.328893348229,4,1,8,0,0.023
"Fig. 3(c,d)",2,2-QAM,raw_label_srm,0.1,0.25,0.5,-0.13,-0.408407044967,1.63582975256,0.430768007501,interface_0p1db,0.1,0.25,0.977237220956,0.944060876286,1.60021650566,1.30021650566,1.90021650566,1.0,0.907451133827,0.907451133827,0.328736408453,4,1,8,0,0.067
"Fig. 3(c,d)",2,2-QAM,raw_label_srm,0.1,0.25,0.5,-0.125,-0.392699081699,1.63308561625,0.430827973185,interface_0p1db,0.1,0.25,0.977237220956,0.944060876286,1.60021650566,1.30021650566,1.90021650566,1.0,0.907479451653,0.907479451653,0.328584405147,4,1,8,0,0.302
"Fig. 3(c,d)",2,2-QAM,raw_label_srm,0.1,0.25,0.5,-0.12,-0.376991118431,1.63045736376,0.430887078687,interface_0p1db,0.1,0.25,0.977237220956,0.944060876286,1.60021650566,1.30021650566,1.90021650566,1.0,0.907506459784,0.907506459784,0.328437484714,4,1,8,0,0.15
"Fig. 3(c,d)",2,2-QAM,raw_label_srm,0.1,0.25,0.5,-0.115,-0.361283155163,1.62794408352,0.430945242217,interface_0p1db,0.1,0.25,0.977237220956,0.944060876286,1.60021650566,1.30021650566,1.90021650566,1.0,0.90753217129,0.90753217129,0.328295784154,4,1,8,0,0.067
"Fig. 3(c,d)",2,2-QAM,raw_label_srm,0.1,0.25,0.5,-0.11,-0.345575191895,1.62554489635,0.431002381169,interface_0p1db,0.1,0.25,0.977237220956,0.944060876286,1.60021650566,1.30021650566,1.90021650566,1.0,0.907556599692,0.907556599692,0.32815943129,4,1,8,0,0.01
"Fig. 3(c,d)",2,2-QAM,raw_label_srm,0.1,0.25,0.5,-0.105,-0.329867228627,1.62325895523,0.431058411909,interface_0p1db,0.1,0.25,0.977237220956,0.944060876286,1.60021650566,1.30021650566,1.90021650566,1.0,0.907579758917,0.907579758917,0.328028545004,4,1,8,0,0.035
"Fig. 3(c,d)",2,2-QAM,raw_label_srm,0.1,0.25,0.5,-0.1,-0.314159265359,1.62108544531,0.431113249522,interface_0p1db,0.1,0.25,0.977237220956,0.944060876286,1.60021650566,1.30021650566,1.90021650566,1.0,0.907601663258,0.907601663258,0.327903235472,4,1,8,0,0.101
"Fig. 3(c,d)",2,2-QAM,raw_label_srm,0.1,0.25,0.5,-0.095,-0.298451302091,1.61902358369,0.431166807536,interface_0p1db,0.1,0.25,0.977237220956,0.944060876286,1.60021650566,1.30021650566,1.90021650566,1.0,0.907622327331,0.907622327331,0.32778360439,4,1,8,0,0.039
"Fig. 3(c,d)",2,2-QAM,raw_label_srm,0.1,0.25,0.5,-0.09,-0.282743338823,1.61707261935,0.431218997599,interface_0p1db,0.1,0.25,0.977237220956,0.944060876286,1.60021650566,1.30021650566,1.90021650566,1.0,0.907641766036,0.907641766036,0.327669745209,4,1,8,0,0.01
"Fig. 3(c,d)",2,2-QAM,raw_label_srm,0.1,0.25,0.5,-0.085,-0.267035375555,1.6152318331,0.431269729115,interface_0p1db,0.1,0.25,0.977237220956,0.944060876286,1.60021650566,1.30021650566,1.90021650566,1.0,0.90765999452,0.90765999452,0.327561743346,4,1,8,0,0.09
"Fig. 3(c,d)",2,2-QAM,raw_label_srm,0.1,0.25,0.5,-0.08,-0.251327412287,1.61350053735,0.431318908815,interface_0p1db,0.1,0.25,0.977237220956,0.944060876286,1.60021650566,1.30021650566,1.90021650566,1.0,0.907677028144,0.907677028144,0.3274596764,4,1,8,0,0.109
"Fig. 3(c,d)",2,2-QAM,raw_label_srm,0.1,0.25,0.5,-0.075,-0.235619449019,1.61187807606,0.431366440257,interface_0p1db,0.1,0.25,0.977237220956,0.944060876286,1.60021650566,1.30021650566,1.90021650566,1.0,0.907692882456,0.907692882456,0.32736361434,4,1,8,0,0.121
"Fig. 3(c,d)",2,2-QAM,raw_label_srm,0.1,0.25,0.5,-0.07,-0.219911485751,1.61036382447,0.431412223228,interface_0p1db,0.1,0.25,0.977237220956,0.944060876286,1.60021650566,1.30021650566,1.90021650566,1.0,0.907707573166,0.907707573166,0.327273619683,4,1,8,0,0.054
"Fig. 3(c,d)",2,2-QAM,raw_label_srm,0.1,0.25,0.5,-0.065,-0.204203522483,1.60895718889,0.431456153036,interface_0p1db,0.1,0.25,0.977237220956,0.944060876286,1.60021650566,1.30021650566,1.90021650566,1.0,0.907721116137,0.907721116137,0.327189747646,4,1,8,0,0.021
"Fig. 3(c,d)",2,2-QAM,raw_label_srm,0.1,0.25,0.5,-0.06,-0.188495559215,1.60765760626,0.43149811964,interface_0p1db,0.1,0.25,0.977237220956,0.944060876286,1.60021650566,1.30021650566,1.90021650566,1.0,0.907733527385,0.907733527385,0.327112046259,4,1,8,0,0.151
"Fig. 3(c,d)",2,2-QAM,raw_label_srm,0.1,0.25,0.5,-0.055,-0.172787595947,1.60646454375,0.431538006575,interface_0p1db,0.1,0.25,0.977237220956,0.944060876286,1.60021650566,1.30021650566,1.90021650566,1.0,0.907744823091,0.907744823091,0.327040556454,4,1,8,0,0.114
"Fig. 3(c,d)",2,2-QAM,raw_label_srm,0.1,0.25,0.5,-0.05,-0.157079632679,1.60537749806,0.431575689601,interface_0p1db,0.1,0.25,0.977237220956,0.944060876286,1.60021650566,1.30021650566,1.90021650566,1.0,0.90775501964,0.90775501964,0.326975312088,4,1,8,0,0.082
"Fig. 3(c,d)",2,2-QAM,raw_label_srm,0.1,0.25,0.5,-0.045,-0.141371669412,1.60439599446,0.431611034974,interface_0p1db,0.1,0.25,0.977237220956,0.944060876286,1.60021650566,1.30021650566,1.90021650566,1.0,0.907764133682,0.907764133682,0.326916339909,4,1,8,0,0.013
"Fig. 3(c,d)",2,2-QAM,raw_label_srm,0.1,0.25,0.5,-0.04,-0.125663706144,1.60351958558,0.43164389716,interface_0p1db,0.1,0.25,0.977237220956,0.944060876286,1.60021650566,1.30021650566,1.90021650566,1.0,0.907772182236,0.907772182236,0.326863659419,4,1,8,0,0.367
"Fig. 3(c,d)",2,2-QAM,raw_label_srm,0.1,0.25,0.5,-0.035,-0.109955742876,1.60274784959,0.431674115748,interface_0p1db,0.1,0.25,0.977237220956,0.944060876286,1.60021650566,1.30021650566,1.90021650566,1.0,0.907779182848,0.907779182848,0.326817282622,4,1,8,0,0.01
"Fig. 3(c,d)",2,2-QAM,raw_label_srm,0.1,0.25,0.5,-0.03,-0.0942477796077,1.6020803875,0.431701511109,interface_0p1db,0.1,0.25,0.977237220956,0.944060876286,1.60021650566,1.30021650566,1.90021650566,1.0,0.907785153844,0.907785153844,0.326777213538,4,1,8,0,0.172
"Fig. 3(c,d)",2,2-QAM,raw_label_srm,0.1,0.25,0.5,-0.025,-0.0785398163397,1.60151681922,0.43172587802,interface_0p1db,0.1,0.25,0.977237220956,0.944060876286,1.60021650566,1.30021650566,1.90021650566,1.0,0.907790114715,0.907790114715,0.326743447433,4,1,8,0,0.014
"Fig. 3(c,d)",2,2-QAM,raw_label_srm,0.1,0.25,0.5,-0.02,-0.0628318530718,1.60105677729,0.431746975728,interface_0p1db,0.1,0.25,0.977237220956,0.944060876286,1.60021650566,1.30021650566,1.90021650566,1.0,0.907794086747,0.907794086747,0.326715969493,4,1,8,0,0.016
"Fig. 3(c,d)",2,2-QAM,raw_label_srm,0.1,0.25,0.5,-0.015,-0.0471238898038,1.60069989587,0.431764511116,interface_0p1db,0.1,0.25,0.977237220956,0.944060876286,1.60021650566,1.30021650566,1.90021650566,1.0,0.907797094133,0.907797094133,0.326694752424,4,1,8,0,0.135
"Fig. 3(c,d)",2,2-QAM,raw_label_srm,0.1,0.25,0.5,-0.01,-0.0314159265359,1.60044578968,0.431778106494,interface_0p1db,0.1,0.25,0.977237220956,0.944060876286,1.60021650566,1.30021650566,1.90021650566,1.0,0.90779916614,0.90779916614,0.326679751712,4,1,8,0,0.043
"Fig. 3(c,d)",2,2-QAM,raw_label_srm,0.1,0.25,0.5,-0.005,-0.0157079632679,1.60029400395,0.431787223628,interface_0p1db,0.1,0.25,0.977237220956,0.944060876286,1.60021650566,1.30021650566,1.90021650566,1.0,0.90780034226,0.90780034226,0.326670894263,4,1,8,0,0.01
"Fig. 3(c,d)",2,2-QAM,raw_label_srm,0.1,0.25,0.5,0.0,0.0,1.6002438095,0.431790855084,interface_0p1db,0.1,0.25,0.977237220956,0.944060876286,1.60021650566,1.30021650566,1.90021650566,1.0,0.907800693372,0.907800693372,0.326668031558,4,1,8,0,0.165
"Fig. 3(c,d)",2,2-QAM,raw_label_srm,0.1,0.25,0.5,0.005,0.0157079632679,1.60029400396,0.431787223628,interface_0p1db,0.1,0.25,0.977237220956,0.944060876286,1.60021650566,1.30021650566,1.90021650566,1.0,0.907800342259,0.907800342259,0.326670894265,4,1,8,0,0.047
"Fig. 3(c,d)",2,2-QAM,raw_label_srm,0.1,0.25,0.5,0.01,0.0314159265359,1.6004457897,0.431778106494,interface_0p1db,0.1,0.25,0.977237220956,0.944060876286,1.60021650566,1.30021650566,1.90021650566,1.0,0.907799166138,0.907799166138,0.326679751716,4,1,8,0,0.108
"Fig. 3(c,d)",2,2-QAM,raw_label_srm,0.1,0.25,0.5,0.015,0.0471238898038,1.60069989588,0.431764511116,interface_0p1db,0.1,0.25,0.977237220956,0.944060876286,1.60021650566,1.30021650566,1.90021650566,1.0,0.907797094132,0.907797094132,0.326694752426,4,1,8,0,0.047
"Fig. 3(c,d)",2,2-QAM,raw_label_srm,0.1,0.25,0.5,0.02,0.0628318530718,1.60105677728,0.431746975728,interface_0p1db,0.1,0.25,0.977237220956,0.944060876286,1.60021650566,1.30021650566,1.90021650566,1.0,0.907794086747,0.907794086747,0.326715969493,4,1,8,0,0.075
"Fig. 3(c,d)",2,2-QAM,raw_label_srm,0.1,0.25,0.5,0.025,0.0785398163397,1.60151681923,0.43172587802,interface_0p1db,0.1,0.25,0.977237220956,0.944060876286,1.60021650566,1.30021650566,1.90021650566,1.0,0.907790114714,0.907790114714,0.326743447434,4,1,8,0,0.038
"Fig. 3(c,d)",2,2-QAM,raw_label_srm,0.1,0.25,0.5,0.03,0.0942477796077,1.60208038749,0.431701511109,interface_0p1db,0.1,0.25,0.977237220956,0.944060876286,1.60021650566,1.30021650566,1.90021650566,1.0,0.907785153845,0.907785153845,0.326777213537,4,1,8,0,0.05
"Fig. 3(c,d)",2,2-QAM,raw_label_srm,0.1,0.25,0.5,0.035,0.109955742876,1.60274784959,0.431674115748,interface_0p1db,0.1,0.25,0.977237220956,0.944060876286,1.60021650566,1.30021650566,1.90021650566,1.0,0.907779182848,0.907779182848,0.326817282623,4,1,8,0,0.109
"Fig. 3(c,d)",2,2-QAM,raw_label_srm,0.1,0.25,0.5,0.04,0.125663706144,1.60351958559,0.43164389716,interface_0p1db,0.1,0.25,0.977237220956,0.944060876286,1.60021650566,1.30021650566,1.90021650566,1.0,0.907772182235,0.907772182235,0.326863659422,4,1,8,0,0.056
"Fig. 3(c,d)",2,2-QAM,raw_label_srm,0.1,0.25,0.5,0.045,0.141371669412,1.60439599446,0.431611034974,interface_0p1db,0.1,0.25,0.977237220956,0.944060876286,1.60021650566,1.30021650566,1.90021650566,1.0,0.907764133682,0.907764133682,0.326916339909,4,1,8,0,0.059
"Fig. 3(c,d)",2,2-QAM,raw_label_srm,0.1,0.25,0.5,0.05,0.157079632679,1.60537749806,0.431575689601,interface_0p1db,0.1,0.25,0.977237220956,0.944060876286,1.60021650566,1.30021650566,1.90021650566,1.0,0.90775501964,0.90775501964,0.326975312089,4,1,8,0,0.032
"Fig. 3(c,d)",2,2-QAM,raw_label_srm,0.1,0.25,0.5,0.055,0.172787595947,1.60646454375,0.431538006575,interface_0p1db,0.1,0.25,0.977237220956,0.944060876286,1.60021650566,1.30021650566,1.90021650566,1.0,0.907744823091,0.907744823091,0.327040556453,4,1,8,0,0.126
"Fig. 3(c,d)",2,2-QAM,raw_label_srm,0.1,0.25,0.5,0.06,0.188495559215,1.60765760626,0.43149811964,interface_0p1db,0.1,0.25,0.977237220956,0.944060876286,1.60021650566,1.30021650566,1.90021650566,1.0,0.907733527385,0.907733527385,0.327112046259,4,1,8,0,0.048
"Fig. 3(c,d)",2,2-QAM,raw_label_srm,0.1,0.25,0.5,0.065,0.204203522483,1.60895718888,0.431456153036,interface_0p1db,0.1,0.25,0.977237220956,0.944060876286,1.60021650566,1.30021650566,1.90021650566,1.0,0.907721116137,0.907721116137,0.327189747646,4,1,8,0,0.08
"Fig. 3(c,d)",2,2-QAM,raw_label_srm,0.1,0.25,0.5,0.07,0.219911485751,1.61036382447,0.431412223228,interface_0p1db,0.1,0.25,0.977237220956,0.944060876286,1.60021650566,1.30021650566,1.90021650566,1.0,0.907707573166,0.907707573166,0.327273619683,4,1,8,0,0.263
"Fig. 3(c,d)",2,2-QAM,raw_label_srm,0.1,0.25,0.5,0.075,0.235619449019,1.61187807606,0.431366440257,interface_0p1db,0.1,0.25,0.977237220956,0.944060876286,1.60021650566,1.30021650566,1.90021650566,1.0,0.907692882456,0.907692882456,0.32736361434,4,1,8,0,0.07
"Fig. 3(c,d)",2,2-QAM,raw_label_srm,0.1,0.25,0.5,0.08,0.251327412287,1.61350053735,0.431318908815,interface_0p1db,0.1,0.25,0.977237220956,0.944060876286,1.60021650566,1.30021650566,1.90021650566,1.0,0.907677028144,0.907677028144,0.3274596764,4,1,8,0,0.17
"Fig. 3(c,d)",2,2-QAM,raw_label_srm,0.1,0.25,0.5,0.085,0.267035375555,1.6152318331,0.431269729115,interface_0p1db,0.1,0.25,0.977237220956,0.944060876286,1.60021650566,1.30021650566,1.90021650566,1.0,0.90765999452,0.90765999452,0.327561743346,4,1,8,0,0.01
"Fig. 3(c,d)",2,2-QAM,raw_label_srm,0.1,0.25,0.5,0.09,0.282743338823,1.61707261936,0.431218997599,interface_0p1db,0.1,0.25,0.977237220956,0.944060876286,1.60021650566,1.30021650566,1.90021650566,1.0,0.907641766036,0.907641766036,0.327669745209,4,1,8,0,0.01
"Fig. 3(c,d)",2,2-QAM,raw_label_srm,0.1,0.25,0.5,0.095,0.298451302091,1.61902358369,0.431166807536,interface_0p1db,0.1,0.25,0.977237220956,0.944060876286,1.60021650566,1.30021650566,1.90021650566,1.0,0.907622327331,0.907622327331,0.32778360439,4,1,8,0,0.071
"Fig. 3(c,d)",2,2-QAM,raw_label_srm,0.1,0.25,0.5,0.1,0.314159265359,1.62108544531,0.431113249522,interface_0p1db,0.1,0.25,0.977237220956,0.944060876286,1.60021650566,1.30021650566,1.90021650566,1.0,0.907601663258,0.907601663258,0.327903235472,4,1,8,0,0.096
"Fig. 3(c,d)",2,2-QAM,raw_label_srm,0.1,0.25,0.5,0.105,0.329867228627,1.62325895524,0.431058411909,interface_0p1db,0.1,0.25,0.977237220956,0.944060876286,1.60021650566,1.30021650566,1.90021650566,1.0,0.907579758917,0.907579758917,0.328028545004,4,1,8,0,0.051
"Fig. 3(c,d)",2,2-QAM,raw_label_srm,0.1,0.25,0.5,0.11,0.345575191895,1.62554489634,0.431002381169,interface_0p1db,0.1,0.25,0.977237220956,0.944060876286,1.60021650566,1.30021650566,1.90021650566,1.0,0.907556599692,0.907556599692,0.32815943129,4,1,8,0,0.017
"Fig. 3(c,d)",2,2-QAM,raw_label_srm,0.1,0.25,0.5,0.115,0.361283155163,1.62794408352,0.430945242217,interface_0p1db,0.1,0.25,0.977237220956,0.944060876286,1.60021650566,1.30021650566,1.90021650566,1.0,0.90753217129,0.90753217129,0.328295784154,4,1,8,0,0.275
"Fig. 3(c,d)",2,2-QAM,raw_label_srm,0.1,0.25,0.5,0.12,0.376991118431,1.63045736376,0.430887078687,interface_0p1db,0.1,0.25,0.977237220956,0.944060876286,1.60021650566,1.30021650566,1.90021650566,1.0,0.907506459784,0.907506459784,0.328437484715,4,1,8,0,0.041
"Fig. 3(c,d)",2,2-QAM,raw_label_srm,0.1,0.25,0.5,0.125,0.392699081699,1.63308561625,0.430827973185,interface_0p1db,0.1,0.25,0.977237220956,0.944060876286,1.60021650566,1.30021650566,1.90021650566,1.0,0.907479451653,0.907479451653,0.328584405147,4,1,8,0,0.103
"Fig. 3(c,d)",2,2-QAM,raw_label_srm,0.1,0.25,0.5,0.13,0.408407044967,1.63582975256,0.430768007501,interface_0p1db,0.1,0.25,0.977237220956,0.944060876286,1.60021650566,1.30021650566,1.90021650566,1.0,0.907451133827,0.907451133827,0.328736408453,4,1,8,0,0.14
"Fig. 3(c,d)",2,2-QAM,raw_label_srm,0.1,0.25,0.5,0.135,0.424115008235,1.63869071683,0.430707262814,interface_0p1db,0.1,0.25,0.977237220956,0.944060876286,1.60021650566,1.30021650566,1.90021650566,1.0,0.907421493722,0.907421493722,0.328893348229,4,1,8,0,0.072
"Fig. 3(c,d)",2,2-QAM,raw_label_srm,0.1,0.25,0.5,0.14,0.439822971503,1.64163323228,0.430645819972,interface_0p1db,0.1,0.25,0.977237220956,0.944060876286,1.60021650566,1.30021650566,1.90021650566,1.0,0.907394195161,0.907394195161,0.329047191362,4,1,8,0,0.189
"Fig. 3(c,d)",2,2-QAM,raw_label_srm,0.1,0.25,0.5,0.145,0.455530934771,1.64472815541,0.43058375927,interface_0p1db,0.1,0.25,0.977237220956,0.944060876286,1.60021650566,1.30021650566,1.90021650566,1.0,0.90736213919,0.90736213919,0.329212982143,4,1,8,0,0.022
"Fig. 3(c,d)",2,2-QAM,raw_label_srm,0.1,0.25,0.5,0.15,0.471238898038,1.64794315928,0.430521161103,interface_0p1db,0.1,0.25,0.977237220956,0.944060876286,1.60021650566,1.30021650566,1.90021650566,1.0,0.907328703032,0.907328703032,0.32938326555,4,1,8,0,0.104
"Fig. 3(c,d)",2,2-QAM,raw_label_srm,0.1,0.25,0.5,0.155,0.486946861306,1.65127934769,0.430458105801,interface_0p1db,0.1,0.25,0.977237220956,0.944060876286,1.60021650566,1.30021650566,1.90021650566,1.0,0.907293873777,0.907293873777,0.329557860785,4,1,8,0,0.086
"Fig. 3(c,d)",2,2-QAM,raw_label_srm,0.1,0.25,0.5,0.16,0.502654824574,1.65473785807,0.430394673818,interface_0p1db,0.1,0.25,0.977237220956,0.944060876286,1.60021650566,1.30021650566,1.90021650566,1.0,0.90725763924,0.90725763924,0.329736576381,4,1,8,0,0.155
"Fig. 3(c,d)",2,2-QAM,raw_label_srm,0.1,0.25,0.5,0.165,0.518362787842,1.6583198619,0.430330945844,interface_0p1db,0.1,0.25,0.977237220956,0.944060876286,1.60021650566,1.30021650566,1.90021650566,1.0,0.907219988001,0.907219988001,0.329919209988,4,1,8,0,0.029
"Fig. 3(c,d)",2,2-QAM,raw_label_srm,0.1,0.25,0.5,0.17,0.53407075111,1.66202656505,0.43026700291,interface_0p1db,0.1,0.25,0.977237220956,0.944060876286,1.60021650566,1.30021650566,1.90021650566,1.0,0.907180909438,0.907180909438,0.330105548191,4,1,8,0,0.033
"Fig. 3(c,d)",2,2-QAM,raw_label_srm,0.1,0.25,0.5,0.175,0.549778714378,1.66585920828,0.430202926486,interface_0p1db,0.1,0.25,0.977237220956,0.944060876286,1.60021650566,1.30021650566,1.90021650566,1.0,0.907140393757,0.907140393757,0.33029536634,4,1,8,0,0.145
"Fig. 3(c,d)",2,2-QAM,raw_label_srm,0.1,0.25,0.5,0.18,0.565486677646,1.66981906784,0.430138798569,interface_0p1db,0.1,0.25,0.977237220956,0.944060876286,1.60021650566,1.30021650566,1.90021650566,1.0,0.907098432018,0.907098432018,0.330488428412,4,1,7,0,0.093
"Fig. 3(c,d)",2,2-QAM,raw_label_srm,0.1,0.25,0.5,0.185,0.581194640914,1.67391386,0.430074701752,interface_0p1db,0.1,0.25,0.977237220956,0.944060876286,1.60021650566,1.30021650566,1.90021650566,1.0,0.907054376049,0.907054376049,0.330685820636,4,1,7,0,0.039
"Fig. 3(c,d)",2,2-QAM,raw_label_srm,0.1,0.25,0.5,0.19,0.596902604182,1.67812572243,0.430010719395,interface_0p1db,0.1,0.25,0.977237220956,0.944060876286,1.60021650566,1.30021650566,1.90021650566,1.0,0.907010138939,0.907010138939,0.330883282722,4,1,7,0,0.103
"Fig. 3(c,d)",2,2-QAM,raw_label_srm,0.1,0.25,0.5,0.195,0.61261056745,1.68247525393,0.429946935508,interface_0p1db,0.1,0.25,0.977237220956,0.944060876286,1.60021650566,1.30021650566,1.90021650566,1.0,0.906963794072,0.906963794072,0.331084545195,4,1,8,0,0.133
"Fig. 3(c,d)",2,2-QAM,raw_label_srm,0.1,0.25,0.5,0.2,0.628318530718,1.68695747665,0.429883435011,interface_0p1db,0.1,0.25,0.977237220956,0.944060876286,1.60021650566,1.30021650566,1.90021650566,1.0,0.906915976081,0.906915976081,0.331287991996,4,1,8,0,0.01
"Fig. 3(c,d)",2,2-QAM,raw_label_srm,0.1,0.25,0.5,0.205,0.644026493986,1.69157385665,0.429820303701,interface_0p1db,0.1,0.25,0.977237220956,0.944060876286,1.60021650566,1.30021650566,1.90021650566,1.0,0.906866680342,0.906866680342,0.331493329206,4,1,8,0,0.022
"Fig. 3(c,d)",2,2-QAM,raw_label_srm,0.1,0.25,0.5,0.21,0.659734457254,1.6963259013,0.429757628333,interface_0p1db,0.1,0.25,0.977237220956,0.944060876286,1.60021650566,1.30021650566,1.90021650566,1.0,0.906815903049,0.906815903049,0.331700251369,4,1,8,0,0.106
"Fig. 3(c,d)",2,2-QAM,raw_label_srm,0.1,0.25,0.5,0.215,0.675442420522,1.70121516082,0.429695496669,interface_0p1db,0.1,0.25,0.977237220956,0.944060876286,1.60021650566,1.30021650566,1.90021650566,1.0,0.90676364116,0.90676364116,0.33190844161,4,1,8,0,0.029
"Fig. 3(c,d)",2,2-QAM,raw_label_srm,0.1,0.25,0.5,0.22,0.69115038379,1.70624322979,0.429633997536,interface_0p1db,0.1,0.25,0.977237220956,0.944060876286,1.60021650566,1.30021650566,1.90021650566,1.0,0.906709892356,0.906709892356,0.332117571778,4,1,8,0,0.134
"Fig. 3(c,d)",2,2-QAM,raw_label_srm,0.1,0.25,0.5,0.225,0.706858347058,1.71141174902,0.429573220865,interface_0p1db,0.1,0.25,0.977237220956,0.944060876286,1.60021650566,1.30021650566,1.90021650566,1.0,0.906654654967,0.906654654967,0.332327302668,4,1,8,0,0.122
"Fig. 3(c,d)",2,2-QAM,raw_label_srm,0.1,0.25,0.5,0.23,0.722566310326,1.71670913295,0.429513257736,interface_0p1db,0.1,0.25,0.977237220956,0.944060876286,1.60021650566,1.30021650566,1.90021650566,1.0,0.906599230695,0.906599230695,0.332534671687,4,1,8,0,0.095
"Fig. 3(c,d)",2,2-QAM,raw_label_srm,0.1,0.25,0.5,0.235,0.738274273594,1.72217165574,0.429454200416,interface_0p1db,0.1,0.25,0.977237220956,0.944060876286,1.60021650566,1.30021650566,1.90021650566,1.0,0.906540228412,0.906540228412,0.332746122652,4,1,8,0,0.088
"Fig. 3(c,d)",2,2-QAM,raw_label_srm,0.1,0.25,0.5,0.24,0.753982236862,1.72778045411,0.429396142385,interface_0p1db,0.1,0.25,0.977237220956,0.944060876286,1.60021650566,1.30021650566,1.90021650566,1.0,0.906479680088,0.906479680088,0.33295718786,4,1,8,0,0.084
"Fig. 3(c,d)",2,2-QAM,raw_label_srm,0.1,0.25,0.5,0.245,0.769690200129,1.73353734291,0.429339178388,interface_0p1db,0.1,0.25,0.977237220956,0.944060876286,1.60021650566,1.30021650566,1.90021650566,1.0,0.906417589438,0.906417589438,0.333167477471,4,1,8,0,0.108
"Fig. 3(c,d)",2,2-QAM,raw_label_srm,0.1,0.25,0.5,0.25,0.785398163397,1.73944418929,0.429283404443,interface_0p1db,0.1,0.25,0.977237220956,0.944060876286,1.60021650566,1.30021650566,1.90021650566,1.0,0.906353960847,0.906353960847,0.333376591467,4,1,8,0,0.096
"Fig. 3(c,d)",2,2-QAM,raw_label_srm,0.1,0.25,0.5,0.255,0.801106126665,1.74550291559,0.429228917856,interface_0p1db,0.1,0.25,0.977237220956,0.944060876286,1.60021650566,1.30021650566,1.90021650566,1.0,0.906288799229,0.906288799229,0.333584120229,4,1,8,0,0.01
"Fig. 3(c,d)",2,2-QAM,raw_label_srm,0.1,0.25,0.5,0.26,0.816814089933,1.7517155024,0.429175817231,interface_0p1db,0.1,0.25,0.977237220956,0.944060876286,1.60021650566,1.30021650566,1.90021650566,1.0,0.906222109868,0.906222109868,0.333789645182,4,1,7,0,0.119
"Fig. 3(c,d)",2,2-QAM,raw_label_srm,0.1,0.25,0.5,0.265,0.832522053201,1.75808960496,0.429124202466,interface_0p1db,0.1,0.25,0.977237220956,0.944060876286,1.60021650566,1.30021650566,1.90021650566,1.0,0.906153356674,0.906153356674,0.333993785717,4,1,7,0,0.121
"Fig. 3(c,d)",2,2-QAM,raw_label_srm,0.1,0.25,0.5,0.27,0.848230016469,1.76461049166,0.429074174797,interface_0p1db,0.1,0.25,0.977237220956,0.944060876286,1.60021650566,1.30021650566,1.90021650566,1.0,0.906084169862,0.906084169862,0.334192968991,4,1,8,0,0.261
"Fig. 3(c,d)",2,2-QAM,raw_label_srm,0.1,0.25,0.5,0.275,0.863937979737,1.77129717798,0.42902583669,interface_0p1db,0.1,0.25,0.977237220956,0.944060876286,1.60021650566,1.30021650566,1.90021650566,1.0,0.906012930014,0.906012930014,0.334389892755,4,1,8,0,0.074
"Fig. 3(c,d)",2,2-QAM,raw_label_srm,0.1,0.25,0.5,0.28,0.879645943005,1.7781463005,0.428979291922,interface_0p1db,0.1,0.25,0.977237220956,0.944060876286,1.60021650566,1.30021650566,1.90021650566,1.0,0.905940183599,0.905940183599,0.334583064327,4,1,8,0,0.066
"Fig. 3(c,d)",2,2-QAM,raw_label_srm,0.1,0.25,0.5,0.285,0.895353906273,1.78521021271,0.428934645773,interface_0p1db,0.1,0.25,0.977237220956,0.944060876286,1.60021650566,1.30021650566,1.90021650566,1.0,0.905861160103,0.905861160103,0.334781035646,4,1,8,0,0.085
"Fig. 3(c,d)",2,2-QAM,raw_label_srm,0.1,0.25,0.5,0.29,0.911061869541,1.79239127082,0.428892004316,interface_0p1db,0.1,0.25,0.977237220956,0.944060876286,1.60021650566,1.30021650566,1.90021650566,1.0,0.905785426,0.905785426,0.334965263867,4,1,8,0,0.061
"Fig. 3(c,d)",2,2-QAM,raw_label_srm,0.1,0.25,0.5,0.295,0.926769832809,1.79975854004,0.428851474944,interface_0p1db,0.1,0.25,0.977237220956,0.944060876286,1.60021650566,1.30021650566,1.90021650566,1.0,0.905706625512,0.905706625512,0.335147298702,4,1,8,0,0.041
"Fig. 3(c,d)",2,2-QAM,raw_label_srm,0.1,0.25,0.5,0.3,0.942477796077,1.80730189985,0.428813166267,interface_0p1db,0.1,0.25,0.977237220956,0.944060876286,1.60021650566,1.30021650566,1.90021650566,1.0,0.90562597582,0.90562597582,0.335324375388,4,1,8,0,0.028
"Fig. 3(c,d)",4,4-QAM,raw_label_srm,0.1,0.25,0.5,-0.3,-0.942477796077,1.6063035147,0.547766941679,interface_0p1db,0.1,0.25,0.977237220956,0.944060876286,1.66541120374,1.36541120374,1.96541120374,1.0,0.816918968478,0.816918968478,0.367767232733,16,1,8,0,0.427
"Fig. 3(c,d)",4,4-QAM,raw_label_srm,0.1,0.25,0.5,-0.295,-0.926769832809,1.61164296065,0.55321583451,interface_0p1db,0.1,0.25,0.977237220956,0.944060876286,1.66541120374,1.36541120374,1.96541120374,1.0,0.815106175769,0.815106175769,0.380507819225,16,1,8,0,0.303
"Fig. 3(c,d)",4,4-QAM,raw_label_srm,0.1,0.25,0.5,-0.29,-0.911061869541,1.61698645007,0.558701467077,interface_0p1db,0.1,0.25,0.977237220956,0.944060876286,1.66541120374,1.36541120374,1.96541120374,1.0,0.813298528668,0.813298528668,0.393132395466,16,1,8,0,0.176
"Fig. 3(c,d)",4,4-QAM,raw_label_srm,0.1,0.25,0.5,-0.285,-0.895353906273,1.62226781019,0.564219638494,interface_0p1db,0.1,0.25,0.977237220956,0.944060876286,1.66541120374,1.36541120374,1.96541120374,1.0,0.811509687647,0.811509687647,0.40560165279,16,1,8,0,0.315
"Fig. 3(c,d)",4,4-QAM,raw_label_srm,0.1,0.25,0.5,-0.28,-0.879645943005,1.6275453866,0.56976554244,interface_0p1db,0.1,0.25,0.977237220956,0.944060876286,1.66541120374,1.36541120374,1.96541120374,1.0,0.809727970507,0.809727970507,0.417913402346,16,1,8,0,0.263
"Fig. 3(c,d)",4,4-QAM,raw_label_srm,0.1,0.25,0.5,-0.275,-0.863937979737,1.6327446562,0.575333730912,interface_0p1db,0.1,0.25,0.977237220956,0.944060876286,1.66541120374,1.36541120374,1.96541120374,1.0,0.807968727035,0.807968727035,0.430027381535,16,1,8,0,0.369
"Fig. 3(c,d)",4,4-QAM,raw_label_srm,0.1,0.25,0.5,-0.27,-0.848230016469,1.63783336469,0.580918095752,interface_0p1db,0.1,0.25,0.977237220956,0.944060876286,1.66541120374,1.36541120374,1.96541120374,1.0,0.806238750835,0.806238750835,0.441917235712,16,1,8,0,0.265
"Fig. 3(c,d)",4,4-QAM,raw_label_srm,0.1,0.25,0.5,-0.265,-0.832522053201,1.64277793616,0.586511872975,interface_0p1db,0.1,0.25,0.977237220956,0.944060876286,1.66541120374,1.36541120374,1.96541120374,1.0,0.804545138779,0.804545138779,0.453558089399,16,1,8,0,0.205
"Fig. 3(c,d)",4,4-QAM,raw_label_srm,0.1,0.25,0.5,-0.26,-0.816814089933,1.64754445195,0.592107675415,interface_0p1db,0.1,0.25,0.977237220956,0.944060876286,1.66541120374,1.36541120374,1.96541120374,1.0,0.80289510062,0.80289510062,0.464927207444,16,1,8,0,0.664
"Fig. 3(c,d)",4,4-QAM,raw_label_srm,0.1,0.25,0.5,-0.255,-0.801106126665,1.65209982551,0.597697556194,interface_0p1db,0.1,0.25,0.977237220956,0.944060876286,1.66541120374,1.36541120374,1.96541120374,1.0,0.801295726694,0.801295726694,0.476004624838,16,1,8,0,0.294
"Fig. 3(c,d)",4,4-QAM,raw_label_srm,0.1,0.25,0.5,-0.25,-0.785398163397,1.65641308123,0.603273102715,interface_0p1db,0.1,0.25,0.977237220956,0.944060876286,1.66541120374,1.36541120374,1.96541120374,1.0,0.799753731182,0.799753731182,0.486773682849,16,1,8,0,0.26
"Fig. 3(c,d)",4,4-QAM,raw_label_srm,0.1,0.25,0.5,-0.245,-0.769690200129,1.66045661511,0.608825557555,interface_0p1db,0.1,0.25,0.977237220956,0.944060876286,1.66541120374,1.36541120374,1.96541120374,1.0,0.798275194853,0.798275194853,0.497221413311,16,1,8,0,0.368
"Fig. 3(c,d)",4,4-QAM,raw_label_srm,0.1,0.25,0.5,-0.24,-0.753982236862,1.66420658449,0.614345959442,interface_0p1db,0.1,0.25,0.977237220956,0.944060876286,1.66541120374,1.36541120374,1.96541120374,1.0,0.796865485151,0.796865485151,0.507338561423,16,1,9,0,0.515
"Fig. 3(c,d)",4,4-QAM,raw_label_srm,0.1,0.25,0.5,-0.235,-0.738274273594,1.66767376338,0.619825295406,interface_0p1db,0.1,0.25,0.977237220956,0.944060876286,1.66541120374,1.36541120374,1.96541120374,1.0,0.79552275494,0.79552275494,0.517126282261,16,1,8,0,0.233
"Fig. 3(c,d)",4,4-QAM,raw_label_srm,0.1,0.25,0.5,-0.23,-0.722566310326,1.67079592273,0.625254652779,interface_0p1db,0.1,0.25,0.977237220956,0.944060876286,1.66541120374,1.36541120374,1.96541120374,1.0,0.794260580713,0.794260580713,0.526571474,16,1,8,0,0.228
"Fig. 3(c,d)",4,4-QAM,raw_label_srm,0.1,0.25,0.5,-0.225,-0.706858347058,1.67358995609,0.630625363466,interface_0p1db,0.1,0.25,0.977237220956,0.944060876286,1.66541120374,1.36541120374,1.96541120374,1.0,0.793075957589,0.793075957589,0.534982622664,16,1,8,0,0.262
"Fig. 3(c,d)",4,4-QAM,raw_label_srm,0.1,0.25,0.5,-0.22,-0.69115038379,1.67605514958,0.635929129584,interface_0p1db,0.1,0.25,0.977237220956,0.944060876286,1.66541120374,1.36541120374,1.96541120374,1.0,0.791969611798,0.791969611798,0.538193565869,16,1,8,0,0.639
"Fig. 3(c,d)",4,4-QAM,raw_label_srm,0.1,0.25,0.5,-0.215,-0.675442420522,1.67819622268,0.641158126547,interface_0p1db,0.1,0.25,0.977237220956,0.944060876286,1.66541120374,1.36541120374,1.96541120374,1.0,0.790941142642,0.790941142642,0.541462726866,16,1,8,0,0.309
"Fig. 3(c,d)",4,4-QAM,raw_label_srm,0.1,0.25,0.5,-0.21,-0.659734457254,1.68002258761,0.646305080099,interface_0p1db,0.1,0.25,0.977237220956,0.944060876286,1.66541120374,1.36541120374,1.96541120374,1.0,0.789989160167,0.789989160167,0.544786092428,16,1,8,0,0.283
"Fig. 3(c,d)",4,4-QAM,raw_label_srm,0.1,0.25,0.5,-0.205,-0.644026493986,1.68154748237,0.651363317127,interface_0p1db,0.1,0.25,0.977237220956,0.944060876286,1.66541120374,1.36541120374,1.96541120374,1.0,0.789111451486,0.789111451486,0.54815783987,16,1,8,0,0.237
"Fig. 3(c,d)",4,4-QAM,raw_label_srm,0.1,0.25,0.5,-0.2,-0.628318530718,1.68278708919,0.656326792118,interface_0p1db,0.1,0.25,0.977237220956,0.944060876286,1.66541120374,1.36541120374,1.96541120374,1.0,0.788305153063,0.788305153063,0.551570685884,16,1,8,0,0.423
"Fig. 3(c,d)",4,4-QAM,raw_label_srm,0.1,0.25,0.5,-0.195,-0.61261056745,1.6837596748,0.661190092475,interface_0p1db,0.1,0.25,0.977237220956,0.944060876286,1.66541120374,1.36541120374,1.96541120374,1.0,0.787566921713,0.787566921713,0.555016242872,16,1,8,0,0.254
"Fig. 3(c,d)",4,4-QAM,raw_label_srm,0.1,0.25,0.5,-0.19,-0.596902604182,1.68448481844,0.665948426659,interface_0p1db,0.1,0.25,0.977237220956,0.944060876286,1.66541120374,1.36541120374,1.96541120374,1.0,0.786893090441,0.786893090441,0.558485355561,16,1,8,0,0.294
"Fig. 3(c,d)",4,4-QAM,raw_label_srm,0.1,0.25,0.5,-0.185,-0.581194640914,1.68498278148,0.670597599201,interface_0p1db,0.1,0.25,0.977237220956,0.944060876286,1.66541120374,1.36541120374,1.96541120374,1.0,0.786279797223,0.786279797223,0.561968398652,16,1,8,0,0.455
"Fig. 3(c,d)",4,4-QAM,raw_label_srm,0.1,0.25,0.5,-0.18,-0.565486677646,1.68527397145,0.67513397644,interface_0p1db,0.1,0.25,0.977237220956,0.944060876286,1.66541120374,1.36541120374,1.96541120374,1.0,0.785723096535,0.785723096535,0.565455534557,16,1,8,0,0.255
"Fig. 3(c,d)",4,4-QAM,raw_label_srm,0.1,0.25,0.5,-0.175,-0.549778714378,1.68537852624,0.679554446283,interface_0p1db,0.1,0.25,0.977237220956,0.944060876286,1.66541120374,1.36541120374,1.96541120374,1.0,0.785219047522,0.785219047522,0.568936925121,16,1,8,0,0.329
"Fig. 3(c,d)",4,4-QAM,raw_label_srm,0.1,0.25,0.5,-0.17,-0.53407075111,1.68531600417,0.683856374722,interface_0p1db,0.1,0.25,0.977237220956,0.944060876286,1.66541120374,1.36541120374,1.96541120374,1.0,0.78476378135,0.78476378135,0.572402899465,16,1,8,0,0.264
"Fig. 3(c,d)",4,4-QAM,raw_label_srm,0.1,0.25,0.5,-0.165,-0.518362787842,1.68510516461,0.688037561232,interface_0p1db,0.1,0.25,0.977237220956,0.944060876286,1.66541120374,1.36541120374,1.96541120374,1.0,0.784353550521,0.784353550521,0.575844082094,16,1,8,0,0.155
"Fig. 3(c,d)",4,4-QAM,raw_label_srm,0.1,0.25,0.5,-0.16,-0.502654824574,1.68476382304,0.692096194626,interface_0p1db,0.1,0.25,0.977237220956,0.944060876286,1.66541120374,1.36541120374,1.96541120374,1.0,0.783984763151,0.783984763151,0.579251486556,16,1,8,0,0.376
"Fig. 3(c,d)",4,4-QAM,raw_label_srm,0.1,0.25,0.5,-0.155,-0.486946861306,1.68430876531,0.696030810453,interface_0p1db,0.1,0.25,0.977237220956,0.944060876286,1.66541120374,1.36541120374,1.96541120374,1.0,0.783654005123,0.783654005123,0.58261658017,16,1,8,0,0.46
"Fig. 3(c,d)",4,4-QAM,raw_label_srm,0.1,0.25,0.5,-0.15,-0.471238898038,1.68375570745,0.699840250681,interface_0p1db,0.1,0.25,0.977237220956,0.944060876286,1.66541120374,1.36541120374,1.96541120374,1.0,0.783358052785,0.783358052785,0.585931325169,16,1,8,0,0.364
"Fig. 3(c,d)",4,4-QAM,raw_label_srm,0.1,0.25,0.5,-0.145,-0.455530934771,1.6831192894,0.703523626074,interface_0p1db,0.1,0.25,0.977237220956,0.944060876286,1.66541120374,1.36541120374,1.96541120374,1.0,0.78309387842,0.78309387842,0.589188201033,16,1,8,0,0.304
"Fig. 3(c,d)",4,4-QAM,raw_label_srm,0.1,0.25,0.5,-0.14,-0.439822971503,1.68241309306,0.707080281485,interface_0p1db,0.1,0.25,0.977237220956,0.944060876286,1.66541120374,1.36541120374,1.96541120374,1.0,0.782858650466,0.782858650466,0.59238021218,16,1,8,0,0.081
"Fig. 3(c,d)",4,4-QAM,raw_label_srm,0.1,0.25,0.5,-0.135,-0.424115008235,1.6816496773,0.710509764098,interface_0p1db,0.1,0.25,0.977237220956,0.944060876286,1.66541120374,1.36541120374,1.96541120374,1.0,0.782649729897,0.782649729897,0.595500884479,16,1,8,0,0.168
"Fig. 3(c,d)",4,4-QAM,raw_label_srm,0.1,0.25,0.5,-0.13,-0.408407044967,1.68084062364,0.713811794574,interface_0p1db,0.1,0.25,0.977237220956,0.944060876286,1.66541120374,1.36541120374,1.96541120374,1.0,0.782464664093,0.782464664093,0.598544253492,16,1,8,0,0.365
"Fig. 3(c,d)",4,4-QAM,raw_label_srm,0.1,0.25,0.5,-0.125,-0.392699081699,1.67999658846,0.716986240963,interface_0p1db,0.1,0.25,0.977237220956,0.944060876286,1.66541120374,1.36541120374,1.96541120374,1.0,0.782301179021,0.782301179021,0.601504846702,16,1,8,0,0.261
"Fig. 3(c,d)",4,4-QAM,raw_label_srm,0.1,0.25,0.5,-0.12,-0.376991118431,1.6791273584,0.720033095216,interface_0p1db,0.1,0.25,0.977237220956,0.944060876286,1.66541120374,1.36541120374,1.96541120374,1.0,0.782157170453,0.782157170453,0.604377661598,16,1,8,0,0.3
"Fig. 3(c,d)",4,4-QAM,raw_label_srm,0.1,0.25,0.5,-0.115,-0.361283155163,1.67824190623,0.722952452099,interface_0p1db,0.1,0.25,0.977237220956,0.944060876286,1.66541120374,1.36541120374,1.96541120374,1.0,0.782030694778,0.782030694778,0.607158141058,16,1,8,0,0.164
"Fig. 3(c,d)",4,4-QAM,raw_label_srm,0.1,0.25,0.5,-0.11,-0.345575191895,1.677348446,0.725744490311,interface_0p1db,0.1,0.25,0.977237220956,0.944060876286,1.66541120374,1.36541120374,1.96541120374,1.0,0.781919959676,0.781919959676,0.609842147113,16,1,8,0,0.344
"Fig. 3(c,d)",4,4-QAM,raw_label_srm,0.1,0.25,0.5,-0.105,-0.329867228627,1.67645448602,0.728409455604,interface_0p1db,0.1,0.25,0.977237220956,0.944060876286,1.66541120374,1.36541120374,1.96541120374,1.0,0.781823315002,0.781823315002,0.612425933979,16,1,8,0,0.386
"Fig. 3(c,d)",4,4-QAM,raw_label_srm,0.1,0.25,0.5,-0.1,-0.314159265359,1.67556687871,0.730947645712,interface_0p1db,0.1,0.25,0.977237220956,0.944060876286,1.66541120374,1.36541120374,1.96541120374,1.0,0.781739244068,0.781739244068,0.614906121025,16,1,8,0,0.23
"Fig. 3(c,d)",4,4-QAM,raw_label_srm,0.1,0.25,0.5,-0.095,-0.298451302091,1.67469186789,0.733359396917,interface_0p1db,0.1,0.25,0.977237220956,0.944060876286,1.66541120374,1.36541120374,1.96541120374,1.0,0.781666355258,0.781666355258,0.617279666072,16,1,8,0,0.491
"Fig. 3(c,d)",4,4-QAM,raw_label_srm,0.1,0.25,0.5,-0.09,-0.282743338823,1.67383513179,0.735645072069,interface_0p1db,0.1,0.25,0.977237220956,0.944060876286,1.66541120374,1.36541120374,1.96541120374,1.0,0.781603374339,0.781603374339,0.619543839525,16,1,8,0,0.351
"Fig. 3(c,d)",4,4-QAM,raw_label_srm,0.1,0.25,0.5,-0.085,-0.267035375555,1.67300182292,0.737805049917,interface_0p1db,0.1,0.25,0.977237220956,0.944060876286,1.66541120374,1.36541120374,1.96541120374,1.0,0.78154913725,0.78154913725,0.621696199465,16,1,8,0,0.251
"Fig. 3(c,d)",4,4-QAM,raw_label_srm,0.1,0.25,0.5,-0.08,-0.251327412287,1.67219660454,0.739839715613,interface_0p1db,0.1,0.25,0.977237220956,0.944060876286,1.66541120374,1.36541120374,1.96541120374,1.0,0.781502583464,0.781502583464,0.623734567942,16,1,8,0,0.373
"Fig. 3(c,d)",4,4-QAM,raw_label_srm,0.1,0.25,0.5,-0.075,-0.235619449019,1.671423684,0.741749452247,interface_0p1db,0.1,0.25,0.977237220956,0.944060876286,1.66541120374,1.36541120374,1.96541120374,1.0,0.781462749844,0.781462749844,0.625657008551,16,1,8,0,0.408
"Fig. 3(c,d)",4,4-QAM,raw_label_srm,0.1,0.25,0.5,-0.07,-0.219911485751,1.67068684458,0.743534633288,interface_0p1db,0.1,0.25,0.977237220956,0.944060876286,1.66541120374,1.36541120374,1.96541120374,1.0,0.78142876469,0.78142876469,0.627461805286,16,1,8,0,0.334
"Fig. 3(c,d)",4,4-QAM,raw_label_srm,0.1,0.25,0.5,-0.065,-0.204203522483,1.66998948982,0.745195615725,interface_0p1db,0.1,0.25,0.977237220956,0.944060876286,1.66541120374,1.36541120374,1.96541120374,1.0,0.781399838871,0.781399838871,0.629147441702,16,1,8,0,0.133
"Fig. 3(c,d)",4,4-QAM,raw_label_srm,0.1,0.25,0.5,-0.06,-0.188495559215,1.66933458493,0.746732734002,interface_0p1db,0.1,0.25,0.977237220956,0.944060876286,1.66541120374,1.36541120374,1.96541120374,1.0,0.78137527963,0.78137527963,0.630712588775,16,1,8,0,0.351
"Fig. 3(c,d)",4,4-QAM,raw_label_srm,0.1,0.25,0.5,-0.055,-0.172787595947,1.66872466321,0.748146297203,interface_0p1db,0.1,0.25,0.977237220956,0.944060876286,1.66541120374,1.36541120374,1.96541120374,1.0,0.781354489908,0.781354489908,0.632156089031,16,1,8,0,0.232
"Fig. 3(c,d)",4,4-QAM,raw_label_srm,0.1,0.25,0.5,-0.05,-0.157079632679,1.66816207617,0.749436581735,interface_0p1db,0.1,0.25,0.977237220956,0.944060876286,1.66541120374,1.36541120374,1.96541120374,1.0,0.781336913511,0.781336913511,0.633476924828,16,1,8,0,0.253
"Fig. 3(c,d)",4,4-QAM,raw_label_srm,0.1,0.25,0.5,-0.045,-0.141371669412,1.66764880801,0.750603827288,interface_0p1db,0.1,0.25,0.977237220956,0.944060876286,1.66541120374,1.36541120374,1.96541120374,1.0,0.781322076755,0.781322076755,0.634674219119,16,1,8,0,0.363
"Fig. 3(c,d)",4,4-QAM,raw_label_srm,0.1,0.25,0.5,-0.04,-0.125663706144,1.6671865304,0.751648233091,interface_0p1db,0.1,0.25,0.977237220956,0.944060876286,1.66541120374,1.36541120374,1.96541120374,1.0,0.781309576771,0.781309576771,0.635747220036,16,1,8,0,0.195
"Fig. 3(c,d)",4,4-QAM,raw_label_srm,0.1,0.25,0.5,-0.035,-0.109955742876,1.66677662075,0.752569954245,interface_0p1db,0.1,0.25,0.977237220956,0.944060876286,1.66541120374,1.36541120374,1.96541120374,1.0,0.781299077848,0.781299077848,0.636695289359,16,1,8,0,0.294
"Fig. 3(c,d)",4,4-QAM,raw_label_srm,0.1,0.25,0.5,-0.03,-0.0942477796077,1.66642017719,0.753369097963,interface_0p1db,0.1,0.25,0.977237220956,0.944060876286,1.66541120374,1.36541120374,1.96541120374,1.0,0.781290308419,0.781290308419,0.637517892411,16,1,8,0,0.251
"Fig. 3(c,d)",4,4-QAM,raw_label_srm,0.1,0.25,0.5,-0.025,-0.0785398163397,1.66611803155,0.754045719342,interface_0p1db,0.1,0.25,0.977237220956,0.944060876286,1.66541120374,1.36541120374,1.96541120374,1.0,0.781283058457,0.781283058457,0.638214589268,16,1,8,0,0.284
"Fig. 3(c,d)",4,4-QAM,raw_label_srm,0.1,0.25,0.5,-0.02,-0.0628318530718,1.66587076091,0.754599815895,interface_0p1db,0.1,0.25,0.977237220956,0.944060876286,1.66541120374,1.36541120374,1.96541120374,1.0,0.781277177119,0.781277177119,0.638785027215,16,1,8,0,0.271
"Fig. 3(c,d)",4,4-QAM,raw_label_srm,0.1,0.25,0.5,-0.015,-0.0471238898038,1.66567869247,0.755031319312,interface_0p1db,0.1,0.25,0.977237220956,0.944060876286,1.66541120374,1.36541120374,1.96541120374,1.0,0.781272571833,0.781272571833,0.639228934775,16,1,8,0,0.282
"Fig. 3(c,d)",4,4-QAM,raw_label_srm,0.1,0.25,0.5,-0.01,-0.0314159265359,1.66554189721,0.755340080759,interface_0p1db,0.1,0.25,0.977237220956,0.944060876286,1.66541120374,1.36541120374,1.96541120374,1.0,0.781269209833,0.781269209833,0.639546117606,16,1,8,0,0.219
"Fig. 3(c,d)",4,4-QAM,raw_label_srm,0.1,0.25,0.5,-0.005,-0.0157079632679,1.66546018315,0.755525836934,interface_0p1db,0.1,0.25,0.977237220956,0.944060876286,1.66541120374,1.36541120374,1.96541120374,1.0,0.781267119742,0.781267119742,0.639736455514,16,1,8,0,0.621
"Fig. 3(c,d)",4,4-QAM,raw_label_srm,0.1,0.25,0.5,0.0,0.0,1.66541120374,0.755588063203,interface_0p1db,0.1,0.25,0.977237220956,0.944060876286,1.66541120374,1.36541120374,1.96541120374,1.0,0.781271252789,0.781271252789,0.639801376337,16,1,8,0,0.39
"Fig. 3(c,d)",4,4-QAM,raw_label_srm,0.1,0.25,0.5,0.005,0.0157079632679,1.66546018316,0.755525836934,interface_0p1db,0.1,0.25,0.977237220956,0.944060876286,1.66541120374,1.36541120374,1.96541120374,1.0,0.781267117609,0.781267117609,0.639736455514,16,1,8,0,0.227
"Fig. 3(c,d)",4,4-QAM,raw_label_srm,0.1,0.25,0.5,0.01,0.0314159265359,1.66554189717,0.755340080759,interface_0p1db,0.1,0.25,0.977237220956,0.944060876286,1.66541120374,1.36541120374,1.96541120374,1.0,0.7812691928,0.7812691928,0.639546117609,16,1,8,0,0.207
"Fig. 3(c,d)",4,4-QAM,raw_label_srm,0.1,0.25,0.5,0.015,0.0471238898038,1.66567869233,0.755031319312,interface_0p1db,0.1,0.25,0.977237220956,0.944060876286,1.66541120374,1.36541120374,1.96541120374,1.0,0.781272514348,0.781272514348,0.639228934784,16,1,8,0,0.261
"Fig. 3(c,d)",4,4-QAM,raw_label_srm,0.1,0.25,0.5,0.02,0.0628318530718,1.66587076085,0.754599815895,interface_0p1db,0.1,0.25,0.977237220956,0.944060876286,1.66541120374,1.36541120374,1.96541120374,1.0,0.781277040792,0.781277040792,0.638785027218,16,1,8,0,0.614
"Fig. 3(c,d)",4,4-QAM,raw_label_srm,0.1,0.25,0.5,0.025,0.0785398163397,1.66611803151,0.754045719342,interface_0p1db,0.1,0.25,0.977237220956,0.944060876286,1.66541120374,1.36541120374,1.96541120374,1.0,0.781282792168,0.781282792168,0.638214589271,16,1,8,0,0.185
"Fig. 3(c,d)",4,4-QAM,raw_label_srm,0.1,0.25,0.5,0.03,0.0942477796077,1.66642017719,0.753369097963,interface_0p1db,0.1,0.25,0.977237220956,0.944060876286,1.66541120374,1.36541120374,1.96541120374,1.0,0.781289848234,0.781289848234,0.637517892411,16,1,8,0,0.266
"Fig. 3(c,d)",4,4-QAM,raw_label_srm,0.1,0.25,0.5,0.035,0.109955742876,1.66677662072,0.752569954245,interface_0p1db,0.1,0.25,0.977237220956,0.944060876286,1.66541120374,1.36541120374,1.96541120374,1.0,0.781298347056,0.781298347056,0.636695289361,16,1,8,0,0.433
"Fig. 3(c,d)",4,4-QAM,raw_label_srm,0.1,0.25,0.5,0.04,0.125663706144,1.66718653038,0.751648233091,interface_0p1db,0.1,0.25,0.977237220956,0.944060876286,1.66541120374,1.36541120374,1.96541120374,1.0,0.781308485831,0.781308485831,0.635747220038,16,1,8,0,0.196
"Fig. 3(c,d)",4,4-QAM,raw_label_srm,0.1,0.25,0.5,0.045,0.141371669412,1.66764880799,0.750603827288,interface_0p1db,0.1,0.25,0.977237220956,0.944060876286,1.66541120374,1.36541120374,1.96541120374,1.0,0.781320523322,0.781320523322,0.63467421912,16,1,8,0,0.254
"Fig. 3(c,d)",4,4-QAM,raw_label_srm,0.1,0.25,0.5,0.05,0.157079632679,1.66816207617,0.749436581735,interface_0p1db,0.1,0.25,0.977237220956,0.944060876286,1.66541120374,1.36541120374,1.96541120374,1.0,0.781334782414,0.781334782414,0.633476924828,16,1,8,0,0.345
"Fig. 3(c,d)",4,4-QAM,raw_label_srm,0.1,0.25,0.5,0.055,0.172787595947,1.66872466321,0.748146297203,interface_0p1db,0.1,0.25,0.977237220956,0.944060876286,1.66541120374,1.36541120374,1.96541120374,1.0,0.781351653152,0.781351653152,0.632156089031,16,1,8,0,0.247
"Fig. 3(c,d)",4,4-QAM,raw_label_srm,0.1,0.25,0.5,0.06,0.188495559215,1.66933458493,0.746732734002,interface_0p1db,0.1,0.25,0.977237220956,0.944060876286,1.66541120374,1.36541120374,1.96541120374,1.0,0.781371596381,0.781371596381,0.630712588775,16,1,8,0,0.17
"Fig. 3(c,d)",4,4-QAM,raw_label_srm,0.1,0.25,0.5,0.065,0.204203522483,1.66998948982,0.745195615725,interface_0p1db,0.1,0.25,0.977237220956,0.944060876286,1.66541120374,1.36541120374,1.96541120374,1.0,0.781395155452,0.781395155452,0.629147441702,16,1,8,0,0.285
"Fig. 3(c,d)",4,4-QAM,raw_label_srm,0.1,0.25,0.5,0.07,0.219911485751,1.67068684458,0.743534633288,interface_0p1db,0.1,0.25,0.977237220956,0.944060876286,1.66541120374,1.36541120374,1.96541120374,1.0,0.781422914581,0.781422914581,0.627461805286,16,1,8,0,0.34
"Fig. 3(c,d)",4,4-QAM,raw_label_srm,0.1,0.25,0.5,0.075,0.235619449019,1.671423684,0.741749452247,interface_0p1db,0.1,0.25,0.977237220956,0.944060876286,1.66541120374,1.36541120374,1.96541120374,1.0,0.781455553678,0.781455553678,0.625657008551,16,1,8,0,0.443
"Fig. 3(c,d)",4,4-QAM,raw_label_srm,0.1,0.25,0.5,0.08,0.251327412287,1.67219660453,0.739839715613,interface_0p1db,0.1,0.25,0.977237220956,0.944060876286,1.66541120374,1.36541120374,1.96541120374,1.0,0.781493849043,0.781493849043,0.623734567942,16,1,8,0,0.639
"Fig. 3(c,d)",4,4-QAM,raw_label_srm,0.1,0.25,0.5,0.085,0.267035375555,1.67300182292,0.737805049917,interface_0p1db,0.1,0.25,0.977237220956,0.944060876286,1.66541120374,1.36541120374,1.96541120374,1.0,0.781538659543,0.781538659543,0.621696199465,16,1,8,0,0.456
"Fig. 3(c,d)",4,4-QAM,raw_label_srm,0.1,0.25,0.5,0.09,0.282743338823,1.67383513179,0.735645072069,interface_0p1db,0.1,0.25,0.977237220956,0.944060876286,1.66541120374,1.36541120374,1.96541120374,1.0,0.781590935516,0.781590935516,0.619543839525,16,1,8,0,0.195
"Fig. 3(c,d)",4,4-QAM,raw_label_srm,0.1,0.25,0.5,0.095,0.298451302091,1.67469186789,0.733359396917,interface_0p1db,0.1,0.25,0.977237220956,0.944060876286,1.66541120374,1.36541120374,1.96541120374,1.0,0.781651724717,0.781651724717,0.617279666072,16,1,8,0,0.809
"Fig. 3(c,d)",4,4-QAM,raw_label_srm,0.1,0.25,0.5,0.1,0.314159265359,1.67556687871,0.730947645712,interface_0p1db,0.1,0.25,0.977237220956,0.944060876286,1.66541120374,1.36541120374,1.96541120374,1.0,0.781722178471,0.781722178471,0.614906121024,16,1,8,0,0.113
"Fig. 3(c,d)",4,4-QAM,raw_label_srm,0.1,0.25,0.5,0.105,0.329867228627,1.67645448601,0.728409455604,interface_0p1db,0.1,0.25,0.977237220956,0.944060876286,1.66541120374,1.36541120374,1.96541120374,1.0,0.781803558336,0.781803558336,0.61242593398,16,1,8,0,0.278
"Fig. 3(c,d)",4,4-QAM,raw_label_srm,0.1,0.25,0.5,0.11,0.345575191895,1.67734844603,0.725744490311,interface_0p1db,0.1,0.25,0.977237220956,0.944060876286,1.66541120374,1.36541120374,1.96541120374,1.0,0.781897243313,0.781897243313,0.609842147111,16,1,8,0,0.112
"Fig. 3(c,d)",4,4-QAM,raw_label_srm,0.1,0.25,0.5,0.115,0.361283155163,1.67824190622,0.722952452099,interface_0p1db,0.1,0.25,0.977237220956,0.944060876286,1.66541120374,1.36541120374,1.96541120374,1.0,0.782004737597,0.782004737597,0.607158141059,16,1,8,0,0.519
"Fig. 3(c,d)",4,4-QAM,raw_label_srm,0.1,0.25,0.5,0.12,0.376991118431,1.67912735839,0.720033095216,interface_0p1db,0.1,0.25,0.977237220956,0.944060876286,1.66541120374,1.36541120374,1.96541120374,1.0,0.782127678911,0.782127678911,0.604377661599,16,1,8,0,0.627
"Fig. 3(c,d)",4,4-QAM,raw_label_srm,0.1,0.25,0.5,0.125,0.392699081699,1.67999658846,0.716986240963,interface_0p1db,0.1,0.25,0.977237220956,0.944060876286,1.66541120374,1.36541120374,1.96541120374,1.0,0.782267847313,0.782267847313,0.601504846701,16,1,8,0,0.043
"Fig. 3(c,d)",4,4-QAM,raw_label_srm,0.1,0.25,0.5,0.13,0.408407044967,1.68084062364,0.713811794574,interface_0p1db,0.1,0.25,0.977237220956,0.944060876286,1.66541120374,1.36541120374,1.96541120374,1.0,0.782427174335,0.782427174335,0.598544253492,16,1,8,0,0.222
"Fig. 3(c,d)",4,4-QAM,raw_label_srm,0.1,0.25,0.5,0.135,0.424115008235,1.6816496773,0.710509764098,interface_0p1db,0.1,0.25,0.977237220956,0.944060876286,1.66541120374,1.36541120374,1.96541120374,1.0,0.782607752322,0.782607752322,0.59550088448,16,1,8,0,0.394
"Fig. 3(c,d)",4,4-QAM,raw_label_srm,0.1,0.25,0.5,0.14,0.439822971503,1.68241309306,0.707080281485,interface_0p1db,0.1,0.25,0.977237220956,0.944060876286,1.66541120374,1.36541120374,1.96541120374,1.0,0.78281184368,0.78281184368,0.59238021218,16,1,8,0,0.053
"Fig. 3(c,d)",4,4-QAM,raw_label_srm,0.1,0.25,0.5,0.145,0.455530934771,1.68311928939,0.703523626074,interface_0p1db,0.1,0.25,0.977237220956,0.944060876286,1.66541120374,1.36541120374,1.96541120374,1.0,0.783041889723,0.783041889723,0.589188201035,16,1,8,0,0.33
"Fig. 3(c,d)",4,4-QAM,raw_label_srm,0.1,0.25,0.5,0.15,0.471238898038,1.68375570744,0.699840250681,interface_0p1db,0.1,0.25,0.977237220956,0.944060876286,1.66541120374,1.36541120374,1.96541120374,1.0,0.78330051853,0.78330051853,0.58593132517,16,1,8,0,0.131
"Fig. 3(c,d)",4,4-QAM,raw_label_srm,0.1,0.25,0.5,0.155,0.486946861306,1.68430876531,0.696030810453,interface_0p1db,0.1,0.25,0.977237220956,0.944060876286,1.66541120374,1.36541120374,1.96541120374,1.0,0.783590551195,0.783590551195,0.58261658017,16,1,8,0,0.145
"Fig. 3(c,d)",4,4-QAM,raw_label_srm,0.1,0.25,0.5,0.16,0.502654824574,1.68476382304,0.692096194626,interface_0p1db,0.1,0.25,0.977237220956,0.944060876286,1.66541120374,1.36541120374,1.96541120374,1.0,0.783915005506,0.783915005506,0.579251486556,16,1,8,0,0.113
"Fig. 3(c,d)",4,4-QAM,raw_label_srm,0.1,0.25,0.5,0.165,0.518362787842,1.68510516461,0.688037561232,interface_0p1db,0.1,0.25,0.977237220956,0.944060876286,1.66541120374,1.36541120374,1.96541120374,1.0,0.784277095863,0.784277095863,0.575844082094,16,1,8,0,0.078
"Fig. 3(c,d)",4,4-QAM,raw_label_srm,0.1,0.25,0.5,0.17,0.53407075111,1.68531600417,0.683856374722,interface_0p1db,0.1,0.25,0.977237220956,0.944060876286,1.66541120374,1.36541120374,1.96541120374,1.0,0.784680227944,0.784680227944,0.572402899465,16,1,8,0,0.288
"Fig. 3(c,d)",4,4-QAM,raw_label_srm,0.1,0.25,0.5,0.175,0.549778714378,1.68537852624,0.679554446283,interface_0p1db,0.1,0.25,0.977237220956,0.944060876286,1.66541120374,1.36541120374,1.96541120374,1.0,0.785127986173,0.785127986173,0.568936925122,16,1,8,0,0.461
"Fig. 3(c,d)",4,4-QAM,raw_label_srm,0.1,0.25,0.5,0.18,0.565486677646,1.68527397145,0.67513397644,interface_0p1db,0.1,0.25,0.977237220956,0.944060876286,1.66541120374,1.36541120374,1.96541120374,1.0,0.785624111774,0.785624111774,0.565455534557,16,1,8,0,0.33
"Fig. 3(c,d)",4,4-QAM,raw_label_srm,0.1,0.25,0.5,0.185,0.581194640914,1.68498278148,0.670597599201,interface_0p1db,0.1,0.25,0.977237220956,0.944060876286,1.66541120374,1.36541120374,1.96541120374,1.0,0.786172468734,0.786172468734,0.561968398652,16,1,8,0,0.362
"Fig. 3(c,d)",4,4-QAM,raw_label_srm,0.1,0.25,0.5,0.19,0.596902604182,1.68448481844,0.665948426659,interface_0p1db,0.1,0.25,0.977237220956,0.944060876286,1.66541120374,1.36541120374,1.96541120374,1.0,0.786776994754,0.786776994754,0.558485355562,16,1,8,0,0.451
"Fig. 3(c,d)",4,4-QAM,raw_label_srm,0.1,0.25,0.5,0.195,0.61261056745,1.6837596748,0.661190092475,interface_0p1db,0.1,0.25,0.977237220956,0.944060876286,1.66541120374,1.36541120374,1.96541120374,1.0,0.787441634219,0.787441634219,0.555016242872,16,1,8,0,0.436
"Fig. 3(c,d)",4,4-QAM,raw_label_srm,0.1,0.25,0.5,0.2,0.628318530718,1.68278708918,0.656326792118,interface_0p1db,0.1,0.25,0.977237220956,0.944060876286,1.66541120374,1.36541120374,1.96541120374,1.0,0.788170250371,0.788170250371,0.551570685885,16,1,8,0,0.373
"Fig. 3(c,d)",4,4-QAM,raw_label_srm,0.1,0.25,0.5,0.205,0.644026493986,1.68154748237,0.651363317127,interface_0p1db,0.1,0.25,0.977237220956,0.944060876286,1.66541120374,1.36541120374,1.96541120374,1.0,0.788966514154,0.788966514154,0.54815783987,16,1,8,0,0.07
"Fig. 3(c,d)",4,4-QAM,raw_label_srm,0.1,0.25,0.5,0.21,0.659734457254,1.68002258761,0.646305080099,interface_0p1db,0.1,0.25,0.977237220956,0.944060876286,1.66541120374,1.36541120374,1.96541120374,1.0,0.789833775813,0.789833775813,0.544786092428,16,1,8,0,0.169
"Fig. 3(c,d)",4,4-QAM,raw_label_srm,0.1,0.25,0.5,0.215,0.675442420522,1.67819622268,0.641158126547,interface_0p1db,0.1,0.25,0.977237220956,0.944060876286,1.66541120374,1.36541120374,1.96541120374,1.0,0.790774909412,0.790774909412,0.541462726866,16,1,8,0,0.095
"Fig. 3(c,d)",4,4-QAM,raw_label_srm,0.1,0.25,0.5,0.22,0.69115038379,1.67605514958,0.635929129584,interface_0p1db,0.1,0.25,0.977237220956,0.944060876286,1.66541120374,1.36541120374,1.96541120374,1.0,0.791792142156,0.791792142156,0.538193565868,16,1,8,0,0.323
"Fig. 3(c,d)",4,4-QAM,raw_label_srm,0.1,0.25,0.5,0.225,0.706858347058,1.67358995609,0.630625363466,interface_0p1db,0.1,0.25,0.977237220956,0.944060876286,1.66541120374,1.36541120374,1.96541120374,1.0,0.792886882319,0.792886882319,0.534982622664,16,1,8,0,0.388
"Fig. 3(c,d)",4,4-QAM,raw_label_srm,0.1,0.25,0.5,0.23,0.722566310326,1.67079592272,0.625254652779,interface_0p1db,0.1,0.25,0.977237220956,0.944060876286,1.66541120374,1.36541120374,1.96541120374,1.0,0.794059553009,0.794059553009,0.526571473998,16,1,8,0,0.374
"Fig. 3(c,d)",4,4-QAM,raw_label_srm,0.1,0.25,0.5,0.235,0.738274273594,1.66767376341,0.619825295406,interface_0p1db,0.1,0.25,0.977237220956,0.944060876286,1.66541120374,1.36541120374,1.96541120374,1.0,0.795309454395,0.795309454395,0.517126282268,16,1,8,0,0.537
"Fig. 3(c,d)",4,4-QAM,raw_label_srm,0.1,0.25,0.5,0.24,0.753982236862,1.66420658458,0.614345959442,interface_0p1db,0.1,0.25,0.977237220956,0.944060876286,1.66541120374,1.36541120374,1.96541120374,1.0,0.796639630418,0.796639630418,0.507338561444,16,1,9,0,0.507
"Fig. 3(c,d)",4,4-QAM,raw_label_srm,0.1,0.25,0.5,0.245,0.769690200129,1.66045661512,0.608825557555,interface_0p1db,0.1,0.25,0.977237220956,0.944060876286,1.66541120374,1.36541120374,1.96541120374,1.0,0.798036519784,0.798036519784,0.497221413313,16,1,8,0,0.363
"Fig. 3(c,d)",4,4-QAM,raw_label_srm,0.1,0.25,0.5,0.25,0.785398163397,1.65641308123,0.603273102715,interface_0p1db,0.1,0.25,0.977237220956,0.944060876286,1.66541120374,1.36541120374,1.96541120374,1.0,0.799502016198,0.799502016198,0.486773682848,16,1,8,0,0.271
"Fig. 3(c,d)",4,4-QAM,raw_label_srm,0.1,0.25,0.5,0.255,0.801106126665,1.6520998255,0.597697556194,interface_0p1db,0.1,0.25,0.977237220956,0.944060876286,1.66541120374,1.36541120374,1.96541120374,1.0,0.801030790239,0.801030790239,0.476004624837,16,1,8,0,0.076
"Fig. 3(c,d)",4,4-QAM,raw_label_srm,0.1,0.25,0.5,0.26,0.816814089933,1.64754445195,0.592107675415,interface_0p1db,0.1,0.25,0.977237220956,0.944060876286,1.66541120374,1.36541120374,1.96541120374,1.0,0.80261680033,0.80261680033,0.464927207445,16,1,8,0,0.316
"Fig. 3(c,d)",4,4-QAM,raw_label_srm,0.1,0.25,0.5,0.265,0.832522053201,1.64277793616,0.586511872975,interface_0p1db,0.1,0.25,0.977237220956,0.944060876286,1.66541120374,1.36541120374,1.96541120374,1.0,0.804253371426,0.804253371426,0.4535580894,16,1,8,0,0.044
"Fig. 3(c,d)",4,4-QAM,raw_label_srm,0.1,0.25,0.5,0.27,0.848230016469,1.63783336469,0.580918095752,interface_0p1db,0.1,0.25,0.977237220956,0.944060876286,1.66541120374,1.36541120374,1.96541120374,1.0,0.805933451352,0.805933451352,0.441917235711,16,1,8,0,0.351
"Fig. 3(c,d)",4,4-QAM,raw_label_srm,0.1,0.25,0.5,0.275,0.863937979737,1.6327446562,0.575333730912,interface_0p1db,0.1,0.25,0.977237220956,0.944060876286,1.66541120374,1.36541120374,1.96541120374,1.0,0.807649866749,0.807649866749,0.430027381535,16,1,8,0,0.146
"Fig. 3(c,d)",4,4-QAM,raw_label_srm,0.1,0.25,0.5,0.28,0.879645943005,1.62754538661,0.56976554244,interface_0p1db,0.1,0.25,0.977237220956,0.944060876286,1.66541120374,1.36541120374,1.96541120374,1.0,0.80939555473,0.80939555473,0.417913402346,16,1,8,0,0.286
"Fig. 3(c,d)",4,4-QAM,raw_label_srm,0.1,0.25,0.5,0.285,0.895353906273,1.62226781019,0.564219638494,interface_0p1db,0.1,0.25,0.977237220956,0.944060876286,1.66541120374,1.36541120374,1.96541120374,1.0,0.811163752797,0.811163752797,0.405601652789,16,1,8,0,0.245
"Fig. 3(c,d)",4,4-QAM,raw_label_srm,0.1,0.25,0.5,0.29,0.911061869541,1.61698645007,0.558701467077,interface_0p1db,0.1,0.25,0.977237220956,0.944060876286,1.66541120374,1.36541120374,1.96541120374,1.0,0.812939107557,0.812939107557,0.393132395466,16,1,8,0,0.142
"Fig. 3(c,d)",4,4-QAM,raw_label_srm,0.1,0.25,0.5,0.295,0.926769832809,1.61164296065,0.55321583451,interface_0p1db,0.1,0.25,0.977237220956,0.944060876286,1.66541120374,1.36541120374,1.96541120374,1.0,0.814733385122,0.814733385122,0.380507819226,16,1,8,0,0.212
"Fig. 3(c,d)",4,4-QAM,raw_label_srm,0.1,0.25,0.5,0.3,0.942477796077,1.6063035147,0.547766941679,interface_0p1db,0.1,0.25,0.977237220956,0.944060876286,1.66541120374,1.36541120374,1.96541120374,1.0,0.816532918539,0.816532918539,0.367767232733,16,1,8,0,0.138
"Fig. 3(c,d)",8,8-QAM,raw_label_srm,0.1,0.25,0.5,-0.3,-0.942477796077,1.51839291748,0.740265507959,interface_0p1db,0.1,0.25,0.977237220956,0.944060876286,1.58663656397,1.28663656397,1.88663656397,1.0,0.604999571874,0.604999571874,0.637097438333,64,1,7,0,2.982
"Fig. 3(c,d)",8,8-QAM,raw_label_srm,0.1,0.25,0.5,-0.295,-0.926769832809,1.51940537312,0.740490634526,interface_0p1db,0.1,0.25,0.977237220956,0.944060876286,1.58663656397,1.28663656397,1.88663656397,1.0,0.603543792196,0.603543792196,0.638648566674,64,1,7,0,3.093
"Fig. 3(c,d)",8,8-QAM,raw_label_srm,0.1,0.25,0.5,-0.29,-0.911061869541,1.52052690271,0.740735940473,interface_0p1db,0.1,0.25,0.977237220956,0.944060876286,1.58663656397,1.28663656397,1.88663656397,1.0,0.602067354971,0.602067354971,0.640100222203,64,1,7,0,2.85
"Fig. 3(c,d)",8,8-QAM,raw_label_srm,0.1,0.25,0.5,-0.285,-0.895353906273,1.52175561721,0.741001993809,interface_0p1db,0.1,0.25,0.977237220956,0.944060876286,1.58663656397,1.28663656397,1.88663656397,1.0,0.600570986407,0.600570986407,0.641452557299,64,1,7,0,3.104
"Fig. 3(c,d)",8,8-QAM,raw_label_srm,0.1,0.25,0.5,-0.28,-0.879645943005,1.52313902113,0.741289312963,interface_0p1db,0.1,0.25,0.977237220956,0.944060876286,1.58663656397,1.28663656397,1.88663656397,1.0,0.599037375941,0.59903737594,0.642701397811,64,1,7,0,2.926
"Fig. 3(c,d)",8,8-QAM,raw_label_srm,0.1,0.25,0.5,-0.275,-0.863937979737,1.52458934715,0.741598345102,interface_0p1db,0.1,0.25,0.977237220956,0.944060876286,1.58663656397,1.28663656397,1.88663656397,1.0,0.597498611622,0.597498611622,0.643856816028,64,1,7,0,2.949
"Fig. 3(c,d)",8,8-QAM,raw_label_srm,0.1,0.25,0.5,-0.27,-0.848230016469,1.5261442279,0.741929450439,interface_0p1db,0.1,0.25,0.977237220956,0.944060876286,1.58663656397,1.28663656397,1.88663656397,1.0,0.595940988919,0.595940988919,0.644916962673,64,1,7,0,2.964
"Fig. 3(c,d)",8,8-QAM,raw_label_srm,0.1,0.25,0.5,-0.265,-0.832522053201,1.52779463544,0.742282881815,interface_0p1db,0.1,0.25,0.977237220956,0.944060876286,1.58663656397,1.28663656397,1.88663656397,1.0,0.594367841347,0.594367841346,0.645885218066,64,1,8,0,3.23
"Fig. 3(c,d)",8,8-QAM,raw_label_srm,0.1,0.25,0.5,-0.26,-0.816814089933,1.52953482046,0.742658765179,interface_0p1db,0.1,0.25,0.977237220956,0.944060876286,1.58663656397,1.28663656397,1.88663656397,1.0,0.592781303292,0.592781303292,0.646765136536,64,1,8,0,3.055
"Fig. 3(c,d)",8,8-QAM,raw_label_srm,0.1,0.25,0.5,-0.255,-0.801106126665,1.53135805862,0.743057081082,interface_0p1db,0.1,0.25,0.977237220956,0.944060876286,1.58663656397,1.28663656397,1.88663656397,1.0,0.59118386204,0.59118386204,0.647560823832,64,1,8,0,3.163
"Fig. 3(c,d)",8,8-QAM,raw_label_srm,0.1,0.25,0.5,-0.25,-0.785398163397,1.53325672021,0.743477648728,interface_0p1db,0.1,0.25,0.977237220956,0.944060876286,1.58663656397,1.28663656397,1.88663656397,1.0,0.589578330882,0.589578330882,0.648276867796,64,1,8,0,3.058
"Fig. 3(c,d)",8,8-QAM,raw_label_srm,0.1,0.25,0.5,-0.245,-0.769690200129,1.53522223693,0.743920112737,interface_0p1db,0.1,0.25,0.977237220956,0.944060876286,1.58663656397,1.28663656397,1.88663656397,1.0,0.587967859549,0.587967859549,0.648644323971,64,1,8,0,3.026
"Fig. 3(c,d)",8,8-QAM,raw_label_srm,0.1,0.25,0.5,-0.24,-0.753982236862,1.53724516687,0.744383931406,interface_0p1db,0.1,0.25,0.977237220956,0.944060876286,1.58663656397,1.28663656397,1.88663656397,1.0,0.586355908706,0.586355908706,0.648521718906,64,1,8,0,2.876
"Fig. 3(c,d)",8,8-QAM,raw_label_srm,0.1,0.25,0.5,-0.235,-0.738274273594,1.53931531785,0.744868369796,interface_0p1db,0.1,0.25,0.977237220956,0.944060876286,1.58663656397,1.28663656397,1.88663656397,1.0,0.584746203107,0.584746203107,0.648414000397,64,1,8,0,2.986
"Fig. 3(c,d)",8,8-QAM,raw_label_srm,0.1,0.25,0.5,-0.23,-0.722566310326,1.54137929249,0.745372497117,interface_0p1db,0.1,0.25,0.977237220956,0.944060876286,1.58663656397,1.28663656397,1.88663656397,1.0,0.583158178765,0.583158178765,0.64833172601,64,1,8,0,3.078
"Fig. 3(c,d)",8,8-QAM,raw_label_srm,0.1,0.25,0.5,-0.225,-0.706858347058,1.54351219575,0.745895189124,interface_0p1db,0.1,0.25,0.977237220956,0.944060876286,1.58663656397,1.28663656397,1.88663656397,1.0,0.581564488665,0.581564488665,0.648260065459,64,1,8,0,3.214
"Fig. 3(c,d)",8,8-QAM,raw_label_srm,0.1,0.25,0.5,-0.22,-0.69115038379,1.54565878016,0.746435134855,interface_0p1db,0.1,0.25,0.977237220956,0.944060876286,1.58663656397,1.28663656397,1.88663656397,1.0,0.579985225421,0.579985225421,0.648209598369,64,1,8,0,2.905
"Fig. 3(c,d)",8,8-QAM,raw_label_srm,0.1,0.25,0.5,-0.215,-0.675442420522,1.54780751554,0.746990848847,interface_0p1db,0.1,0.25,0.977237220956,0.944060876286,1.58663656397,1.28663656397,1.88663656397,1.0,0.578424549029,0.578424549029,0.648181968766,64,1,8,0,2.983
"Fig. 3(c,d)",8,8-QAM,raw_label_srm,0.1,0.25,0.5,-0.21,-0.659734457254,1.54994706334,0.747560686986,interface_0p1db,0.1,0.25,0.977237220956,0.944060876286,1.58663656397,1.28663656397,1.88663656397,1.0,0.576886534587,0.576886534587,0.648178495406,64,1,8,0,3.011
"Fig. 3(c,d)",8,8-QAM,raw_label_srm,0.1,0.25,0.5,-0.205,-0.644026493986,1.55206649642,0.748142866187,interface_0p1db,0.1,0.25,0.977237220956,0.944060876286,1.58663656397,1.28663656397,1.88663656397,1.0,0.575375092471,0.575375092471,0.648200130321,64,1,8,0,2.977
"Fig. 3(c,d)",8,8-QAM,raw_label_srm,0.1,0.25,0.5,-0.2,-0.628318530718,1.55415547982,0.748735487019,interface_0p1db,0.1,0.25,0.977237220956,0.944060876286,1.58663656397,1.28663656397,1.88663656397,1.0,0.573893903214,0.573893903214,0.648247435265,64,1,8,0,2.971
"Fig. 3(c,d)",8,8-QAM,raw_label_srm,0.1,0.25,0.5,-0.195,-0.61261056745,1.55620444972,0.749336558219,interface_0p1db,0.1,0.25,0.977237220956,0.944060876286,1.58663656397,1.28663656397,1.88663656397,1.0,0.572446353562,0.572446353562,0.64832056867,64,1,8,0,3.098
"Fig. 3(c,d)",8,8-QAM,raw_label_srm,0.1,0.25,0.5,-0.19,-0.596902604182,1.55820474099,0.749944022283,interface_0p1db,0.1,0.25,0.977237220956,0.944060876286,1.58663656397,1.28663656397,1.88663656397,1.0,0.571035491642,0.571035491642,0.648419290555,64,1,8,0,2.986
"Fig. 3(c,d)",8,8-QAM,raw_label_srm,0.1,0.25,0.5,-0.185,-0.581194640914,1.56014869316,0.750555781019,interface_0p1db,0.1,0.25,0.977237220956,0.944060876286,1.58663656397,1.28663656397,1.88663656397,1.0,0.569663990276,0.569663990276,0.648424758783,64,1,8,0,3.001
"Fig. 3(c,d)",8,8-QAM,raw_label_srm,0.1,0.25,0.5,-0.18,-0.565486677646,1.56202971473,0.751169720523,interface_0p1db,0.1,0.25,0.977237220956,0.944060876286,1.58663656397,1.28663656397,1.88663656397,1.0,0.568334125684,0.568334125684,0.648450903472,64,1,8,0,2.94
"Fig. 3(c,d)",8,8-QAM,raw_label_srm,0.1,0.25,0.5,-0.175,-0.549778714378,1.56384230668,0.751783734561,interface_0p1db,0.1,0.25,0.977237220956,0.944060876286,1.58663656397,1.28663656397,1.88663656397,1.0,0.567047771027,0.567047771027,0.648503404881,64,1,8,0,2.961
"Fig. 3(c,d)",8,8-QAM,raw_label_srm,0.1,0.25,0.5,-0.17,-0.53407075111,1.56558206031,0.75239574592,interface_0p1db,0.1,0.25,0.977237220956,0.944060876286,1.58663656397,1.28663656397,1.88663656397,1.0,0.565806399329,0.565806399329,0.648580697803,64,1,8,0,2.919
"Fig. 3(c,d)",8,8-QAM,raw_label_srm,0.1,0.25,0.5,-0.165,-0.518362787842,1.56729564629,0.753003725343,interface_0p1db,0.1,0.25,0.977237220956,0.944060876286,1.58663656397,1.28663656397,1.88663656397,1.0,0.564593068285,0.564593068285,0.648672567796,64,1,8,0,2.933
"Fig. 3(c,d)",8,8-QAM,raw_label_srm,0.1,0.25,0.5,-0.16,-0.502654824574,1.56888066265,0.753605707612,interface_0p1db,0.1,0.25,0.977237220956,0.944060876286,1.58663656397,1.28663656397,1.88663656397,1.0,0.563444574804,0.563444574804,0.648794083689,64,1,8,0,3.018
"Fig. 3(c,d)",8,8-QAM,raw_label_srm,0.1,0.25,0.5,-0.155,-0.486946861306,1.57038569876,0.754199804771,interface_0p1db,0.1,0.25,0.977237220956,0.944060876286,1.58663656397,1.28663656397,1.88663656397,1.0,0.56234326735,0.56234326735,0.648934497986,64,1,8,0,3.037
"Fig. 3(c,d)",8,8-QAM,raw_label_srm,0.1,0.25,0.5,-0.15,-0.471238898038,1.57181015423,0.754784216723,interface_0p1db,0.1,0.25,0.977237220956,0.944060876286,1.58663656397,1.28663656397,1.88663656397,1.0,0.561289237096,0.561289237096,0.649091601004,64,1,8,0,3.027
"Fig. 3(c,d)",8,8-QAM,raw_label_srm,0.1,0.25,0.5,-0.145,-0.455530934771,1.57315416656,0.755357238931,interface_0p1db,0.1,0.25,0.977237220956,0.944060876286,1.58663656397,1.28663656397,1.88663656397,1.0,0.56028231085,0.56028231085,0.649263128923,64,1,8,0,2.959
"Fig. 3(c,d)",8,8-QAM,raw_label_srm,0.1,0.25,0.5,-0.14,-0.439822971503,1.57441851273,0.755917267675,interface_0p1db,0.1,0.25,0.977237220956,0.944060876286,1.58663656397,1.28663656397,1.88663656397,1.0,0.55932208766,0.55932208766,0.649446799345,64,1,8,0,3.13
"Fig. 3(c,d)",8,8-QAM,raw_label_srm,0.1,0.25,0.5,-0.135,-0.424115008235,1.57560451205,0.756462803063,interface_0p1db,0.1,0.25,0.977237220956,0.944060876286,1.58663656397,1.28663656397,1.88663656397,1.0,0.558407974659,0.558407974659,0.649640341978,64,1,8,0,3.037
"Fig. 3(c,d)",8,8-QAM,raw_label_srm,0.1,0.25,0.5,-0.13,-0.408407044967,1.57671392929,0.756992450082,interface_0p1db,0.1,0.25,0.977237220956,0.944060876286,1.58663656397,1.28663656397,1.88663656397,1.0,0.557539222635,0.557539222635,0.649841524927,64,1,8,0,3.057
"Fig. 3(c,d)",8,8-QAM,raw_label_srm,0.1,0.25,0.5,-0.125,-0.392699081699,1.57774889178,0.757504917976,interface_0p1db,0.1,0.25,0.977237220956,0.944060876286,1.58663656397,1.28663656397,1.88663656397,1.0,0.5567149564,0.5567149564,0.65004817503,64,1,8,0,3.105
"Fig. 3(c,d)",8,8-QAM,raw_label_srm,0.1,0.25,0.5,-0.12,-0.376991118431,1.57871180227,0.757999018252,interface_0p1db,0.1,0.25,0.977237220956,0.944060876286,1.58663656397,1.28663656397,1.88663656397,1.0,0.555934206461,0.555934206461,0.650258195366,64,1,8,0,2.979
"Fig. 3(c,d)",8,8-QAM,raw_label_srm,0.1,0.25,0.5,-0.115,-0.361283155163,1.57960526907,0.758473661564,interface_0p1db,0.1,0.25,0.977237220956,0.944060876286,1.58663656397,1.28663656397,1.88663656397,1.0,0.555195934419,0.555195934419,0.650469577409,64,1,8,0,3.17
"Fig. 3(c,d)",8,8-QAM,raw_label_srm,0.1,0.25,0.5,-0.11,-0.345575191895,1.58043203916,0.758927853758,interface_0p1db,0.1,0.25,0.977237220956,0.944060876286,1.58663656397,1.28663656397,1.88663656397,1.0,0.554499057123,0.554499057123,0.650680410348,64,1,8,0,3.11
"Fig. 3(c,d)",8,8-QAM,raw_label_srm,0.1,0.25,0.5,-0.105,-0.329867228627,1.58119493972,0.759360691267,interface_0p1db,0.1,0.25,0.977237220956,0.944060876286,1.58663656397,1.28663656397,1.88663656397,1.0,0.553842467757,0.553842467757,0.650888887333,64,1,8,0,3.206
"Fig. 3(c,d)",8,8-QAM,raw_label_srm,0.1,0.25,0.5,-0.1,-0.314159265359,1.58189682883,0.759771356083,interface_0p1db,0.1,0.25,0.977237220956,0.944060876286,1.58663656397,1.28663656397,1.88663656397,1.0,0.553225053534,0.553225053534,0.651093308967,64,1,8,0,3.019
"Fig. 3(c,d)",8,8-QAM,raw_label_srm,0.1,0.25,0.5,-0.095,-0.298451302091,1.58254055229,0.760159110457,interface_0p1db,0.1,0.25,0.977237220956,0.944060876286,1.58663656397,1.28663656397,1.88663656397,1.0,0.552645711167,0.552645711167,0.651292084869,64,1,8,0,3.03
"Fig. 3(c,d)",8,8-QAM,raw_label_srm,0.1,0.25,0.5,-0.09,-0.282743338823,1.58312884741,0.760523291476,interface_0p1db,0.1,0.25,0.977237220956,0.944060876286,1.58663656397,1.28663656397,1.88663656397,1.0,0.552103381224,0.552103381224,0.651483740776,64,1,9,0,3.335
"Fig. 3(c,d)",8,8-QAM,raw_label_srm,0.1,0.25,0.5,-0.085,-0.267035375555,1.58366447745,0.760863305634,interface_0p1db,0.1,0.25,0.977237220956,0.944060876286,1.58663656397,1.28663656397,1.88663656397,1.0,0.551597000013,0.551597000013,0.65166689695,64,1,9,0,3.401
"Fig. 3(c,d)",8,8-QAM,raw_label_srm,0.1,0.25,0.5,-0.08,-0.251327412287,1.584150087,0.761178623491,interface_0p1db,0.1,0.25,0.977237220956,0.944060876286,1.58663656397,1.28663656397,1.88663656397,1.0,0.551125551237,0.551125551237,0.651840280842,64,1,9,0,3.373
"Fig. 3(c,d)",8,8-QAM,raw_label_srm,0.1,0.25,0.5,-0.075,-0.235619449019,1.58458816208,0.761468774506,interface_0p1db,0.1,0.25,0.977237220956,0.944060876286,1.58663656397,1.28663656397,1.88663656397,1.0,0.550688080136,0.550688080136,0.652002726057,64,1,9,0,3.337
"Fig. 3(c,d)",8,8-QAM,raw_label_srm,0.1,0.25,0.5,-0.07,-0.219911485751,1.58498104669,0.761733342084,interface_0p1db,0.1,0.25,0.977237220956,0.944060876286,1.58663656397,1.28663656397,1.88663656397,1.0,0.550283687504,0.550283687504,0.652153164783,64,1,9,0,3.203
"Fig. 3(c,d)",8,8-QAM,raw_label_srm,0.1,0.25,0.5,-0.065,-0.204203522483,1.58533093027,0.76197195891,interface_0p1db,0.1,0.25,0.977237220956,0.944060876286,1.58663656397,1.28663656397,1.88663656397,1.0,0.54991153406,0.54991153406,0.652290623944,64,1,9,0,3.365
"Fig. 3(c,d)",8,8-QAM,raw_label_srm,0.1,0.25,0.5,-0.06,-0.188495559215,1.5856398351,0.762184302588,interface_0p1db,0.1,0.25,0.977237220956,0.944060876286,1.58663656397,1.28663656397,1.88663656397,1.0,0.549570844864,0.549570844864,0.652414221576,64,1,9,0,3.409
"Fig. 3(c,d)",8,8-QAM,raw_label_srm,0.1,0.25,0.5,-0.055,-0.172787595947,1.58590960975,0.762370091613,interface_0p1db,0.1,0.25,0.977237220956,0.944060876286,1.58663656397,1.28663656397,1.88663656397,1.0,0.549260911582,0.549260911582,0.652523162836,64,1,9,0,3.231
"Fig. 3(c,d)",8,8-QAM,raw_label_srm,0.1,0.25,0.5,-0.05,-0.157079632679,1.58614192199,0.762529081692,interface_0p1db,0.1,0.25,0.977237220956,0.944060876286,1.58663656397,1.28663656397,1.88663656397,1.0,0.548981094948,0.548981094948,0.6526167364,64,1,9,0,3.332
"Fig. 3(c,d)",8,8-QAM,raw_label_srm,0.1,0.25,0.5,-0.045,-0.141371669412,1.58632560864,0.762661062437,interface_0p1db,0.1,0.25,0.977237220956,0.944060876286,1.58663656397,1.28663656397,1.88663656397,1.0,0.548735339266,0.548735339266,0.652695665622,64,1,9,0,3.261
"Fig. 3(c,d)",8,8-QAM,raw_label_srm,0.1,0.25,0.5,-0.04,-0.125663706144,1.58648752199,0.762765854383,interface_0p1db,0.1,0.25,0.977237220956,0.944060876286,1.58663656397,1.28663656397,1.88663656397,1.0,0.548514026087,0.548514026087,0.652756647002,64,1,9,0,3.435
"Fig. 3(c,d)",8,8-QAM,raw_label_srm,0.1,0.25,0.5,-0.035,-0.109955742876,1.58661581728,0.762843306422,interface_0p1db,0.1,0.25,0.977237220956,0.944060876286,1.58663656397,1.28663656397,1.88663656397,1.0,0.548321352234,0.548321352234,0.652800600058,64,1,9,0,3.242
"Fig. 3(c,d)",8,8-QAM,raw_label_srm,0.1,0.25,0.5,-0.03,-0.0942477796077,1.58671140559,0.762893293509,interface_0p1db,0.1,0.25,0.977237220956,0.944060876286,1.58663656397,1.28663656397,1.88663656397,1.0,0.548156966179,0.548156966179,0.65282711553,64,1,9,0,3.286
"Fig. 3(c,d)",8,8-QAM,raw_label_srm,0.1,0.25,0.5,-0.025,-0.0785398163397,1.58677500751,0.762915714712,interface_0p1db,0.1,0.25,0.977237220956,0.944060876286,1.58663656397,1.28663656397,1.88663656397,1.0,0.548020588764,0.548020588764,0.652835853258,64,1,9,0,3.176
"Fig. 3(c,d)",8,8-QAM,raw_label_srm,0.1,0.25,0.5,-0.02,-0.0628318530718,1.58680714434,0.762910491516,interface_0p1db,0.1,0.25,0.977237220956,0.944060876286,1.58663656397,1.28663656397,1.88663656397,1.0,0.547912016328,0.547912016328,0.652826541362,64,1,9,0,3.334
"Fig. 3(c,d)",8,8-QAM,raw_label_srm,0.1,0.25,0.5,-0.015,-0.0471238898038,1.58680813961,0.762877566326,interface_0p1db,0.1,0.25,0.977237220956,0.944060876286,1.58663656397,1.28663656397,1.88663656397,1.0,0.547831120185,0.547831120185,0.652798974816,64,1,9,0,3.256
"Fig. 3(c,d)",8,8-QAM,raw_label_srm,0.1,0.25,0.5,-0.01,-0.0314159265359,1.58677811437,0.762816901114,interface_0p1db,0.1,0.25,0.977237220956,0.944060876286,1.58663656397,1.28663656397,1.88663656397,1.0,0.547777848342,0.547777848342,0.652753015165,64,1,9,0,3.413
"Fig. 3(c,d)",8,8-QAM,raw_label_srm,0.1,0.25,0.5,-0.005,-0.0157079632679,1.58671695851,0.762728476318,interface_0p1db,0.1,0.25,0.977237220956,0.944060876286,1.58663656397,1.28663656397,1.88663656397,1.0,0.547752235789,0.547752235789,0.652688593192,64,1,9,0,3.25
"Fig. 3(c,d)",8,8-QAM,raw_label_srm,0.1,0.25,0.5,0.0,0.0,1.58662432731,0.762612289549,interface_0p1db,0.1,0.25,0.977237220956,0.944060876286,1.58663656397,1.28663656397,1.88663656397,1.0,0.547754405794,0.547754405794,0.652605709493,64,1,9,0,3.42
"Fig. 3(c,d)",8,8-QAM,raw_label_srm,0.1,0.25,0.5,0.005,0.0157079632679,1.58649972808,0.762468366185,interface_0p1db,0.1,0.25,0.977237220956,0.944060876286,1.58663656397,1.28663656397,1.88663656397,1.0,0.547784539061,0.547784539061,0.652504426307,64,1,9,0,3.259
"Fig. 3(c,d)",8,8-QAM,raw_label_srm,0.1,0.25,0.5,0.01,0.0314159265359,1.58634278306,0.762296841669,interface_0p1db,0.1,0.25,0.977237220956,0.944060876286,1.58663656397,1.28663656397,1.88663656397,1.0,0.547842779935,0.547842779935,0.652384841496,64,1,9,0,3.318
"Fig. 3(c,d)",8,8-QAM,raw_label_srm,0.1,0.25,0.5,0.015,0.0471238898038,1.58616411252,0.762097882049,interface_0p1db,0.1,0.25,0.977237220956,0.944060876286,1.58663656397,1.28663656397,1.88663656397,1.0,0.547925348986,0.547925348986,0.652245957003,64,1,9,0,3.322
"Fig. 3(c,d)",8,8-QAM,raw_label_srm,0.1,0.25,0.5,0.02,0.0628318530718,1.58594071986,0.761871674911,interface_0p1db,0.1,0.25,0.977237220956,0.944060876286,1.58663656397,1.28663656397,1.88663656397,1.0,0.548040478391,0.548040478391,0.652090318142,64,1,9,0,3.313
"Fig. 3(c,d)",8,8-QAM,raw_label_srm,0.1,0.25,0.5,0.025,0.0785398163397,1.58568277746,0.761618432043,interface_0p1db,0.1,0.25,0.977237220956,0.944060876286,1.58663656397,1.28663656397,1.88663656397,1.0,0.548184559209,0.548184559209,0.651917081376,64,1,9,0,3.48
"Fig. 3(c,d)",8,8-QAM,raw_label_srm,0.1,0.25,0.5,0.03,0.0942477796077,1.58538911404,0.761338391949,interface_0p1db,0.1,0.25,0.977237220956,0.944060876286,1.58663656397,1.28663656397,1.88663656397,1.0,0.548358038555,0.548358038555,0.651726635207,64,1,9,0,3.415
"Fig. 3(c,d)",8,8-QAM,raw_label_srm,0.1,0.25,0.5,0.035,0.109955742876,1.58505837171,0.761031822592,interface_0p1db,0.1,0.25,0.977237220956,0.944060876286,1.58663656397,1.28663656397,1.88663656397,1.0,0.548561435367,0.548561435367,0.65151944695,64,1,9,0,3.378
"Fig. 3(c,d)",8,8-QAM,raw_label_srm,0.1,0.25,0.5,0.04,0.125663706144,1.58468899844,0.760699024281,interface_0p1db,0.1,0.25,0.977237220956,0.944060876286,1.58663656397,1.28663656397,1.88663656397,1.0,0.548795343232,0.548795343231,0.651296067529,64,1,9,0,3.392
"Fig. 3(c,d)",8,8-QAM,raw_label_srm,0.1,0.25,0.5,0.045,0.141371669412,1.58427925729,0.760340332767,interface_0p1db,0.1,0.25,0.977237220956,0.944060876286,1.58663656397,1.28663656397,1.88663656397,1.0,0.549060427279,0.549060427279,0.651057135042,64,1,9,0,3.196
"Fig. 3(c,d)",8,8-QAM,raw_label_srm,0.1,0.25,0.5,0.05,0.157079632679,1.58382722785,0.759956122594,interface_0p1db,0.1,0.25,0.977237220956,0.944060876286,1.58663656397,1.28663656397,1.88663656397,1.0,0.549357423835,0.549357423835,0.650803379666,64,1,9,0,3.311
"Fig. 3(c,d)",8,8-QAM,raw_label_srm,0.1,0.25,0.5,0.055,0.172787595947,1.58333080675,0.759546810764,interface_0p1db,0.1,0.25,0.977237220956,0.944060876286,1.58663656397,1.28663656397,1.88663656397,1.0,0.54968714043,0.54968714043,0.650535629192,64,1,9,0,3.322
"Fig. 3(c,d)",8,8-QAM,raw_label_srm,0.1,0.25,0.5,0.06,0.188495559215,1.58278771442,0.759112860726,interface_0p1db,0.1,0.25,0.977237220956,0.944060876286,1.58663656397,1.28663656397,1.88663656397,1.0,0.550050453597,0.550050453597,0.650254814404,64,1,9,0,3.422
"Fig. 3(c,d)",8,8-QAM,raw_label_srm,0.1,0.25,0.5,0.065,0.204203522483,1.58219550202,0.758654786715,interface_0p1db,0.1,0.25,0.977237220956,0.944060876286,1.58663656397,1.28663656397,1.88663656397,1.0,0.550448306596,0.550448306596,0.649961974893,64,1,9,0,3.388
"Fig. 3(c,d)",8,8-QAM,raw_label_srm,0.1,0.25,0.5,0.07,0.219911485751,1.58155155861,0.758173158439,interface_0p1db,0.1,0.25,0.977237220956,0.944060876286,1.58663656397,1.28663656397,1.88663656397,1.0,0.550881707056,0.550881707056,0.6496582653,64,1,9,0,3.326
"Fig. 3(c,d)",8,8-QAM,raw_label_srm,0.1,0.25,0.5,0.075,0.235619449019,1.58085306505,0.757668606092,interface_0p1db,0.1,0.25,0.977237220956,0.944060876286,1.58663656397,1.28663656397,1.88663656397,1.0,0.551351743759,0.551351743759,0.649344968317,64,1,8,0,3.009
"Fig. 3(c,d)",8,8-QAM,raw_label_srm,0.1,0.25,0.5,0.08,0.251327412287,1.58009715406,0.757141825691,interface_0p1db,0.1,0.25,0.977237220956,0.944060876286,1.58663656397,1.28663656397,1.88663656397,1.0,0.551859529442,0.551859529442,0.649023483702,64,1,8,0,3.008
"Fig. 3(c,d)",8,8-QAM,raw_label_srm,0.1,0.25,0.5,0.085,0.267035375555,1.57928082596,0.756593584681,interface_0p1db,0.1,0.25,0.977237220956,0.944060876286,1.58663656397,1.28663656397,1.88663656397,1.0,0.552406231182,0.552406231182,0.648695345821,64,1,8,0,2.998
"Fig. 3(c,d)",8,8-QAM,raw_label_srm,0.1,0.25,0.5,0.09,0.282743338823,1.57840097075,0.756024727784,interface_0p1db,0.1,0.25,0.977237220956,0.944060876286,1.58663656397,1.28663656397,1.88663656397,1.0,0.552993062693,0.552993062693,0.648362229147,64,1,8,0,3.141
"Fig. 3(c,d)",8,8-QAM,raw_label_srm,0.1,0.25,0.5,0.095,0.298451302091,1.57745441353,0.755436182998,interface_0p1db,0.1,0.25,0.977237220956,0.944060876286,1.58663656397,1.28663656397,1.88663656397,1.0,0.553621268158,0.553621268158,0.648025950631,64,1,8,0,3.14
"Fig. 3(c,d)",8,8-QAM,raw_label_srm,0.1,0.25,0.5,0.1,0.314159265359,1.57643794616,0.754828967692,interface_0p1db,0.1,0.25,0.977237220956,0.944060876286,1.58663656397,1.28663656397,1.88663656397,1.0,0.554292110968,0.554292110968,0.647688473224,64,1,8,0,3.24
"Fig. 3(c,d)",8,8-QAM,raw_label_srm,0.1,0.25,0.5,0.105,0.329867228627,1.5753483688,0.754204194678,interface_0p1db,0.1,0.25,0.977237220956,0.944060876286,1.58663656397,1.28663656397,1.88663656397,1.0,0.555006858831,0.555006858831,0.647351907386,64,1,8,0,3.162
"Fig. 3(c,d)",8,8-QAM,raw_label_srm,0.1,0.25,0.5,0.11,0.345575191895,1.57418253737,0.753563078123,interface_0p1db,0.1,0.25,0.977237220956,0.944060876286,1.58663656397,1.28663656397,1.88663656397,1.0,0.55576676668,0.55576676668,0.647018510676,64,1,8,0,3.163
"Fig. 3(c,d)",8,8-QAM,raw_label_srm,0.1,0.25,0.5,0.115,0.361283155163,1.5729374195,0.752906939161,interface_0p1db,0.1,0.25,0.977237220956,0.944060876286,1.58663656397,1.28663656397,1.88663656397,1.0,0.556573056391,0.556573056391,0.646690684599,64,1,8,0,3.231
"Fig. 3(c,d)",8,8-QAM,raw_label_srm,0.1,0.25,0.5,0.12,0.376991118431,1.57161015906,0.752237211002,interface_0p1db,0.1,0.25,0.977237220956,0.944060876286,1.58663656397,1.28663656397,1.88663656397,1.0,0.557426893285,0.557426893285,0.646370968147,64,1,8,0,3.261
"Fig. 3(c,d)",8,8-QAM,raw_label_srm,0.1,0.25,0.5,0.125,0.392699081699,1.57019814961,0.751555443334,interface_0p1db,0.1,0.25,0.977237220956,0.944060876286,1.58663656397,1.28663656397,1.88663656397,1.0,0.558329359241,0.558329359241,0.646062027352,64,1,8,0,3.166
"Fig. 3(c,d)",8,8-QAM,raw_label_srm,0.1,0.25,0.5,0.13,0.408407044967,1.56869911705,0.75086330574,interface_0p1db,0.1,0.25,0.977237220956,0.944060876286,1.58663656397,1.28663656397,1.88663656397,1.0,0.55928142228,0.55928142228,0.645766640099,64,1,8,0,3.243
"Fig. 3(c,d)",8,8-QAM,raw_label_srm,0.1,0.25,0.5,0.135,0.424115008235,1.56711121244,0.75016258987,interface_0p1db,0.1,0.25,0.977237220956,0.944060876286,1.58663656397,1.28663656397,1.88663656397,1.0,0.560283902254,0.560283902253,0.645487675309,64,1,8,0,3.304
"Fig. 3(c,d)",8,8-QAM,raw_label_srm,0.1,0.25,0.5,0.14,0.439822971503,1.56543310765,0.749455210045,interface_0p1db,0.1,0.25,0.977237220956,0.944060876286,1.58663656397,1.28663656397,1.88663656397,1.0,0.561337435215,0.561337435215,0.645228066847,64,1,8,0,3.149
"Fig. 3(c,d)",8,8-QAM,raw_label_srm,0.1,0.25,0.5,0.145,0.455530934771,1.56366410868,0.748743201947,interface_0p1db,0.1,0.25,0.977237220956,0.944060876286,1.58663656397,1.28663656397,1.88663656397,1.0,0.562442431109,0.562442431109,0.644990779111,64,1,8,0,3.174
"Fig. 3(c,d)",8,8-QAM,raw_label_srm,0.1,0.25,0.5,0.15,0.471238898038,1.56180425945,0.748028719092,interface_0p1db,0.1,0.25,0.977237220956,0.944060876286,1.58663656397,1.28663656397,1.88663656397,1.0,0.563599034561,0.563599034561,0.644778767937,64,1,8,0,3.119
"Fig. 3(c,d)",8,8-QAM,raw_label_srm,0.1,0.25,0.5,0.155,0.486946861306,1.55985445679,0.74731402671,interface_0p1db,0.1,0.25,0.977237220956,0.944060876286,1.58663656397,1.28663656397,1.88663656397,1.0,0.564807081275,0.564807081275,0.644594933103,64,1,8,0,3.148
"Fig. 3(c,d)",8,8-QAM,raw_label_srm,0.1,0.25,0.5,0.16,0.502654824574,1.55781655765,0.746601492766,interface_0p1db,0.1,0.25,0.977237220956,0.944060876286,1.58663656397,1.28663656397,1.88663656397,1.0,0.566066056883,0.566066056883,0.644442065302,64,1,8,0,3.091
"Fig. 3(c,d)",8,8-QAM,raw_label_srm,0.1,0.25,0.5,0.165,0.518362787842,1.55569348037,0.745893575842,interface_0p1db,0.1,0.25,0.977237220956,0.944060876286,1.58663656397,1.28663656397,1.88663656397,1.0,0.567375057633,0.567375057633,0.644317775296,64,1,8,0,3.12
"Fig. 3(c,d)",8,8-QAM,raw_label_srm,0.1,0.25,0.5,0.17,0.53407075111,1.55348929009,0.745192809754,interface_0p1db,0.1,0.25,0.977237220956,0.944060876286,1.58663656397,1.28663656397,1.88663656397,1.0,0.568732756517,0.568732756517,0.644101354385,64,1,8,0,3.152
"Fig. 3(c,d)",8,8-QAM,raw_label_srm,0.1,0.25,0.5,0.175,0.549778714378,1.55120926542,0.744501784841,interface_0p1db,0.1,0.25,0.977237220956,0.944060876286,1.58663656397,1.28663656397,1.88663656397,1.0,0.57013737601,0.57013737601,0.643919788408,64,1,8,0,3.1
"Fig. 3(c,d)",8,8-QAM,raw_label_srm,0.1,0.25,0.5,0.18,0.565486677646,1.54885993709,0.743823126041,interface_0p1db,0.1,0.25,0.977237220956,0.944060876286,1.58663656397,1.28663656397,1.88663656397,1.0,0.571586670833,0.571586670833,0.643774970356,64,1,8,0,3.06
"Fig. 3(c,d)",8,8-QAM,raw_label_srm,0.1,0.25,0.5,0.185,0.581194640914,1.54644909334,0.743159468027,interface_0p1db,0.1,0.25,0.977237220956,0.944060876286,1.58663656397,1.28663656397,1.88663656397,1.0,0.573077922875,0.573077922875,0.643668385817,64,1,8,0,3.031
"Fig. 3(c,d)",8,8-QAM,raw_label_srm,0.1,0.25,0.5,0.19,0.596902604182,1.54398574684,0.742513427887,interface_0p1db,0.1,0.25,0.977237220956,0.944060876286,1.58663656397,1.28663656397,1.88663656397,1.0,0.574607950228,0.574607950228,0.643601059857,64,1,8,0,3.044
"Fig. 3(c,d)",8,8-QAM,raw_label_srm,0.1,0.25,0.5,0.195,0.61261056745,1.54148005873,0.741887576063,interface_0p1db,0.1,0.25,0.977237220956,0.944060876286,1.58663656397,1.28663656397,1.88663656397,1.0,0.576173132231,0.576173132231,0.643573515674,64,1,8,0,2.995
"Fig. 3(c,d)",8,8-QAM,raw_label_srm,0.1,0.25,0.5,0.2,0.628318530718,1.5389390116,0.741284406327,interface_0p1db,0.1,0.25,0.977237220956,0.944060876286,1.58663656397,1.28663656397,1.88663656397,1.0,0.577770995209,0.577770995209,0.643586564127,64,1,8,0,3.075
"Fig. 3(c,d)",8,8-QAM,raw_label_srm,0.1,0.25,0.5,0.205,0.644026493986,1.53638390814,0.740706305477,interface_0p1db,0.1,0.25,0.977237220956,0.944060876286,1.58663656397,1.28663656397,1.88663656397,1.0,0.579393788908,0.579393788908,0.643637888918,64,1,8,0,3.031
"Fig. 3(c,d)",8,8-QAM,raw_label_srm,0.1,0.25,0.5,0.21,0.659734457254,1.53382243943,0.740155525044,interface_0p1db,0.1,0.25,0.977237220956,0.944060876286,1.58663656397,1.28663656397,1.88663656397,1.0,0.581038733338,0.581038733338,0.643727375427,64,1,8,0,3.083
"Fig. 3(c,d)",8,8-QAM,raw_label_srm,0.1,0.25,0.5,0.215,0.675442420522,1.53126776794,0.7396341541,interface_0p1db,0.1,0.25,0.977237220956,0.944060876286,1.58663656397,1.28663656397,1.88663656397,1.0,0.582701018941,0.582701018941,0.643853467349,64,1,8,0,3.087
"Fig. 3(c,d)",8,8-QAM,raw_label_srm,0.1,0.25,0.5,0.22,0.69115038379,1.52873327115,0.739144095904,interface_0p1db,0.1,0.25,0.977237220956,0.944060876286,1.58663656397,1.28663656397,1.88663656397,1.0,0.584375734518,0.584375734518,0.644014162588,64,1,8,0,3.114
"Fig. 3(c,d)",8,8-QAM,raw_label_srm,0.1,0.25,0.5,0.225,0.706858347058,1.52623229478,0.738687048547,interface_0p1db,0.1,0.25,0.977237220956,0.944060876286,1.58663656397,1.28663656397,1.88663656397,1.0,0.586057959062,0.586057959062,0.644207078438,64,1,7,0,2.767
"Fig. 3(c,d)",8,8-QAM,raw_label_srm,0.1,0.25,0.5,0.23,0.722566310326,1.52377791282,0.738264490475,interface_0p1db,0.1,0.25,0.977237220956,0.944060876286,1.58663656397,1.28663656397,1.88663656397,1.0,0.587742851855,0.587742851855,0.644429528803,64,1,7,0,2.705
"Fig. 3(c,d)",8,8-QAM,raw_label_srm,0.1,0.25,0.5,0.235,0.738274273594,1.5213544024,0.737877670786,interface_0p1db,0.1,0.25,0.977237220956,0.944060876286,1.58663656397,1.28663656397,1.88663656397,1.0,0.58943618906,0.58943618906,0.644684962046,64,1,7,0,2.777
"Fig. 3(c,d)",8,8-QAM,raw_label_srm,0.1,0.25,0.5,0.24,0.753982236862,1.5190565843,0.737527607428,interface_0p1db,0.1,0.25,0.977237220956,0.944060876286,1.58663656397,1.28663656397,1.88663656397,1.0,0.591102907541,0.591102907541,0.644951733836,64,1,7,0,2.702
"Fig. 3(c,d)",8,8-QAM,raw_label_srm,0.1,0.25,0.5,0.245,0.769690200129,1.5168382604,0.737215084096,interface_0p1db,0.1,0.25,0.977237220956,0.944060876286,1.58663656397,1.28663656397,1.88663656397,1.0,0.592759998583,0.592759998583,0.645239455863,64,1,7,0,2.747
"Fig. 3(c,d)",8,8-QAM,raw_label_srm,0.1,0.25,0.5,0.25,0.785398163397,1.51465926498,0.736940662304,interface_0p1db,0.1,0.25,0.977237220956,0.944060876286,1.58663656397,1.28663656397,1.88663656397,1.0,0.59442226525,0.59442226525,0.642979355243,64,1,7,0,2.71
"Fig. 3(c,d)",8,8-QAM,raw_label_srm,0.1,0.25,0.5,0.255,0.801106126665,1.51261803786,0.736704686423,interface_0p1db,0.1,0.25,0.977237220956,0.944060876286,1.58663656397,1.28663656397,1.88663656397,1.0,0.596053232774,0.596053232774,0.640005988655,64,1,7,0,2.817
"Fig. 3(c,d)",8,8-QAM,raw_label_srm,0.1,0.25,0.5,0.26,0.816814089933,1.51067857498,0.736507301277,interface_0p1db,0.1,0.25,0.977237220956,0.944060876286,1.58663656397,1.28663656397,1.88663656397,1.0,0.597666145259,0.597666145259,0.637319506409,64,1,7,0,2.873
"Fig. 3(c,d)",8,8-QAM,raw_label_srm,0.1,0.25,0.5,0.265,0.832522053201,1.50885518519,0.736348466873,interface_0p1db,0.1,0.25,0.977237220956,0.944060876286,1.58663656397,1.28663656397,1.88663656397,1.0,0.599255634544,0.599255634544,0.634930097349,64,1,7,0,2.827
"Fig. 3(c,d)",8,8-QAM,raw_label_srm,0.1,0.25,0.5,0.27,0.848230016469,1.50715371354,0.736227976462,interface_0p1db,0.1,0.25,0.977237220956,0.944060876286,1.58663656397,1.28663656397,1.88663656397,1.0,0.600819464256,0.600819464256,0.632839578044,64,1,7,0,2.773
"Fig. 3(c,d)",8,8-QAM,raw_label_srm,0.1,0.25,0.5,0.275,0.863937979737,1.50557900249,0.736145475894,interface_0p1db,0.1,0.25,0.977237220956,0.944060876286,1.58663656397,1.28663656397,1.88663656397,1.0,0.602355771118,0.602355771118,0.631048127349,64,1,8,0,3.004
"Fig. 3(c,d)",8,8-QAM,raw_label_srm,0.1,0.25,0.5,0.28,0.879645943005,1.50413499712,0.736100482679,interface_0p1db,0.1,0.25,0.977237220956,0.944060876286,1.58663656397,1.28663656397,1.88663656397,1.0,0.603863027398,0.603863027398,0.629554528647,64,1,8,0,2.956
"Fig. 3(c,d)",8,8-QAM,raw_label_srm,0.1,0.25,0.5,0.285,0.895353906273,1.50282480886,0.736092404557,interface_0p1db,0.1,0.25,0.977237220956,0.944060876286,1.58663656397,1.28663656397,1.88663656397,1.0,0.605340018398,0.605340018398,0.628356363514,64,1,8,0,2.959
"Fig. 3(c,d)",8,8-QAM,raw_label_srm,0.1,0.25,0.5,0.29,0.911061869541,1.50165078943,0.736120557437,interface_0p1db,0.1,0.25,0.977237220956,0.944060876286,1.58663656397,1.28663656397,1.88663656397,1.0,0.60678581582,0.60678581582,0.627450198313,64,1,8,0,2.852
"Fig. 3(c,d)",8,8-QAM,raw_label_srm,0.1,0.25,0.5,0.295,0.926769832809,1.50061461877,0.736184182209,interface_0p1db,0.1,0.25,0.977237220956,0.944060876286,1.58663656397,1.28663656397,1.88663656397,1.0,0.608199745638,0.608199745638,0.626831764622,64,1,8,0,2.56
"Fig. 3(c,d)",8,8-QAM,raw_label_srm,0.1,0.25,0.5,0.3,0.942477796077,1.49971737862,0.736282460419,interface_0p1db,0.1,0.25,0.977237220956,0.944060876286,1.58663656397,1.28663656397,1.88663656397,1.0,0.609581361059,0.609581361059,0.626496112062,64,1,8,0,0.758
"Fig. 3(c,d)",2,2-QAM,raw_label_srm,0.2,0.25,0.5,-0.3,-0.942477796077,1.74653701751,0.352015560041,interface_0p2db,0.2,0.25,0.954992586021,0.944060876286,1.54433889119,1.24433889119,1.84433889119,1.0,0.887315745247,0.887315745247,0.247192104443,4,1,8,0,0.021
"Fig. 3(c,d)",2,2-QAM,raw_label_srm,0.2,0.25,0.5,-0.295,-0.926769832809,1.73912185541,0.352076028266,interface_0p2db,0.2,0.25,0.954992586021,0.944060876286,1.54433889119,1.24433889119,1.84433889119,1.0,0.887435116688,0.887435116688,0.246948769868,4,1,8,0,0.103
"Fig. 3(c,d)",2,2-QAM,raw_label_srm,0.2,0.25,0.5,-0.29,-0.911061869541,1.73188713298,0.352138885731,interface_0p2db,0.2,0.25,0.954992586021,0.944060876286,1.54433889119,1.24433889119,1.84433889119,1.0,0.887550927773,0.887550927773,0.246702553695,4,1,8,0,0.033
"Fig. 3(c,d)",2,2-QAM,raw_label_srm,0.2,0.25,0.5,-0.285,-0.895353906273,1.72477293584,0.352203998807,interface_0p2db,0.2,0.25,0.954992586021,0.944060876286,1.54433889119,1.24433889119,1.84433889119,1.0,0.887669788314,0.887669788314,0.246443555099,4,1,8,0,0.117
"Fig. 3(c,d)",2,2-QAM,raw_label_srm,0.2,0.25,0.5,-0.28,-0.879645943005,1.7178766399,0.35227123599,interface_0p2db,0.2,0.25,0.954992586021,0.944060876286,1.54433889119,1.24433889119,1.84433889119,1.0,0.887780206782,0.887780206782,0.246190456207,4,1,8,0,0.058
"Fig. 3(c,d)",2,2-QAM,raw_label_srm,0.2,0.25,0.5,-0.275,-0.863937979737,1.71114563607,0.352340467763,interface_0p2db,0.2,0.25,0.954992586021,0.944060876286,1.54433889119,1.24433889119,1.84433889119,1.0,0.887887959582,0.887887959582,0.245934690671,4,1,8,0,0.095
"Fig. 3(c,d)",2,2-QAM,raw_label_srm,0.2,0.25,0.5,-0.27,-0.848230016469,1.70457742842,0.352411566944,interface_0p2db,0.2,0.25,0.954992586021,0.944060876286,1.54433889119,1.24433889119,1.84433889119,1.0,0.887993069936,0.887993069936,0.245676733695,4,1,7,0,0.122
"Fig. 3(c,d)",2,2-QAM,raw_label_srm,0.2,0.25,0.5,-0.265,-0.832522053201,1.69815276244,0.352484408434,interface_0p2db,0.2,0.25,0.954992586021,0.944060876286,1.54433889119,1.24433889119,1.84433889119,1.0,0.888097520993,0.888097520993,0.245413859916,4,1,7,0,0.052
"Fig. 3(c,d)",2,2-QAM,raw_label_srm,0.2,0.25,0.5,-0.26,-0.816814089933,1.69191982905,0.352558869472,interface_0p2db,0.2,0.25,0.954992586021,0.944060876286,1.54433889119,1.24433889119,1.84433889119,1.0,0.88819544907,0.88819544907,0.245156097211,4,1,8,0,0.058
"Fig. 3(c,d)",2,2-QAM,raw_label_srm,0.2,0.25,0.5,-0.255,-0.801106126665,1.68582584431,0.352634829042,interface_0p2db,0.2,0.25,0.954992586021,0.944060876286,1.54433889119,1.24433889119,1.84433889119,1.0,0.888292757914,0.888292757914,0.244894317127,4,1,8,0,0.228
"Fig. 3(c,d)",2,2-QAM,raw_label_srm,0.2,0.25,0.5,-0.25,-0.785398163397,1.67988546192,0.352712168383,interface_0p2db,0.2,0.25,0.954992586021,0.944060876286,1.54433889119,1.24433889119,1.84433889119,1.0,0.888387504915,0.888387504915,0.244632143286,4,1,8,0,0.016
"Fig. 3(c,d)",2,2-QAM,raw_label_srm,0.2,0.25,0.5,-0.245,-0.769690200129,1.67409656148,0.352790770671,interface_0p2db,0.2,0.25,0.954992586021,0.944060876286,1.54433889119,1.24433889119,1.84433889119,1.0,0.888479708332,0.888479708332,0.244369996413,4,1,8,0,0.022
"Fig. 3(c,d)",2,2-QAM,raw_label_srm,0.2,0.25,0.5,-0.24,-0.753982236862,1.66845708681,0.352870521016,interface_0p2db,0.2,0.25,0.954992586021,0.944060876286,1.54433889119,1.24433889119,1.84433889119,1.0,0.888569386097,0.888569386097,0.244108284813,4,1,8,0,0.083
"Fig. 3(c,d)",2,2-QAM,raw_label_srm,0.2,0.25,0.5,-0.235,-0.738274273594,1.66296504271,0.352951306408,interface_0p2db,0.2,0.25,0.954992586021,0.944060876286,1.54433889119,1.24433889119,1.84433889119,1.0,0.888656556002,0.888656556002,0.243847403994,4,1,8,0,0.142
"Fig. 3(c,d)",2,2-QAM,raw_label_srm,0.2,0.25,0.5,-0.23,-0.722566310326,1.65763378788,0.353033015664,interface_0p2db,0.2,0.25,0.954992586021,0.944060876286,1.54433889119,1.24433889119,1.84433889119,1.0,0.88873942556,0.88873942556,0.243590798646,4,1,8,0,0.054
"Fig. 3(c,d)",2,2-QAM,raw_label_srm,0.2,0.25,0.5,-0.225,-0.706858347058,1.65243670247,0.353115539355,interface_0p2db,0.2,0.25,0.954992586021,0.944060876286,1.54433889119,1.24433889119,1.84433889119,1.0,0.888820935327,0.888820935327,0.243333914939,4,1,8,0,0.096
"Fig. 3(c,d)",2,2-QAM,raw_label_srm,0.2,0.25,0.5,-0.22,-0.69115038379,1.64738088587,0.353198769734,interface_0p2db,0.2,0.25,0.954992586021,0.944060876286,1.54433889119,1.24433889119,1.84433889119,1.0,0.888900049709,0.888900049709,0.243078880247,4,1,8,0,0.022
"Fig. 3(c,d)",2,2-QAM,raw_label_srm,0.2,0.25,0.5,-0.215,-0.675442420522,1.64246454007,0.353282600663,interface_0p2db,0.2,0.25,0.954992586021,0.944060876286,1.54433889119,1.24433889119,1.84433889119,1.0,0.888976790296,0.888976790296,0.242826029709,4,1,8,0,0.07
"Fig. 3(c,d)",2,2-QAM,raw_label_srm,0.2,0.25,0.5,-0.21,-0.659734457254,1.63768592015,0.353366927539,interface_0p2db,0.2,0.25,0.954992586021,0.944060876286,1.54433889119,1.24433889119,1.84433889119,1.0,0.889051178683,0.889051178683,0.242575685636,4,1,8,0,0.103
"Fig. 3(c,d)",2,2-QAM,raw_label_srm,0.2,0.25,0.5,-0.205,-0.644026493986,1.63304333213,0.353451647214,interface_0p2db,0.2,0.25,0.954992586021,0.944060876286,1.54433889119,1.24433889119,1.84433889119,1.0,0.889123236574,0.889123236574,0.242328157453,4,1,8,0,0.052
"Fig. 3(c,d)",2,2-QAM,raw_label_srm,0.2,0.25,0.5,-0.2,-0.628318530718,1.62853513104,0.353536657914,interface_0p2db,0.2,0.25,0.954992586021,0.944060876286,1.54433889119,1.24433889119,1.84433889119,1.0,0.889192985872,0.889192985872,0.242083741711,4,1,8,0,0.123
"Fig. 3(c,d)",2,2-QAM,raw_label_srm,0.2,0.25,0.5,-0.195,-0.61261056745,1.62415971919,0.353621859148,interface_0p2db,0.2,0.25,0.954992586021,0.944060876286,1.54433889119,1.24433889119,1.84433889119,1.0,0.889260448757,0.889260448757,0.241842722116,4,1,8,0,0.062
"Fig. 3(c,d)",2,2-QAM,raw_label_srm,0.2,0.25,0.5,-0.19,-0.596902604182,1.61991219083,0.353707151625,interface_0p2db,0.2,0.25,0.954992586021,0.944060876286,1.54433889119,1.24433889119,1.84433889119,1.0,0.889326050924,0.889326050924,0.241604663533,4,1,7,0,0.134
"Fig. 3(c,d)",2,2-QAM,raw_label_srm,0.2,0.25,0.5,-0.185,-0.581194640914,1.61581524135,0.353792437089,interface_0p2db,0.2,0.25,0.954992586021,0.944060876286,1.54433889119,1.24433889119,1.84433889119,1.0,0.889386902593,0.889386902593,0.241374936024,4,1,7,0,0.026
"Fig. 3(c,d)",2,2-QAM,raw_label_srm,0.2,0.25,0.5,-0.18,-0.565486677646,1.61181491728,0.353877618541,interface_0p2db,0.2,0.25,0.954992586021,0.944060876286,1.54433889119,1.24433889119,1.84433889119,1.0,0.889449346182,0.889449346182,0.241142686305,4,1,8,0,0.11
"Fig. 3(c,d)",2,2-QAM,raw_label_srm,0.2,0.25,0.5,-0.175,-0.549778714378,1.60795557595,0.353962599511,interface_0p2db,0.2,0.25,0.954992586021,0.944060876286,1.54433889119,1.24433889119,1.84433889119,1.0,0.889507892811,0.889507892811,0.240917834577,4,1,8,0,0.063
"Fig. 3(c,d)",2,2-QAM,raw_label_srm,0.2,0.25,0.5,-0.17,-0.53407075111,1.60422169169,0.354047284569,interface_0p2db,0.2,0.25,0.954992586021,0.944060876286,1.54433889119,1.24433889119,1.84433889119,1.0,0.889564269982,0.889564269982,0.240697608376,4,1,8,0,0.167
"Fig. 3(c,d)",2,2-QAM,raw_label_srm,0.2,0.25,0.5,-0.165,-0.518362787842,1.60061192072,0.354131578904,interface_0p2db,0.2,0.25,0.954992586021,0.944060876286,1.54433889119,1.24433889119,1.84433889119,1.0,0.889618502525,0.889618502525,0.240482216846,4,1,8,0,0.07
"Fig. 3(c,d)",2,2-QAM,raw_label_srm,0.2,0.25,0.5,-0.16,-0.502654824574,1.59712495781,0.354215388269,interface_0p2db,0.2,0.25,0.954992586021,0.944060876286,1.54433889119,1.24433889119,1.84433889119,1.0,0.889670615783,0.889670615783,0.240271857364,4,1,8,0,0.017
"Fig. 3(c,d)",2,2-QAM,raw_label_srm,0.2,0.25,0.5,-0.155,-0.486946861306,1.59375953549,0.35429861885,interface_0p2db,0.2,0.25,0.954992586021,0.944060876286,1.54433889119,1.24433889119,1.84433889119,1.0,0.889720635601,0.889720635601,0.240066715786,4,1,8,0,0.068
"Fig. 3(c,d)",2,2-QAM,raw_label_srm,0.2,0.25,0.5,-0.15,-0.471238898038,1.59051442336,0.354381177137,interface_0p2db,0.2,0.25,0.954992586021,0.944060876286,1.54433889119,1.24433889119,1.84433889119,1.0,0.889768588321,0.889768588321,0.23986696671,4,1,8,0,0.064
"Fig. 3(c,d)",2,2-QAM,raw_label_srm,0.2,0.25,0.5,-0.145,-0.455530934771,1.58738842743,0.354462969779,interface_0p2db,0.2,0.25,0.954992586021,0.944060876286,1.54433889119,1.24433889119,1.84433889119,1.0,0.889814500763,0.889814500763,0.239672773744,4,1,8,0,0.116
"Fig. 3(c,d)",2,2-QAM,raw_label_srm,0.2,0.25,0.5,-0.14,-0.439822971503,1.58436745613,0.354543903293,interface_0p2db,0.2,0.25,0.954992586021,0.944060876286,1.54433889119,1.24433889119,1.84433889119,1.0,0.889859979176,0.889859979176,0.239481438433,4,1,8,0,0.142
"Fig. 3(c,d)",2,2-QAM,raw_label_srm,0.2,0.25,0.5,-0.135,-0.424115008235,1.58152373757,0.354623884485,interface_0p2db,0.2,0.25,0.954992586021,0.944060876286,1.54433889119,1.24433889119,1.84433889119,1.0,0.88989609082,0.88989609082,0.239309301865,4,1,8,0,0.01
"Fig. 3(c,d)",2,2-QAM,raw_label_srm,0.2,0.25,0.5,-0.13,-0.408407044967,1.57874560215,0.354702819366,interface_0p2db,0.2,0.25,0.954992586021,0.944060876286,1.54433889119,1.24433889119,1.84433889119,1.0,0.889936370603,0.889936370603,0.239132085028,4,1,8,0,0.043
"Fig. 3(c,d)",2,2-QAM,raw_label_srm,0.2,0.25,0.5,-0.125,-0.392699081699,1.57608204309,0.354780613569,interface_0p2db,0.2,0.25,0.954992586021,0.944060876286,1.54433889119,1.24433889119,1.84433889119,1.0,0.889974737073,0.889974737073,0.238960943248,4,1,8,0,0.069
"Fig. 3(c,d)",2,2-QAM,raw_label_srm,0.2,0.25,0.5,-0.12,-0.376991118431,1.57353206428,0.354857172005,interface_0p2db,0.2,0.25,0.954992586021,0.944060876286,1.54433889119,1.24433889119,1.84433889119,1.0,0.890011216217,0.890011216217,0.238795994709,4,1,8,0,0.08
"Fig. 3(c,d)",2,2-QAM,raw_label_srm,0.2,0.25,0.5,-0.115,-0.361283155163,1.57109470326,0.354932398625,interface_0p2db,0.2,0.25,0.954992586021,0.944060876286,1.54433889119,1.24433889119,1.84433889119,1.0,0.890045834317,0.890045834317,0.23863734842,4,1,8,0,0.013
"Fig. 3(c,d)",2,2-QAM,raw_label_srm,0.2,0.25,0.5,-0.11,-0.345575191895,1.56876903078,0.355006196158,interface_0p2db,0.2,0.25,0.954992586021,0.944060876286,1.54433889119,1.24433889119,1.84433889119,1.0,0.890078617941,0.890078617941,0.238485104465,4,1,8,0,0.097
"Fig. 3(c,d)",2,2-QAM,raw_label_srm,0.2,0.25,0.5,-0.105,-0.329867228627,1.56655415044,0.355078465836,interface_0p2db,0.2,0.25,0.954992586021,0.944060876286,1.54433889119,1.24433889119,1.84433889119,1.0,0.890109593919,0.890109593919,0.238339354259,4,1,8,0,0.032
"Fig. 3(c,d)",2,2-QAM,raw_label_srm,0.2,0.25,0.5,-0.1,-0.314159265359,1.56444919821,0.355149107072,interface_0p2db,0.2,0.25,0.954992586021,0.944060876286,1.54433889119,1.24433889119,1.84433889119,1.0,0.890138789329,0.890138789329,0.238200180787,4,1,8,0,0.113
"Fig. 3(c,d)",2,2-QAM,raw_label_srm,0.2,0.25,0.5,-0.095,-0.298451302091,1.56245334208,0.355218017099,interface_0p2db,0.2,0.25,0.954992586021,0.944060876286,1.54433889119,1.24433889119,1.84433889119,1.0,0.89016623148,0.89016623148,0.238067658835,4,1,8,0,0.125
"Fig. 3(c,d)",2,2-QAM,raw_label_srm,0.2,0.25,0.5,-0.09,-0.282743338823,1.5605657816,0.35528509057,interface_0p2db,0.2,0.25,0.954992586021,0.944060876286,1.54433889119,1.24433889119,1.84433889119,1.0,0.890191947911,0.890191947911,0.237941855205,4,1,8,0,0.149
"Fig. 3(c,d)",2,2-QAM,raw_label_srm,0.2,0.25,0.5,-0.085,-0.267035375555,1.55878574746,0.355350219082,interface_0p2db,0.2,0.25,0.954992586021,0.944060876286,1.54433889119,1.24433889119,1.84433889119,1.0,0.890215966378,0.890215966378,0.237822828918,4,1,8,0,0.079
"Fig. 3(c,d)",2,2-QAM,raw_label_srm,0.2,0.25,0.5,-0.08,-0.251327412287,1.55711250092,0.355413290633,interface_0p2db,0.2,0.25,0.954992586021,0.944060876286,1.54433889119,1.24433889119,1.84433889119,1.0,0.890238314869,0.890238314869,0.23771063138,4,1,8,0,0.076
"Fig. 3(c,d)",2,2-QAM,raw_label_srm,0.2,0.25,0.5,-0.075,-0.235619449019,1.55554533331,0.355474188992,interface_0p2db,0.2,0.25,0.954992586021,0.944060876286,1.54433889119,1.24433889119,1.84433889119,1.0,0.890259021616,0.890259021616,0.237605306533,4,1,8,0,0.079
"Fig. 3(c,d)",2,2-QAM,raw_label_srm,0.2,0.25,0.5,-0.07,-0.219911485751,1.55408356534,0.355532792938,interface_0p2db,0.2,0.25,0.954992586021,0.944060876286,1.54433889119,1.24433889119,1.84433889119,1.0,0.890278115132,0.890278115132,0.237506890965,4,1,8,0,0.118
"Fig. 3(c,d)",2,2-QAM,raw_label_srm,0.2,0.25,0.5,-0.065,-0.204203522483,1.55272654625,0.355588975358,interface_0p2db,0.2,0.25,0.954992586021,0.944060876286,1.54433889119,1.24433889119,1.84433889119,1.0,0.890295624255,0.890295624255,0.237415413979,4,1,8,0,0.103
"Fig. 3(c,d)",2,2-QAM,raw_label_srm,0.2,0.25,0.5,-0.06,-0.188495559215,1.55147365287,0.355642602152,interface_0p2db,0.2,0.25,0.954992586021,0.944060876286,1.54433889119,1.24433889119,1.84433889119,1.0,0.890311578236,0.890311578236,0.237330897597,4,1,8,0,0.057
"Fig. 3(c,d)",2,2-QAM,raw_label_srm,0.2,0.25,0.5,-0.055,-0.172787595947,1.55032428834,0.355693530868,interface_0p2db,0.2,0.25,0.954992586021,0.944060876286,1.54433889119,1.24433889119,1.84433889119,1.0,0.890326006838,0.890326006838,0.237253356512,4,1,8,0,0.033
"Fig. 3(c,d)",2,2-QAM,raw_label_srm,0.2,0.25,0.5,-0.05,-0.157079632679,1.54927788055,0.355741609002,interface_0p2db,0.2,0.25,0.954992586021,0.944060876286,1.54433889119,1.24433889119,1.84433889119,1.0,0.890338940498,0.890338940498,0.237182797932,4,1,8,0,0.084
"Fig. 3(c,d)",2,2-QAM,raw_label_srm,0.2,0.25,0.5,-0.045,-0.141371669412,1.54833388012,0.355786671806,interface_0p2db,0.2,0.25,0.954992586021,0.944060876286,1.54433889119,1.24433889119,1.84433889119,1.0,0.89035041054,0.89035041054,0.237119221312,4,1,8,0,0.256
"Fig. 3(c,d)",2,2-QAM,raw_label_srm,0.2,0.25,0.5,-0.04,-0.125663706144,1.54749175757,0.35582853941,interface_0p2db,0.2,0.25,0.954992586021,0.944060876286,1.54433889119,1.24433889119,1.84433889119,1.0,0.890360449484,0.890360449484,0.2370626179,4,1,8,0,0.073
"Fig. 3(c,d)",2,2-QAM,raw_label_srm,0.2,0.25,0.5,-0.035,-0.109955742876,1.54675099964,0.355867012918,interface_0p2db,0.2,0.25,0.954992586021,0.944060876286,1.54433889119,1.24433889119,1.84433889119,1.0,0.890369091473,0.890369091473,0.237012970057,4,1,8,0,0.082
"Fig. 3(c,d)",2,2-QAM,raw_label_srm,0.2,0.25,0.5,-0.03,-0.0942477796077,1.54611110387,0.355901868943,interface_0p2db,0.2,0.25,0.954992586021,0.944060876286,1.54433889119,1.24433889119,1.84433889119,1.0,0.890376372914,0.890376372914,0.236970250169,4,1,8,0,0.01
"Fig. 3(c,d)",2,2-QAM,raw_label_srm,0.2,0.25,0.5,-0.025,-0.0785398163397,1.54557157072,0.355932851569,interface_0p2db,0.2,0.25,0.954992586021,0.944060876286,1.54433889119,1.24433889119,1.84433889119,1.0,0.890382333427,0.890382333427,0.236934418981,4,1,8,0,0.223
"Fig. 3(c,d)",2,2-QAM,raw_label_srm,0.2,0.25,0.5,-0.02,-0.0628318530718,1.5451318912,0.355959659818,interface_0p2db,0.2,0.25,0.954992586021,0.944060876286,1.54433889119,1.24433889119,1.84433889119,1.0,0.890387017356,0.890387017356,0.236905422873,4,1,8,0,0.1
"Fig. 3(c,d)",2,2-QAM,raw_label_srm,0.2,0.25,0.5,-0.015,-0.0471238898038,1.54479152557,0.355981926455,interface_0p2db,0.2,0.25,0.954992586021,0.944060876286,1.54433889119,1.24433889119,1.84433889119,1.0,0.890390476389,0.890390476389,0.236883189074,4,1,8,0,0.158
"Fig. 3(c,d)",2,2-QAM,raw_label_srm,0.2,0.25,0.5,-0.01,-0.0314159265359,1.5445498628,0.355999177414,interface_0p2db,0.2,0.25,0.954992586021,0.944060876286,1.54433889119,1.24433889119,1.84433889119,1.0,0.890392774574,0.890392774574,0.236867616398,4,1,8,0,0.029
"Fig. 3(c,d)",2,2-QAM,raw_label_srm,0.2,0.25,0.5,-0.005,-0.0157079632679,1.54440612413,0.356010736116,interface_0p2db,0.2,0.25,0.954992586021,0.944060876286,1.54433889119,1.24433889119,1.84433889119,1.0,0.890394000279,0.890394000279,0.236858553056,4,1,8,0,0.095
"Fig. 3(c,d)",2,2-QAM,raw_label_srm,0.2,0.25,0.5,0.0,0.0,1.54433889119,0.356015334845,interface_0p2db,0.2,0.25,0.954992586021,0.944060876286,1.54433889119,1.24433889119,1.84433889119,1.0,0.890396811911,0.890396811911,0.236851056148,4,1,8,0,0.041
"Fig. 3(c,d)",2,2-QAM,raw_label_srm,0.2,0.25,0.5,0.005,0.0157079632679,1.54440612412,0.356010736116,interface_0p2db,0.2,0.25,0.954992586021,0.944060876286,1.54433889119,1.24433889119,1.84433889119,1.0,0.890394000281,0.890394000281,0.236858553052,4,1,8,0,0.065
"Fig. 3(c,d)",2,2-QAM,raw_label_srm,0.2,0.25,0.5,0.01,0.0314159265359,1.54454986281,0.355999177414,interface_0p2db,0.2,0.25,0.954992586021,0.944060876286,1.54433889119,1.24433889119,1.84433889119,1.0,0.890392774573,0.890392774573,0.2368676164,4,1,8,0,0.01
"Fig. 3(c,d)",2,2-QAM,raw_label_srm,0.2,0.25,0.5,0.015,0.0471238898038,1.54479152557,0.355981926455,interface_0p2db,0.2,0.25,0.954992586021,0.944060876286,1.54433889119,1.24433889119,1.84433889119,1.0,0.89039047639,0.89039047639,0.236883189073,4,1,8,0,0.093
"Fig. 3(c,d)",2,2-QAM,raw_label_srm,0.2,0.25,0.5,0.02,0.0628318530718,1.54513189121,0.355959659818,interface_0p2db,0.2,0.25,0.954992586021,0.944060876286,1.54433889119,1.24433889119,1.84433889119,1.0,0.890387017355,0.890387017355,0.236905422876,4,1,8,0,0.014
"Fig. 3(c,d)",2,2-QAM,raw_label_srm,0.2,0.25,0.5,0.025,0.0785398163397,1.54557157071,0.355932851569,interface_0p2db,0.2,0.25,0.954992586021,0.944060876286,1.54433889119,1.24433889119,1.84433889119,1.0,0.890382333428,0.890382333428,0.236934418979,4,1,8,0,0.041
"Fig. 3(c,d)",2,2-QAM,raw_label_srm,0.2,0.25,0.5,0.03,0.0942477796077,1.54611110386,0.355901868943,interface_0p2db,0.2,0.25,0.954992586021,0.944060876286,1.54433889119,1.24433889119,1.84433889119,1.0,0.890376372915,0.890376372915,0.236970250166,4,1,8,0,0.053
"Fig. 3(c,d)",2,2-QAM,raw_label_srm,0.2,0.25,0.5,0.035,0.109955742876,1.54675099963,0.355867012918,interface_0p2db,0.2,0.25,0.954992586021,0.944060876286,1.54433889119,1.24433889119,1.84433889119,1.0,0.890369091474,0.890369091474,0.237012970054,4,1,8,0,0.149
"Fig. 3(c,d)",2,2-QAM,raw_label_srm,0.2,0.25,0.5,0.04,0.125663706144,1.54749175757,0.35582853941,interface_0p2db,0.2,0.25,0.954992586021,0.944060876286,1.54433889119,1.24433889119,1.84433889119,1.0,0.890360449484,0.890360449484,0.237062617901,4,1,8,0,0.303
"Fig. 3(c,d)",2,2-QAM,raw_label_srm,0.2,0.25,0.5,0.045,0.141371669412,1.54833388012,0.355786671806,interface_0p2db,0.2,0.25,0.954992586021,0.944060876286,1.54433889119,1.24433889119,1.84433889119,1.0,0.890350410541,0.890350410541,0.237119221311,4,1,8,0,0.042
"Fig. 3(c,d)",2,2-QAM,raw_label_srm,0.2,0.25,0.5,0.05,0.157079632679,1.54927788055,0.355741609002,interface_0p2db,0.2,0.25,0.954992586021,0.944060876286,1.54433889119,1.24433889119,1.84433889119,1.0,0.890338940499,0.890338940499,0.237182797931,4,1,8,0,0.123
"Fig. 3(c,d)",2,2-QAM,raw_label_srm,0.2,0.25,0.5,0.055,0.172787595947,1.55032428833,0.355693530868,interface_0p2db,0.2,0.25,0.954992586021,0.944060876286,1.54433889119,1.24433889119,1.84433889119,1.0,0.890326006838,0.890326006838,0.237253356512,4,1,8,0,0.051
"Fig. 3(c,d)",2,2-QAM,raw_label_srm,0.2,0.25,0.5,0.06,0.188495559215,1.55147365287,0.355642602152,interface_0p2db,0.2,0.25,0.954992586021,0.944060876286,1.54433889119,1.24433889119,1.84433889119,1.0,0.890311578237,0.890311578237,0.237330897596,4,1,8,0,0.037
"Fig. 3(c,d)",2,2-QAM,raw_label_srm,0.2,0.25,0.5,0.065,0.204203522483,1.55272654625,0.355588975358,interface_0p2db,0.2,0.25,0.954992586021,0.944060876286,1.54433889119,1.24433889119,1.84433889119,1.0,0.890295624255,0.890295624255,0.237415413979,4,1,8,0,0.057
"Fig. 3(c,d)",2,2-QAM,raw_label_srm,0.2,0.25,0.5,0.07,0.219911485751,1.55408356534,0.355532792938,interface_0p2db,0.2,0.25,0.954992586021,0.944060876286,1.54433889119,1.24433889119,1.84433889119,1.0,0.890278115132,0.890278115132,0.237506890965,4,1,8,0,0.045
"Fig. 3(c,d)",2,2-QAM,raw_label_srm,0.2,0.25,0.5,0.075,0.235619449019,1.55554533331,0.355474188992,interface_0p2db,0.2,0.25,0.954992586021,0.944060876286,1.54433889119,1.24433889119,1.84433889119,1.0,0.890259021616,0.890259021616,0.237605306533,4,1,8,0,0.159
"Fig. 3(c,d)",2,2-QAM,raw_label_srm,0.2,0.25,0.5,0.08,0.251327412287,1.55711250092,0.355413290633,interface_0p2db,0.2,0.25,0.954992586021,0.944060876286,1.54433889119,1.24433889119,1.84433889119,1.0,0.890238314869,0.890238314869,0.23771063138,4,1,8,0,0.055
"Fig. 3(c,d)",2,2-QAM,raw_label_srm,0.2,0.25,0.5,0.085,0.267035375555,1.55878574746,0.355350219082,interface_0p2db,0.2,0.25,0.954992586021,0.944060876286,1.54433889119,1.24433889119,1.84433889119,1.0,0.890215966378,0.890215966378,0.237822828918,4,1,8,0,0.114
"Fig. 3(c,d)",2,2-QAM,raw_label_srm,0.2,0.25,0.5,0.09,0.282743338823,1.56056578161,0.35528509057,interface_0p2db,0.2,0.25,0.954992586021,0.944060876286,1.54433889119,1.24433889119,1.84433889119,1.0,0.890191947911,0.890191947911,0.237941855205,4,1,8,0,0.05
"Fig. 3(c,d)",2,2-QAM,raw_label_srm,0.2,0.25,0.5,0.095,0.298451302091,1.56245334208,0.355218017099,interface_0p2db,0.2,0.25,0.954992586021,0.944060876286,1.54433889119,1.24433889119,1.84433889119,1.0,0.89016623148,0.89016623148,0.238067658834,4,1,8,0,0.021
"Fig. 3(c,d)",2,2-QAM,raw_label_srm,0.2,0.25,0.5,0.1,0.314159265359,1.56444919821,0.355149107072,interface_0p2db,0.2,0.25,0.954992586021,0.944060876286,1.54433889119,1.24433889119,1.84433889119,1.0,0.890138789329,0.890138789329,0.238200180787,4,1,8,0,0.168
"Fig. 3(c,d)",2,2-QAM,raw_label_srm,0.2,0.25,0.5,0.105,0.329867228627,1.56655415044,0.355078465836,interface_0p2db,0.2,0.25,0.954992586021,0.944060876286,1.54433889119,1.24433889119,1.84433889119,1.0,0.890109593919,0.890109593919,0.238339354259,4,1,8,0,0.112
"Fig. 3(c,d)",2,2-QAM,raw_label_srm,0.2,0.25,0.5,0.11,0.345575191895,1.56876903078,0.355006196158,interface_0p2db,0.2,0.25,0.954992586021,0.944060876286,1.54433889119,1.24433889119,1.84433889119,1.0,0.890078617941,0.890078617941,0.238485104465,4,1,8,0,0.039
"Fig. 3(c,d)",2,2-QAM,raw_label_srm,0.2,0.25,0.5,0.115,0.361283155163,1.57109470326,0.354932398625,interface_0p2db,0.2,0.25,0.954992586021,0.944060876286,1.54433889119,1.24433889119,1.84433889119,1.0,0.890045834317,0.890045834317,0.23863734842,4,1,8,0,0.048
"Fig. 3(c,d)",2,2-QAM,raw_label_srm,0.2,0.25,0.5,0.12,0.376991118431,1.57353206428,0.354857172005,interface_0p2db,0.2,0.25,0.954992586021,0.944060876286,1.54433889119,1.24433889119,1.84433889119,1.0,0.890011216217,0.890011216217,0.238795994709,4,1,8,0,0.069
"Fig. 3(c,d)",2,2-QAM,raw_label_srm,0.2,0.25,0.5,0.125,0.392699081699,1.57608204309,0.354780613569,interface_0p2db,0.2,0.25,0.954992586021,0.944060876286,1.54433889119,1.24433889119,1.84433889119,1.0,0.889974737073,0.889974737073,0.238960943248,4,1,8,0,0.04
"Fig. 3(c,d)",2,2-QAM,raw_label_srm,0.2,0.25,0.5,0.13,0.408407044967,1.57874560215,0.354702819366,interface_0p2db,0.2,0.25,0.954992586021,0.944060876286,1.54433889119,1.24433889119,1.84433889119,1.0,0.889936370603,0.889936370603,0.239132085028,4,1,8,0,0.086
"Fig. 3(c,d)",2,2-QAM,raw_label_srm,0.2,0.25,0.5,0.135,0.424115008235,1.58152373757,0.354623884485,interface_0p2db,0.2,0.25,0.954992586021,0.944060876286,1.54433889119,1.24433889119,1.84433889119,1.0,0.88989609082,0.88989609082,0.239309301865,4,1,8,0,0.182
"Fig. 3(c,d)",2,2-QAM,raw_label_srm,0.2,0.25,0.5,0.14,0.439822971503,1.58436745613,0.354543903293,interface_0p2db,0.2,0.25,0.954992586021,0.944060876286,1.54433889119,1.24433889119,1.84433889119,1.0,0.889859979176,0.889859979176,0.239481438433,4,1,8,0,0.084
"Fig. 3(c,d)",2,2-QAM,raw_label_srm,0.2,0.25,0.5,0.145,0.455530934771,1.58738842743,0.354462969779,interface_0p2db,0.2,0.25,0.954992586021,0.944060876286,1.54433889119,1.24433889119,1.84433889119,1.0,0.889814500763,0.889814500763,0.239672773744,4,1,8,0,0.04
"Fig. 3(c,d)",2,2-QAM,raw_label_srm,0.2,0.25,0.5,0.15,0.471238898038,1.59051442336,0.354381177137,interface_0p2db,0.2,0.25,0.954992586021,0.944060876286,1.54433889119,1.24433889119,1.84433889119,1.0,0.889768588321,0.889768588321,0.23986696671,4,1,8,0,0.017
"Fig. 3(c,d)",2,2-QAM,raw_label_srm,0.2,0.25,0.5,0.155,0.486946861306,1.59375953549,0.35429861885,interface_0p2db,0.2,0.25,0.954992586021,0.944060876286,1.54433889119,1.24433889119,1.84433889119,1.0,0.889720635601,0.889720635601,0.240066715787,4,1,8,0,0.07
"Fig. 3(c,d)",2,2-QAM,raw_label_srm,0.2,0.25,0.5,0.16,0.502654824574,1.59712495781,0.354215388269,interface_0p2db,0.2,0.25,0.954992586021,0.944060876286,1.54433889119,1.24433889119,1.84433889119,1.0,0.889670615783,0.889670615783,0.240271857364,4,1,8,0,0.017
"Fig. 3(c,d)",2,2-QAM,raw_label_srm,0.2,0.25,0.5,0.165,0.518362787842,1.60061192072,0.354131578904,interface_0p2db,0.2,0.25,0.954992586021,0.944060876286,1.54433889119,1.24433889119,1.84433889119,1.0,0.889618502525,0.889618502525,0.240482216846,4,1,8,0,0.175
"Fig. 3(c,d)",2,2-QAM,raw_label_srm,0.2,0.25,0.5,0.17,0.53407075111,1.60422169169,0.354047284569,interface_0p2db,0.2,0.25,0.954992586021,0.944060876286,1.54433889119,1.24433889119,1.84433889119,1.0,0.889564269982,0.889564269982,0.240697608376,4,1,8,0,0.037
"Fig. 3(c,d)",2,2-QAM,raw_label_srm,0.2,0.25,0.5,0.175,0.549778714378,1.60795557595,0.353962599511,interface_0p2db,0.2,0.25,0.954992586021,0.944060876286,1.54433889119,1.24433889119,1.84433889119,1.0,0.889507892811,0.889507892811,0.240917834577,4,1,8,0,0.064
"Fig. 3(c,d)",2,2-QAM,raw_label_srm,0.2,0.25,0.5,0.18,0.565486677646,1.61181491728,0.353877618541,interface_0p2db,0.2,0.25,0.954992586021,0.944060876286,1.54433889119,1.24433889119,1.84433889119,1.0,0.889449346183,0.889449346183,0.241142686305,4,1,8,0,0.043
"Fig. 3(c,d)",2,2-QAM,raw_label_srm,0.2,0.25,0.5,0.185,0.581194640914,1.61581524135,0.353792437089,interface_0p2db,0.2,0.25,0.954992586021,0.944060876286,1.54433889119,1.24433889119,1.84433889119,1.0,0.889386902593,0.889386902593,0.241374936024,4,1,7,0,0.089
"Fig. 3(c,d)",2,2-QAM,raw_label_srm,0.2,0.25,0.5,0.19,0.596902604182,1.61991219083,0.353707151625,interface_0p2db,0.2,0.25,0.954992586021,0.944060876286,1.54433889119,1.24433889119,1.84433889119,1.0,0.889326050924,0.889326050924,0.241604663533,4,1,7,0,0.119
"Fig. 3(c,d)",2,2-QAM,raw_label_srm,0.2,0.25,0.5,0.195,0.61261056745,1.62415971919,0.353621859148,interface_0p2db,0.2,0.25,0.954992586021,0.944060876286,1.54433889119,1.24433889119,1.84433889119,1.0,0.889260448757,0.889260448757,0.241842722116,4,1,8,0,0.144
"Fig. 3(c,d)",2,2-QAM,raw_label_srm,0.2,0.25,0.5,0.2,0.628318530718,1.62853513104,0.353536657914,interface_0p2db,0.2,0.25,0.954992586021,0.944060876286,1.54433889119,1.24433889119,1.84433889119,1.0,0.889192985872,0.889192985872,0.242083741711,4,1,8,0,0.048
"Fig. 3(c,d)",2,2-QAM,raw_label_srm,0.2,0.25,0.5,0.205,0.644026493986,1.63304333213,0.353451647214,interface_0p2db,0.2,0.25,0.954992586021,0.944060876286,1.54433889119,1.24433889119,1.84433889119,1.0,0.889123236574,0.889123236574,0.242328157453,4,1,8,0,0.176
"Fig. 3(c,d)",2,2-QAM,raw_label_srm,0.2,0.25,0.5,0.21,0.659734457254,1.63768592015,0.353366927539,interface_0p2db,0.2,0.25,0.954992586021,0.944060876286,1.54433889119,1.24433889119,1.84433889119,1.0,0.889051178683,0.889051178683,0.242575685636,4,1,8,0,0.032
"Fig. 3(c,d)",2,2-QAM,raw_label_srm,0.2,0.25,0.5,0.215,0.675442420522,1.64246454007,0.353282600663,interface_0p2db,0.2,0.25,0.954992586021,0.944060876286,1.54433889119,1.24433889119,1.84433889119,1.0,0.888976790297,0.888976790297,0.242826029709,4,1,8,0,0.066
"Fig. 3(c,d)",2,2-QAM,raw_label_srm,0.2,0.25,0.5,0.22,0.69115038379,1.64738088587,0.353198769734,interface_0p2db,0.2,0.25,0.954992586021,0.944060876286,1.54433889119,1.24433889119,1.84433889119,1.0,0.888900049709,0.888900049709,0.243078880247,4,1,8,0,0.071
"Fig. 3(c,d)",2,2-QAM,raw_label_srm,0.2,0.25,0.5,0.225,0.706858347058,1.65243670248,0.353115539355,interface_0p2db,0.2,0.25,0.954992586021,0.944060876286,1.54433889119,1.24433889119,1.84433889119,1.0,0.888820935327,0.888820935327,0.24333391494,4,1,8,0,0.08
"Fig. 3(c,d)",2,2-QAM,raw_label_srm,0.2,0.25,0.5,0.23,0.722566310326,1.65763378789,0.353033015664,interface_0p2db,0.2,0.25,0.954992586021,0.944060876286,1.54433889119,1.24433889119,1.84433889119,1.0,0.888739425559,0.888739425559,0.243590798646,4,1,8,0,0.118
"Fig. 3(c,d)",2,2-QAM,raw_label_srm,0.2,0.25,0.5,0.235,0.738274273594,1.6629650427,0.352951306408,interface_0p2db,0.2,0.25,0.954992586021,0.944060876286,1.54433889119,1.24433889119,1.84433889119,1.0,0.888656556002,0.888656556002,0.243847403993,4,1,8,0,0.106
"Fig. 3(c,d)",2,2-QAM,raw_label_srm,0.2,0.25,0.5,0.24,0.753982236862,1.66845708681,0.352870521016,interface_0p2db,0.2,0.25,0.954992586021,0.944060876286,1.54433889119,1.24433889119,1.84433889119,1.0,0.888569386097,0.888569386097,0.244108284813,4,1,8,0,0.073
"Fig. 3(c,d)",2,2-QAM,raw_label_srm,0.2,0.25,0.5,0.245,0.769690200129,1.67409656148,0.352790770671,interface_0p2db,0.2,0.25,0.954992586021,0.944060876286,1.54433889119,1.24433889119,1.84433889119,1.0,0.888479708332,0.888479708332,0.244369996413,4,1,8,0,0.034
"Fig. 3(c,d)",2,2-QAM,raw_label_srm,0.2,0.25,0.5,0.25,0.785398163397,1.67988546192,0.352712168383,interface_0p2db,0.2,0.25,0.954992586021,0.944060876286,1.54433889119,1.24433889119,1.84433889119,1.0,0.888387504915,0.888387504915,0.244632143285,4,1,8,0,0.04
"Fig. 3(c,d)",2,2-QAM,raw_label_srm,0.2,0.25,0.5,0.255,0.801106126665,1.68582584431,0.352634829042,interface_0p2db,0.2,0.25,0.954992586021,0.944060876286,1.54433889119,1.24433889119,1.84433889119,1.0,0.888292757914,0.888292757914,0.244894317127,4,1,8,0,0.199
"Fig. 3(c,d)",2,2-QAM,raw_label_srm,0.2,0.25,0.5,0.26,0.816814089933,1.69191982905,0.352558869472,interface_0p2db,0.2,0.25,0.954992586021,0.944060876286,1.54433889119,1.24433889119,1.84433889119,1.0,0.88819544907,0.88819544907,0.245156097211,4,1,8,0,0.087
"Fig. 3(c,d)",2,2-QAM,raw_label_srm,0.2,0.25,0.5,0.265,0.832522053201,1.69815276244,0.352484408434,interface_0p2db,0.2,0.25,0.954992586021,0.944060876286,1.54433889119,1.24433889119,1.84433889119,1.0,0.888097520993,0.888097520993,0.245413859916,4,1,7,0,0.19
"Fig. 3(c,d)",2,2-QAM,raw_label_srm,0.2,0.25,0.5,0.27,0.848230016469,1.70457742841,0.352411566944,interface_0p2db,0.2,0.25,0.954992586021,0.944060876286,1.54433889119,1.24433889119,1.84433889119,1.0,0.887993069936,0.887993069936,0.245676733694,4,1,7,0,0.103
"Fig. 3(c,d)",2,2-QAM,raw_label_srm,0.2,0.25,0.5,0.275,0.863937979737,1.71114563607,0.352340467763,interface_0p2db,0.2,0.25,0.954992586021,0.944060876286,1.54433889119,1.24433889119,1.84433889119,1.0,0.887887959582,0.887887959582,0.245934690672,4,1,8,0,0.059
"Fig. 3(c,d)",2,2-QAM,raw_label_srm,0.2,0.25,0.5,0.28,0.879645943005,1.7178766399,0.35227123599,interface_0p2db,0.2,0.25,0.954992586021,0.944060876286,1.54433889119,1.24433889119,1.84433889119,1.0,0.887780206782,0.887780206782,0.246190456207,4,1,8,0,0.067
"Fig. 3(c,d)",2,2-QAM,raw_label_srm,0.2,0.25,0.5,0.285,0.895353906273,1.72477293585,0.352203998807,interface_0p2db,0.2,0.25,0.954992586021,0.944060876286,1.54433889119,1.24433889119,1.84433889119,1.0,0.887669788314,0.887669788314,0.246443555099,4,1,8,0,0.172
"Fig. 3(c,d)",2,2-QAM,raw_label_srm,0.2,0.25,0.5,0.29,0.911061869541,1.73188713298,0.352138885731,interface_0p2db,0.2,0.25,0.954992586021,0.944060876286,1.54433889119,1.24433889119,1.84433889119,1.0,0.887550927773,0.887550927773,0.246702553695,4,1,8,0,0.044
"Fig. 3(c,d)",2,2-QAM,raw_label_srm,0.2,0.25,0.5,0.295,0.926769832809,1.73912185541,0.352076028266,interface_0p2db,0.2,0.25,0.954992586021,0.944060876286,1.54433889119,1.24433889119,1.84433889119,1.0,0.887435116688,0.887435116688,0.246948769868,4,1,8,0,0.199
"Fig. 3(c,d)",2,2-QAM,raw_label_srm,0.2,0.25,0.5,0.3,0.942477796077,1.74653701751,0.352015560041,interface_0p2db,0.2,0.25,0.954992586021,0.944060876286,1.54433889119,1.24433889119,1.84433889119,1.0,0.887315745247,0.887315745247,0.247192104443,4,1,8,0,0.198
"Fig. 3(c,d)",4,4-QAM,raw_label_srm,0.2,0.25,0.5,-0.3,-0.942477796077,1.47570376105,0.353813809702,interface_0p2db,0.2,0.25,0.954992586021,0.944060876286,1.60875398183,1.30875398183,1.90875398183,1.0,0.78924486015,0.78924486015,0.137925754788,16,1,8,0,0.186
"Fig. 3(c,d)",4,4-QAM,raw_label_srm,0.2,0.25,0.5,-0.295,-0.926769832809,1.48063639041,0.357393481618,interface_0p2db,0.2,0.25,0.954992586021,0.944060876286,1.60875398183,1.30875398183,1.90875398183,1.0,0.787127245702,0.787127245702,0.148044202888,16,1,8,0,0.305
"Fig. 3(c,d)",4,4-QAM,raw_label_srm,0.2,0.25,0.5,-0.29,-0.911061869541,1.4857271698,0.361019743233,interface_0p2db,0.2,0.25,0.954992586021,0.944060876286,1.60875398183,1.30875398183,1.90875398183,1.0,0.784976201892,0.784976201892,0.158689560492,16,1,8,0,0.359
"Fig. 3(c,d)",4,4-QAM,raw_label_srm,0.2,0.25,0.5,-0.285,-0.895353906273,1.49096806274,0.364692023452,interface_0p2db,0.2,0.25,0.954992586021,0.944060876286,1.60875398183,1.30875398183,1.90875398183,1.0,0.782793790649,0.782793790649,0.169844853014,16,1,8,0,0.177
"Fig. 3(c,d)",4,4-QAM,raw_label_srm,0.2,0.25,0.5,-0.28,-0.879645943005,1.49632471327,0.368409489225,interface_0p2db,0.2,0.25,0.954992586021,0.944060876286,1.60875398183,1.30875398183,1.90875398183,1.0,0.780588698913,0.780588698913,0.181462960422,16,1,8,0,0.32
"Fig. 3(c,d)",4,4-QAM,raw_label_srm,0.2,0.25,0.5,-0.275,-0.863937979737,1.50182116321,0.372170990293,interface_0p2db,0.2,0.25,0.954992586021,0.944060876286,1.60875398183,1.30875398183,1.90875398183,1.0,0.778355025127,0.778355025127,0.193554193413,16,1,8,0,0.31
"Fig. 3(c,d)",4,4-QAM,raw_label_srm,0.2,0.25,0.5,-0.27,-0.848230016469,1.50742810504,0.375974999291,interface_0p2db,0.2,0.25,0.954992586021,0.944060876286,1.60875398183,1.30875398183,1.90875398183,1.0,0.776100236699,0.776100236699,0.204370414036,16,1,8,0,0.392
"Fig. 3(c,d)",4,4-QAM,raw_label_srm,0.2,0.25,0.5,-0.265,-0.832522053201,1.51312484973,0.379819549827,interface_0p2db,0.2,0.25,0.954992586021,0.944060876286,1.60875398183,1.30875398183,1.90875398183,1.0,0.773829696209,0.773829696209,0.214432178009,16,1,8,0,0.093
"Fig. 3(c,d)",4,4-QAM,raw_label_srm,0.2,0.25,0.5,-0.26,-0.816814089933,1.51888682753,0.383702175511,interface_0p2db,0.2,0.25,0.954992586021,0.944060876286,1.60875398183,1.30875398183,1.90875398183,1.0,0.771549793684,0.771549793684,0.224437380274,16,1,8,0,0.288
"Fig. 3(c,d)",4,4-QAM,raw_label_srm,0.2,0.25,0.5,-0.255,-0.801106126665,1.52468561498,0.387619854098,interface_0p2db,0.2,0.25,0.954992586021,0.944060876286,1.60875398183,1.30875398183,1.90875398183,1.0,0.769267948576,0.769267948576,0.234367625426,16,1,8,0,0.244
"Fig. 3(c,d)",4,4-QAM,raw_label_srm,0.2,0.25,0.5,-0.25,-0.785398163397,1.53048919813,0.391568961595,interface_0p2db,0.2,0.25,0.954992586021,0.944060876286,1.60875398183,1.30875398183,1.90875398183,1.0,0.766992551241,0.766992551241,0.244203328605,16,1,8,0,0.086
"Fig. 3(c,d)",4,4-QAM,raw_label_srm,0.2,0.25,0.5,-0.245,-0.769690200129,1.53626251055,0.39554524162,interface_0p2db,0.2,0.25,0.954992586021,0.944060876286,1.60875398183,1.30875398183,1.90875398183,1.0,0.764732833269,0.764732833269,0.253924064898,16,1,7,0,0.347
"Fig. 3(c,d)",4,4-QAM,raw_label_srm,0.2,0.25,0.5,-0.24,-0.753982236862,1.54194641663,0.399543794981,interface_0p2db,0.2,0.25,0.954992586021,0.944060876286,1.60875398183,1.30875398183,1.90875398183,1.0,0.762504290698,0.762504290698,0.263505863185,16,1,7,0,0.388
"Fig. 3(c,d)",4,4-QAM,raw_label_srm,0.2,0.25,0.5,-0.235,-0.738274273594,1.54756801895,0.403559094893,interface_0p2db,0.2,0.25,0.954992586021,0.944060876286,1.60875398183,1.30875398183,1.90875398183,1.0,0.7603002657,0.7603002657,0.27293764003,16,1,8,0,0.376
"Fig. 3(c,d)",4,4-QAM,raw_label_srm,0.2,0.25,0.5,-0.23,-0.722566310326,1.55302352647,0.407585026925,interface_0p2db,0.2,0.25,0.954992586021,0.944060876286,1.60875398183,1.30875398183,1.90875398183,1.0,0.758147899069,0.758147899069,0.282190074211,16,1,8,0,0.384
"Fig. 3(c,d)",4,4-QAM,raw_label_srm,0.2,0.25,0.5,-0.225,-0.706858347058,1.55829808381,0.411614959745,interface_0p2db,0.2,0.25,0.954992586021,0.944060876286,1.60875398183,1.30875398183,1.90875398183,1.0,0.756051483641,0.756051483641,0.291247964195,16,1,8,0,0.257
"Fig. 3(c,d)",4,4-QAM,raw_label_srm,0.2,0.25,0.5,-0.22,-0.69115038379,1.56336142938,0.415641838308,interface_0p2db,0.2,0.25,0.954992586021,0.944060876286,1.60875398183,1.30875398183,1.90875398183,1.0,0.754019335827,0.754019335827,0.300095402392,16,1,8,0,0.343
"Fig. 3(c,d)",4,4-QAM,raw_label_srm,0.2,0.25,0.5,-0.215,-0.675442420522,1.56817801649,0.41965829801,interface_0p2db,0.2,0.25,0.954992586021,0.944060876286,1.60875398183,1.30875398183,1.90875398183,1.0,0.752061211367,0.752061211367,0.308717557958,16,1,8,0,0.346
"Fig. 3(c,d)",4,4-QAM,raw_label_srm,0.2,0.25,0.5,-0.21,-0.659734457254,1.57272570794,0.423656791011,interface_0p2db,0.2,0.25,0.954992586021,0.944060876286,1.60875398183,1.30875398183,1.90875398183,1.0,0.750183434188,0.750183434188,0.317103485397,16,1,8,0,0.314
"Fig. 3(c,d)",4,4-QAM,raw_label_srm,0.2,0.25,0.5,-0.205,-0.644026493986,1.5769858213,0.427629717024,interface_0p2db,0.2,0.25,0.954992586021,0.944060876286,1.60875398183,1.30875398183,1.90875398183,1.0,0.748391469776,0.748391469776,0.325244730851,16,1,8,0,0.375
"Fig. 3(c,d)",4,4-QAM,raw_label_srm,0.2,0.25,0.5,-0.2,-0.628318530718,1.58094576238,0.431569549896,interface_0p2db,0.2,0.25,0.954992586021,0.944060876286,1.60875398183,1.30875398183,1.90875398183,1.0,0.746689225559,0.746689225559,0.333135619878,16,1,8,0,0.352
"Fig. 3(c,d)",4,4-QAM,raw_label_srm,0.2,0.25,0.5,-0.195,-0.61261056745,1.58459892142,0.435468952871,interface_0p2db,0.2,0.25,0.954992586021,0.944060876286,1.60875398183,1.30875398183,1.90875398183,1.0,0.745079061883,0.745079061883,0.340773063479,16,1,8,0,0.373
"Fig. 3(c,d)",4,4-QAM,raw_label_srm,0.2,0.25,0.5,-0.19,-0.596902604182,1.58794426659,0.439320877065,interface_0p2db,0.2,0.25,0.954992586021,0.944060876286,1.60875398183,1.30875398183,1.90875398183,1.0,0.74356188228,0.74356188228,0.348156259906,16,1,8,0,0.384
"Fig. 3(c,d)",4,4-QAM,raw_label_srm,0.2,0.25,0.5,-0.185,-0.581194640914,1.5909857151,0.443118639982,interface_0p2db,0.2,0.25,0.954992586021,0.944060876286,1.60875398183,1.30875398183,1.90875398183,1.0,0.742137283209,0.742137283209,0.35241040725,16,1,8,0,0.258
"Fig. 3(c,d)",4,4-QAM,raw_label_srm,0.2,0.25,0.5,-0.18,-0.565486677646,1.59373136881,0.446855982955,interface_0p2db,0.2,0.25,0.954992586021,0.944060876286,1.60875398183,1.30875398183,1.90875398183,1.0,0.740803741261,0.740803741261,0.354413794568,16,1,8,0,0.283
"Fig. 3(c,d)",4,4-QAM,raw_label_srm,0.2,0.25,0.5,-0.175,-0.549778714378,1.59619269588,0.450527108262,interface_0p2db,0.2,0.25,0.954992586021,0.944060876286,1.60875398183,1.30875398183,1.90875398183,1.0,0.739558817098,0.739558817098,0.356450347325,16,1,8,0,0.371
"Fig. 3(c,d)",4,4-QAM,raw_label_srm,0.2,0.25,0.5,-0.17,-0.53407075111,1.59838372407,0.454126697925,interface_0p2db,0.2,0.25,0.954992586021,0.944060876286,1.60875398183,1.30875398183,1.90875398183,1.0,0.738399358988,0.738399358988,0.35851612189,16,1,8,0,0.298
"Fig. 3(c,d)",4,4-QAM,raw_label_srm,0.2,0.25,0.5,-0.165,-0.518362787842,1.60032029398,0.45764991698,interface_0p2db,0.2,0.25,0.954992586021,0.944060876286,1.60875398183,1.30875398183,1.90875398183,1.0,0.737321693329,0.737321693329,0.360606022006,16,1,8,0,0.448
"Fig. 3(c,d)",4,4-QAM,raw_label_srm,0.2,0.25,0.5,-0.16,-0.502654824574,1.60201940094,0.461092404295,interface_0p2db,0.2,0.25,0.954992586021,0.944060876286,1.60875398183,1.30875398183,1.90875398183,1.0,0.73632179429,0.73632179429,0.362714084633,16,1,8,0,0.405
"Fig. 3(c,d)",4,4-QAM,raw_label_srm,0.2,0.25,0.5,-0.155,-0.486946861306,1.60349863992,0.464450253977,interface_0p2db,0.2,0.25,0.954992586021,0.944060876286,1.60875398183,1.30875398183,1.90875398183,1.0,0.735395428457,0.735395428457,0.364833739355,16,1,8,0,0.419
"Fig. 3(c,d)",4,4-QAM,raw_label_srm,0.2,0.25,0.5,-0.15,-0.471238898038,1.60477575461,0.467719990131,interface_0p2db,0.2,0.25,0.954992586021,0.944060876286,1.60875398183,1.30875398183,1.90875398183,1.0,0.734538273804,0.734538273804,0.366958034347,16,1,8,0,0.391
"Fig. 3(c,d)",4,4-QAM,raw_label_srm,0.2,0.25,0.5,-0.145,-0.455530934771,1.60586820178,0.470898537306,interface_0p2db,0.2,0.25,0.954992586021,0.944060876286,1.60875398183,1.30875398183,1.90875398183,1.0,0.733746036362,0.733746036362,0.369079839102,16,1,9,0,0.075
"Fig. 3(c,d)",4,4-QAM,raw_label_srm,0.2,0.25,0.5,-0.14,-0.439822971503,1.60679315701,0.473983188567,interface_0p2db,0.2,0.25,0.954992586021,0.944060876286,1.60875398183,1.30875398183,1.90875398183,1.0,0.73301444998,0.73301444998,0.371191957658,16,1,9,0,0.639
"Fig. 3(c,d)",4,4-QAM,raw_label_srm,0.2,0.25,0.5,-0.135,-0.424115008235,1.60756702564,0.476971572671,interface_0p2db,0.2,0.25,0.954992586021,0.944060876286,1.60875398183,1.30875398183,1.90875398183,1.0,0.732339409567,0.732339409567,0.373287297223,16,1,9,0,0.335
"Fig. 3(c,d)",4,4-QAM,raw_label_srm,0.2,0.25,0.5,-0.13,-0.408407044967,1.60820542248,0.479861621457,interface_0p2db,0.2,0.25,0.954992586021,0.944060876286,1.60875398183,1.30875398183,1.90875398183,1.0,0.731716979537,0.731716979537,0.37535894517,16,1,9,0,0.098
"Fig. 3(c,d)",4,4-QAM,raw_label_srm,0.2,0.25,0.5,-0.125,-0.392699081699,1.6087121414,0.482651538208,interface_0p2db,0.2,0.25,0.954992586021,0.944060876286,1.60875398183,1.30875398183,1.90875398183,1.0,0.731146368828,0.731146368828,0.377401848655,16,1,9,0,0.477
"Fig. 3(c,d)",4,4-QAM,raw_label_srm,0.2,0.25,0.5,-0.12,-0.376991118431,1.6091226736,0.485339767639,interface_0p2db,0.2,0.25,0.954992586021,0.944060876286,1.60875398183,1.30875398183,1.90875398183,1.0,0.730618212947,0.730618212947,0.379406441158,16,1,9,0,0.301
"Fig. 3(c,d)",4,4-QAM,raw_label_srm,0.2,0.25,0.5,-0.115,-0.361283155163,1.60943924823,0.487924967532,interface_0p2db,0.2,0.25,0.954992586021,0.944060876286,1.60875398183,1.30875398183,1.90875398183,1.0,0.730132069184,0.730132069184,0.381368277389,16,1,8,0,0.401
"Fig. 3(c,d)",4,4-QAM,raw_label_srm,0.2,0.25,0.5,-0.11,-0.345575191895,1.60967390691,0.490405982554,interface_0p2db,0.2,0.25,0.954992586021,0.944060876286,1.60875398183,1.30875398183,1.90875398183,1.0,0.729684824671,0.729684824671,0.383281669055,16,1,8,0,0.355
"Fig. 3(c,d)",4,4-QAM,raw_label_srm,0.2,0.25,0.5,-0.105,-0.329867228627,1.60983764483,0.492781820028,interface_0p2db,0.2,0.25,0.954992586021,0.944060876286,1.60875398183,1.30875398183,1.90875398183,1.0,0.729273622286,0.729273622286,0.385141310126,16,1,8,0,0.256
"Fig. 3(c,d)",4,4-QAM,raw_label_srm,0.2,0.25,0.5,-0.1,-0.314159265359,1.60994071873,0.495051627637,interface_0p2db,0.2,0.25,0.954992586021,0.944060876286,1.60875398183,1.30875398183,1.90875398183,1.0,0.728895780758,0.728895780758,0.386942238866,16,1,8,0,0.614
"Fig. 3(c,d)",4,4-QAM,raw_label_srm,0.2,0.25,0.5,-0.095,-0.298451302091,1.60999273434,0.497214672008,interface_0p2db,0.2,0.25,0.954992586021,0.944060876286,1.60875398183,1.30875398183,1.90875398183,1.0,0.72854877388,0.72854877388,0.388679827663,16,1,8,0,0.337
"Fig. 3(c,d)",4,4-QAM,raw_label_srm,0.2,0.25,0.5,-0.09,-0.282743338823,1.61000149334,0.499270324649,interface_0p2db,0.2,0.25,0.954992586021,0.944060876286,1.60875398183,1.30875398183,1.90875398183,1.0,0.728230545752,0.728230545752,0.390349938697,16,1,8,0,0.466
"Fig. 3(c,d)",4,4-QAM,raw_label_srm,0.2,0.25,0.5,-0.085,-0.267035375555,1.60997494641,0.501218047269,interface_0p2db,0.2,0.25,0.954992586021,0.944060876286,1.60875398183,1.30875398183,1.90875398183,1.0,0.727938984575,0.727938984575,0.391948647297,16,1,8,0,0.267
"Fig. 3(c,d)",4,4-QAM,raw_label_srm,0.2,0.25,0.5,-0.08,-0.251327412287,1.60992026155,0.503057370946,interface_0p2db,0.2,0.25,0.954992586021,0.944060876286,1.60875398183,1.30875398183,1.90875398183,1.0,0.727672177067,0.727672177067,0.393472364897,16,1,8,0,0.348
"Fig. 3(c,d)",4,4-QAM,raw_label_srm,0.2,0.25,0.5,-0.075,-0.235619449019,1.60984386487,0.504787884291,interface_0p2db,0.2,0.25,0.954992586021,0.944060876286,1.60875398183,1.30875398183,1.90875398183,1.0,0.727428399637,0.727428399637,0.394917823766,16,1,8,0,0.251
"Fig. 3(c,d)",4,4-QAM,raw_label_srm,0.2,0.25,0.5,-0.07,-0.219911485751,1.609751522,0.506409221794,interface_0p2db,0.2,0.25,0.954992586021,0.944060876286,1.60875398183,1.30875398183,1.90875398183,1.0,0.727206098246,0.727206098246,0.396282055591,16,1,8,0,0.557
"Fig. 3(c,d)",4,4-QAM,raw_label_srm,0.2,0.25,0.5,-0.065,-0.204203522483,1.60964838183,0.507921053201,interface_0p2db,0.2,0.25,0.954992586021,0.944060876286,1.60875398183,1.30875398183,1.90875398183,1.0,0.727003878327,0.727003878327,0.397562374923,16,1,8,0,0.8
"Fig. 3(c,d)",4,4-QAM,raw_label_srm,0.2,0.25,0.5,-0.06,-0.188495559215,1.60953901249,0.509323073939,interface_0p2db,0.2,0.25,0.954992586021,0.944060876286,1.60875398183,1.30875398183,1.90875398183,1.0,0.726820496521,0.726820496521,0.398756363562,16,1,8,0,0.186
"Fig. 3(c,d)",4,4-QAM,raw_label_srm,0.2,0.25,0.5,-0.055,-0.172787595947,1.60942743284,0.51061499647,interface_0p2db,0.2,0.25,0.954992586021,0.944060876286,1.60875398183,1.30875398183,1.90875398183,1.0,0.726654853532,0.726654853532,0.399861855767,16,1,8,0,0.331
"Fig. 3(c,d)",4,4-QAM,raw_label_srm,0.2,0.25,0.5,-0.05,-0.157079632679,1.60931713889,0.511796542439,interface_0p2db,0.2,0.25,0.954992586021,0.944060876286,1.60875398183,1.30875398183,1.90875398183,1.0,0.726505988131,0.726505988131,0.400876924468,16,1,8,0,0.167
"Fig. 3(c,d)",4,4-QAM,raw_label_srm,0.2,0.25,0.5,-0.045,-0.141371669412,1.60921116505,0.512867435449,interface_0p2db,0.2,0.25,0.954992586021,0.944060876286,1.60875398183,1.30875398183,1.90875398183,1.0,0.726373061558,0.726373061558,0.401799863607,16,1,9,0,0.129
"Fig. 3(c,d)",4,4-QAM,raw_label_srm,0.2,0.25,0.5,-0.04,-0.125663706144,1.60911201654,0.513827394242,interface_0p2db,0.2,0.25,0.954992586021,0.944060876286,1.60875398183,1.30875398183,1.90875398183,1.0,0.726255376823,0.726255376823,0.402629187618,16,1,9,0,0.081
"Fig. 3(c,d)",4,4-QAM,raw_label_srm,0.2,0.25,0.5,-0.035,-0.109955742876,1.60902176269,0.514676125996,interface_0p2db,0.2,0.25,0.954992586021,0.944060876286,1.60875398183,1.30875398183,1.90875398183,1.0,0.726152354125,0.726152354125,0.403363611024,16,1,9,0,0.429
"Fig. 3(c,d)",4,4-QAM,raw_label_srm,0.2,0.25,0.5,-0.03,-0.0942477796077,1.60894204908,0.515413319295,interface_0p2db,0.2,0.25,0.954992586021,0.944060876286,1.60875398183,1.30875398183,1.90875398183,1.0,0.726063528199,0.726063528199,0.40400203935,16,1,9,0,0.411
"Fig. 3(c,d)",4,4-QAM,raw_label_srm,0.2,0.25,0.5,-0.025,-0.0785398163397,1.60887409969,0.516038636061,interface_0p2db,0.2,0.25,0.954992586021,0.944060876286,1.60875398183,1.30875398183,1.90875398183,1.0,0.725988548286,0.725988548286,0.404543562157,16,1,9,0,0.519
"Fig. 3(c,d)",4,4-QAM,raw_label_srm,0.2,0.25,0.5,-0.02,-0.0628318530718,1.6088187224,0.516551701171,interface_0p2db,0.2,0.25,0.954992586021,0.944060876286,1.60875398183,1.30875398183,1.90875398183,1.0,0.725927177104,0.725927177104,0.404987446558,16,1,9,0,0.543
"Fig. 3(c,d)",4,4-QAM,raw_label_srm,0.2,0.25,0.5,-0.015,-0.0471238898038,1.60877630835,0.516952086934,interface_0p2db,0.2,0.25,0.954992586021,0.944060876286,1.60875398183,1.30875398183,1.90875398183,1.0,0.725879291369,0.725879291369,0.405333132463,16,1,9,0,0.078
"Fig. 3(c,d)",4,4-QAM,raw_label_srm,0.2,0.25,0.5,-0.01,-0.0314159265359,1.60875398183,0.517239284922,interface_0p2db,0.2,0.25,0.954992586021,0.944060876286,1.60875398183,1.30875398183,1.90875398183,1.0,0.7258429333,0.7258429333,0.405579336187,16,1,9,0,0.271
"Fig. 3(c,d)",4,4-QAM,raw_label_srm,0.2,0.25,0.5,-0.005,-0.0157079632679,1.60872988944,0.517412637251,interface_0p2db,0.2,0.25,0.954992586021,0.944060876286,1.60875398183,1.30875398183,1.90875398183,1.0,0.725824044169,0.725824044169,0.405728505607,16,1,9,0,0.276
"Fig. 3(c,d)",4,4-QAM,raw_label_srm,0.2,0.25,0.5,0.0,0.0,1.60872463855,0.517471036451,interface_0p2db,0.2,0.25,0.954992586021,0.944060876286,1.60875398183,1.30875398183,1.90875398183,1.0,0.725816993075,0.725816993075,0.405777900407,16,1,9,0,0.319
"Fig. 3(c,d)",4,4-QAM,raw_label_srm,0.2,0.25,0.5,0.005,0.0157079632679,1.60872988945,0.517412637251,interface_0p2db,0.2,0.25,0.954992586021,0.944060876286,1.60875398183,1.30875398183,1.90875398183,1.0,0.725824039929,0.725824039929,0.405728505606,16,1,9,0,0.402
"Fig. 3(c,d)",4,4-QAM,raw_label_srm,0.2,0.25,0.5,0.01,0.0314159265359,1.60875398183,0.517239284922,interface_0p2db,0.2,0.25,0.954992586021,0.944060876286,1.60875398183,1.30875398183,1.90875398183,1.0,0.725842899385,0.725842899385,0.405579336187,16,1,9,0,0.637
"Fig. 3(c,d)",4,4-QAM,raw_label_srm,0.2,0.25,0.5,0.015,0.0471238898038,1.60877630832,0.516952086934,interface_0p2db,0.2,0.25,0.954992586021,0.944060876286,1.60875398183,1.30875398183,1.90875398183,1.0,0.725879176922,0.725879176922,0.405333132468,16,1,9,0,0.351
"Fig. 3(c,d)",4,4-QAM,raw_label_srm,0.2,0.25,0.5,0.02,0.0628318530718,1.60881872239,0.516551701171,interface_0p2db,0.2,0.25,0.954992586021,0.944060876286,1.60875398183,1.30875398183,1.90875398183,1.0,0.725926905818,0.725926905818,0.404987446559,16,1,9,0,0.285
"Fig. 3(c,d)",4,4-QAM,raw_label_srm,0.2,0.25,0.5,0.025,0.0785398163397,1.60887409969,0.516038636061,interface_0p2db,0.2,0.25,0.954992586021,0.944060876286,1.60875398183,1.30875398183,1.90875398183,1.0,0.725988018471,0.725988018471,0.404543562158,16,1,9,0,0.45
"Fig. 3(c,d)",4,4-QAM,raw_label_srm,0.2,0.25,0.5,0.03,0.0942477796077,1.60894204903,0.515413319295,interface_0p2db,0.2,0.25,0.954992586021,0.944060876286,1.60875398183,1.30875398183,1.90875398183,1.0,0.726062612773,0.726062612773,0.404002039357,16,1,9,0,0.463
"Fig. 3(c,d)",4,4-QAM,raw_label_srm,0.2,0.25,0.5,0.035,0.109955742876,1.60902176271,0.514676125996,interface_0p2db,0.2,0.25,0.954992586021,0.944060876286,1.60875398183,1.30875398183,1.90875398183,1.0,0.726150900585,0.726150900585,0.403363611022,16,1,9,0,0.295
"Fig. 3(c,d)",4,4-QAM,raw_label_srm,0.2,0.25,0.5,0.04,0.125663706144,1.60911201656,0.513827394242,interface_0p2db,0.2,0.25,0.954992586021,0.944060876286,1.60875398183,1.30875398183,1.90875398183,1.0,0.726253207363,0.726253207363,0.402629187616,16,1,9,0,0.802
"Fig. 3(c,d)",4,4-QAM,raw_label_srm,0.2,0.25,0.5,0.045,0.141371669412,1.60921116504,0.512867435449,interface_0p2db,0.2,0.25,0.954992586021,0.944060876286,1.60875398183,1.30875398183,1.90875398183,1.0,0.726369973026,0.726369973026,0.401799863608,16,1,9,0,0.363
"Fig. 3(c,d)",4,4-QAM,raw_label_srm,0.2,0.25,0.5,0.05,0.157079632679,1.60931713895,0.511796542439,interface_0p2db,0.2,0.25,0.954992586021,0.944060876286,1.60875398183,1.30875398183,1.90875398183,1.0,0.726501752043,0.726501752043,0.400876924461,16,1,8,0,0.154
"Fig. 3(c,d)",4,4-QAM,raw_label_srm,0.2,0.25,0.5,0.055,0.172787595947,1.60942743282,0.51061499647,interface_0p2db,0.2,0.25,0.954992586021,0.944060876286,1.60875398183,1.30875398183,1.90875398183,1.0,0.726649216192,0.726649216192,0.39986185577,16,1,8,0,0.187
"Fig. 3(c,d)",4,4-QAM,raw_label_srm,0.2,0.25,0.5,0.06,0.188495559215,1.60953901247,0.509323073939,interface_0p2db,0.2,0.25,0.954992586021,0.944060876286,1.60875398183,1.30875398183,1.90875398183,1.0,0.726813178947,0.726813178947,0.398756363565,16,1,8,0,0.782
"Fig. 3(c,d)",4,4-QAM,raw_label_srm,0.2,0.25,0.5,0.065,0.204203522483,1.60964838181,0.507921053201,interface_0p2db,0.2,0.25,0.954992586021,0.944060876286,1.60875398183,1.30875398183,1.90875398183,1.0,0.726994576377,0.726994576377,0.397562374925,16,1,8,0,0.482
"Fig. 3(c,d)",4,4-QAM,raw_label_srm,0.2,0.25,0.5,0.07,0.219911485751,1.60975152203,0.506409221794,interface_0p2db,0.2,0.25,0.954992586021,0.944060876286,1.60875398183,1.30875398183,1.90875398183,1.0,0.727194482642,0.727194482642,0.396282055588,16,1,8,0,0.618
"Fig. 3(c,d)",4,4-QAM,raw_label_srm,0.2,0.25,0.5,0.075,0.235619449019,1.60984386488,0.504787884291,interface_0p2db,0.2,0.25,0.954992586021,0.944060876286,1.60875398183,1.30875398183,1.90875398183,1.0,0.727414116075,0.727414116075,0.394917823763,16,1,8,0,0.21
"Fig. 3(c,d)",4,4-QAM,raw_label_srm,0.2,0.25,0.5,0.08,0.251327412287,1.60992026152,0.503057370946,interface_0p2db,0.2,0.25,0.954992586021,0.944060876286,1.60875398183,1.30875398183,1.90875398183,1.0,0.72765484628,0.72765484628,0.393472364902,16,1,8,0,0.243
"Fig. 3(c,d)",4,4-QAM,raw_label_srm,0.2,0.25,0.5,0.085,0.267035375555,1.6099749464,0.501218047269,interface_0p2db,0.2,0.25,0.954992586021,0.944060876286,1.60875398183,1.30875398183,1.90875398183,1.0,0.727918202406,0.727918202406,0.391948647298,16,1,8,0,0.236
"Fig. 3(c,d)",4,4-QAM,raw_label_srm,0.2,0.25,0.5,0.09,0.282743338823,1.61000149336,0.499270324649,interface_0p2db,0.2,0.25,0.954992586021,0.944060876286,1.60875398183,1.30875398183,1.90875398183,1.0,0.72820588335,0.72820588335,0.390349938695,16,1,8,0,0.363
"Fig. 3(c,d)",4,4-QAM,raw_label_srm,0.2,0.25,0.5,0.095,0.298451302091,1.60999273437,0.497214672008,interface_0p2db,0.2,0.25,0.954992586021,0.944060876286,1.60875398183,1.30875398183,1.90875398183,1.0,0.728519777852,0.728519777852,0.388679827659,16,1,8,0,0.16
"Fig. 3(c,d)",4,4-QAM,raw_label_srm,0.2,0.25,0.5,0.1,0.314159265359,1.60994071875,0.495051627637,interface_0p2db,0.2,0.25,0.954992586021,0.944060876286,1.60875398183,1.30875398183,1.90875398183,1.0,0.728861973377,0.728861973377,0.386942238863,16,1,8,0,0.19
"Fig. 3(c,d)",4,4-QAM,raw_label_srm,0.2,0.25,0.5,0.105,0.329867228627,1.60983764484,0.492781820028,interface_0p2db,0.2,0.25,0.954992586021,0.944060876286,1.60875398183,1.30875398183,1.90875398183,1.0,0.729234501692,0.729234501692,0.385141310125,16,1,8,0,0.159
"Fig. 3(c,d)",4,4-QAM,raw_label_srm,0.2,0.25,0.5,0.11,0.345575191895,1.60967390691,0.490405982554,interface_0p2db,0.2,0.25,0.954992586021,0.944060876286,1.60875398183,1.30875398183,1.90875398183,1.0,0.729639865236,0.729639865236,0.383281669054,16,1,8,0,0.149
"Fig. 3(c,d)",4,4-QAM,raw_label_srm,0.2,0.25,0.5,0.115,0.361283155163,1.60943924822,0.487924967532,interface_0p2db,0.2,0.25,0.954992586021,0.944060876286,1.60875398183,1.30875398183,1.90875398183,1.0,0.730080721899,0.730080721899,0.381368277391,16,1,8,0,0.208
"Fig. 3(c,d)",4,4-QAM,raw_label_srm,0.2,0.25,0.5,0.12,0.376991118431,1.60912267355,0.485339767639,interface_0p2db,0.2,0.25,0.954992586021,0.944060876286,1.60875398183,1.30875398183,1.90875398183,1.0,0.73055990589,0.73055990589,0.379406441164,16,1,9,0,0.474
"Fig. 3(c,d)",4,4-QAM,raw_label_srm,0.2,0.25,0.5,0.125,0.392699081699,1.60871214145,0.482651538208,interface_0p2db,0.2,0.25,0.954992586021,0.944060876286,1.60875398183,1.30875398183,1.90875398183,1.0,0.731080507734,0.731080507734,0.377401848648,16,1,9,0,0.25
"Fig. 3(c,d)",4,4-QAM,raw_label_srm,0.2,0.25,0.5,0.13,0.408407044967,1.60820542247,0.479861621457,interface_0p2db,0.2,0.25,0.954992586021,0.944060876286,1.60875398183,1.30875398183,1.90875398183,1.0,0.731642947457,0.731642947457,0.375358945172,16,1,9,0,0.399
"Fig. 3(c,d)",4,4-QAM,raw_label_srm,0.2,0.25,0.5,0.135,0.424115008235,1.6075670256,0.476971572671,interface_0p2db,0.2,0.25,0.954992586021,0.944060876286,1.60875398183,1.30875398183,1.90875398183,1.0,0.732256571087,0.732256571087,0.373287297229,16,1,9,0,0.246
"Fig. 3(c,d)",4,4-QAM,raw_label_srm,0.2,0.25,0.5,0.14,0.439822971503,1.60679315702,0.473983188567,interface_0p2db,0.2,0.25,0.954992586021,0.944060876286,1.60875398183,1.30875398183,1.90875398183,1.0,0.732922149026,0.732922149026,0.371191957657,16,1,9,0,0.438
"Fig. 3(c,d)",4,4-QAM,raw_label_srm,0.2,0.25,0.5,0.145,0.455530934771,1.60586820178,0.470898537306,interface_0p2db,0.2,0.25,0.954992586021,0.944060876286,1.60875398183,1.30875398183,1.90875398183,1.0,0.73364359868,0.73364359868,0.369079839103,16,1,9,0,0.179
"Fig. 3(c,d)",4,4-QAM,raw_label_srm,0.2,0.25,0.5,0.15,0.471238898038,1.60477575466,0.467719990131,interface_0p2db,0.2,0.25,0.954992586021,0.944060876286,1.60875398183,1.30875398183,1.90875398183,1.0,0.734425008542,0.734425008542,0.366958034339,16,1,8,0,0.355
"Fig. 3(c,d)",4,4-QAM,raw_label_srm,0.2,0.25,0.5,0.155,0.486946861306,1.60349863995,0.464450253977,interface_0p2db,0.2,0.25,0.954992586021,0.944060876286,1.60875398183,1.30875398183,1.90875398183,1.0,0.73527063026,0.73527063026,0.364833739351,16,1,8,0,0.48
"Fig. 3(c,d)",4,4-QAM,raw_label_srm,0.2,0.25,0.5,0.16,0.502654824574,1.60201940096,0.461092404294,interface_0p2db,0.2,0.25,0.954992586021,0.944060876286,1.60875398183,1.30875398183,1.90875398183,1.0,0.736184745613,0.736184745613,0.36271408463,16,1,8,0,0.367
"Fig. 3(c,d)",4,4-QAM,raw_label_srm,0.2,0.25,0.5,0.165,0.518362787842,1.60032029399,0.45764991698,interface_0p2db,0.2,0.25,0.954992586021,0.944060876286,1.60875398183,1.30875398183,1.90875398183,1.0,0.737171667354,0.737171667354,0.360606022006,16,1,8,0,0.154
"Fig. 3(c,d)",4,4-QAM,raw_label_srm,0.2,0.25,0.5,0.17,0.53407075111,1.59838372407,0.454126697925,interface_0p2db,0.2,0.25,0.954992586021,0.944060876286,1.60875398183,1.30875398183,1.90875398183,1.0,0.738235623006,0.738235623006,0.35851612189,16,1,8,0,0.263
"Fig. 3(c,d)",4,4-QAM,raw_label_srm,0.2,0.25,0.5,0.175,0.549778714378,1.59619269587,0.450527108262,interface_0p2db,0.2,0.25,0.954992586021,0.944060876286,1.60875398183,1.30875398183,1.90875398183,1.0,0.739380636488,0.739380636488,0.356450347327,16,1,8,0,0.289
"Fig. 3(c,d)",4,4-QAM,raw_label_srm,0.2,0.25,0.5,0.18,0.565486677646,1.59373136881,0.446855982955,interface_0p2db,0.2,0.25,0.954992586021,0.944060876286,1.60875398183,1.30875398183,1.90875398183,1.0,0.74061038401,0.74061038401,0.354413794568,16,1,8,0,0.356
"Fig. 3(c,d)",4,4-QAM,raw_label_srm,0.2,0.25,0.5,0.185,0.581194640914,1.59098571509,0.443118639982,interface_0p2db,0.2,0.25,0.954992586021,0.944060876286,1.60875398183,1.30875398183,1.90875398183,1.0,0.741928025056,0.741928025056,0.352410407251,16,1,8,0,0.63
"Fig. 3(c,d)",4,4-QAM,raw_label_srm,0.2,0.25,0.5,0.19,0.596902604182,1.58794426659,0.439320877065,interface_0p2db,0.2,0.25,0.954992586021,0.944060876286,1.60875398183,1.30875398183,1.90875398183,1.0,0.743336012341,0.743336012341,0.348156259906,16,1,8,0,0.412
"Fig. 3(c,d)",4,4-QAM,raw_label_srm,0.2,0.25,0.5,0.195,0.61261056745,1.58459892141,0.435468952871,interface_0p2db,0.2,0.25,0.954992586021,0.944060876286,1.60875398183,1.30875398183,1.90875398183,1.0,0.744835888708,0.744835888708,0.340773063478,16,1,8,0,0.407
"Fig. 3(c,d)",4,4-QAM,raw_label_srm,0.2,0.25,0.5,0.2,0.628318530718,1.58094576238,0.431569549896,interface_0p2db,0.2,0.25,0.954992586021,0.944060876286,1.60875398183,1.30875398183,1.90875398183,1.0,0.746428083398,0.746428083398,0.333135619878,16,1,8,0,0.134
"Fig. 3(c,d)",4,4-QAM,raw_label_srm,0.2,0.25,0.5,0.205,0.644026493986,1.5769858213,0.427629717024,interface_0p2db,0.2,0.25,0.954992586021,0.944060876286,1.60875398183,1.30875398183,1.90875398183,1.0,0.748111724829,0.748111724829,0.325244730851,16,1,8,0,0.497
"Fig. 3(c,d)",4,4-QAM,raw_label_srm,0.2,0.25,0.5,0.21,0.659734457254,1.57272570795,0.423656791011,interface_0p2db,0.2,0.25,0.954992586021,0.944060876286,1.60875398183,1.30875398183,1.90875398183,1.0,0.749884490504,0.749884490504,0.317103485398,16,1,8,0,0.179
"Fig. 3(c,d)",4,4-QAM,raw_label_srm,0.2,0.25,0.5,0.215,0.675442420522,1.56817801649,0.41965829801,interface_0p2db,0.2,0.25,0.954992586021,0.944060876286,1.60875398183,1.30875398183,1.90875398183,1.0,0.751742516063,0.751742516063,0.308717557958,16,1,8,0,0.535
"Fig. 3(c,d)",4,4-QAM,raw_label_srm,0.2,0.25,0.5,0.22,0.69115038379,1.56336142938,0.415641838308,interface_0p2db,0.2,0.25,0.954992586021,0.944060876286,1.60875398183,1.30875398183,1.90875398183,1.0,0.753680383238,0.753680383238,0.300095402392,16,1,8,0,0.266
"Fig. 3(c,d)",4,4-QAM,raw_label_srm,0.2,0.25,0.5,0.225,0.706858347058,1.55829808381,0.411614959745,interface_0p2db,0.2,0.25,0.954992586021,0.944060876286,1.60875398183,1.30875398183,1.90875398183,1.0,0.755691819552,0.755691819552,0.291247964195,16,1,8,0,0.117
"Fig. 3(c,d)",4,4-QAM,raw_label_srm,0.2,0.25,0.5,0.23,0.722566310326,1.55302352648,0.407585026925,interface_0p2db,0.2,0.25,0.954992586021,0.944060876286,1.60875398183,1.30875398183,1.90875398183,1.0,0.75776711712,0.75776711712,0.282190074211,16,1,8,0,0.314
"Fig. 3(c,d)",4,4-QAM,raw_label_srm,0.2,0.25,0.5,0.235,0.738274273594,1.54756801895,0.403559094893,interface_0p2db,0.2,0.25,0.954992586021,0.944060876286,1.60875398183,1.30875398183,1.90875398183,1.0,0.759898012437,0.759898012437,0.27293764003,16,1,8,0,0.224
"Fig. 3(c,d)",4,4-QAM,raw_label_srm,0.2,0.25,0.5,0.24,0.753982236862,1.54194641663,0.399543794981,interface_0p2db,0.2,0.25,0.954992586021,0.944060876286,1.60875398183,1.30875398183,1.90875398183,1.0,0.762080278086,0.762080278086,0.263505863185,16,1,7,0,0.511
"Fig. 3(c,d)",4,4-QAM,raw_label_srm,0.2,0.25,0.5,0.245,0.769690200129,1.53626251056,0.39554524162,interface_0p2db,0.2,0.25,0.954992586021,0.944060876286,1.60875398183,1.30875398183,1.90875398183,1.0,0.764286769932,0.764286769932,0.253924064899,16,1,7,0,0.058
"Fig. 3(c,d)",4,4-QAM,raw_label_srm,0.2,0.25,0.5,0.25,0.785398163397,1.53048919813,0.391568961595,interface_0p2db,0.2,0.25,0.954992586021,0.944060876286,1.60875398183,1.30875398183,1.90875398183,1.0,0.76652423634,0.76652423634,0.244203328604,16,1,8,0,0.396
"Fig. 3(c,d)",4,4-QAM,raw_label_srm,0.2,0.25,0.5,0.255,0.801106126665,1.52468561498,0.387619854098,interface_0p2db,0.2,0.25,0.954992586021,0.944060876286,1.60875398183,1.30875398183,1.90875398183,1.0,0.76877720133,0.76877720133,0.234367625427,16,1,8,0,0.524
"Fig. 3(c,d)",4,4-QAM,raw_label_srm,0.2,0.25,0.5,0.26,0.816814089933,1.51888682753,0.383702175511,interface_0p2db,0.2,0.25,0.954992586021,0.944060876286,1.60875398183,1.30875398183,1.90875398183,1.0,0.77103646448,0.77103646448,0.224437380274,16,1,8,0,0.204
"Fig. 3(c,d)",4,4-QAM,raw_label_srm,0.2,0.25,0.5,0.265,0.832522053201,1.51312484973,0.379819549827,interface_0p2db,0.2,0.25,0.954992586021,0.944060876286,1.60875398183,1.30875398183,1.90875398183,1.0,0.773293661393,0.773293661393,0.214432178009,16,1,8,0,0.099
"Fig. 3(c,d)",4,4-QAM,raw_label_srm,0.2,0.25,0.5,0.27,0.848230016469,1.50742810505,0.375974999291,interface_0p2db,0.2,0.25,0.954992586021,0.944060876286,1.60875398183,1.30875398183,1.90875398183,1.0,0.775541393705,0.775541393705,0.204370414037,16,1,8,0,0.261
"Fig. 3(c,d)",4,4-QAM,raw_label_srm,0.2,0.25,0.5,0.275,0.863937979737,1.5018211632,0.372170990293,interface_0p2db,0.2,0.25,0.954992586021,0.944060876286,1.60875398183,1.30875398183,1.90875398183,1.0,0.777773288141,0.777773288141,0.193554193408,16,1,8,0,0.297
"Fig. 3(c,d)",4,4-QAM,raw_label_srm,0.2,0.25,0.5,0.28,0.879645943005,1.49632471324,0.368409489225,interface_0p2db,0.2,0.25,0.954992586021,0.944060876286,1.60875398183,1.30875398183,1.90875398183,1.0,0.779983995138,0.779983995138,0.181462960383,16,1,8,0,0.21
"Fig. 3(c,d)",4,4-QAM,raw_label_srm,0.2,0.25,0.5,0.285,0.895353906273,1.49096806273,0.364692023452,interface_0p2db,0.2,0.25,0.954992586021,0.944060876286,1.60875398183,1.30875398183,1.90875398183,1.0,0.782166040761,0.782166040761,0.169844853004,16,1,8,0,0.265
"Fig. 3(c,d)",4,4-QAM,raw_label_srm,0.2,0.25,0.5,0.29,0.911061869541,1.4857271698,0.361019743233,interface_0p2db,0.2,0.25,0.954992586021,0.944060876286,1.60875398183,1.30875398183,1.90875398183,1.0,0.784325384079,0.784325384079,0.158689560499,16,1,8,0,0.175
"Fig. 3(c,d)",4,4-QAM,raw_label_srm,0.2,0.25,0.5,0.295,0.926769832809,1.48063639041,0.357393481618,interface_0p2db,0.2,0.25,0.954992586021,0.944060876286,1.60875398183,1.30875398183,1.90875398183,1.0,0.786453313864,0.786453313864,0.148044202892,16,1,8,0,0.18
"Fig. 3(c,d)",4,4-QAM,raw_label_srm,0.2,0.25,0.5,0.3,0.942477796077,1.47570376105,0.353813809702,interface_0p2db,0.2,0.25,0.954992586021,0.944060876286,1.60875398183,1.30875398183,1.90875398183,1.0,0.788547772187,0.788547772187,0.137925754791,16,1,8,0,0.187
"Fig. 3(c,d)",8,8-QAM,raw_label_srm,0.2,0.25,0.5,-0.3,-0.942477796077,1.38812421405,0.373224552372,interface_0p2db,0.2,0.25,0.954992586021,0.944060876286,1.54820049879,1.24820049879,1.84820049879,0.999999999999,0.555367152901,0.5553671529,0.174460134519,64,1,7,0,3.234
"Fig. 3(c,d)",8,8-QAM,raw_label_srm,0.2,0.25,0.5,-0.295,-0.926769832809,1.38791621848,0.372498491928,interface_0p2db,0.2,0.25,0.954992586021,0.944060876286,1.54820049879,1.24820049879,1.84820049879,1.0,0.554258883799,0.554258883799,0.173190507883,64,1,7,0,3.299
"Fig. 3(c,d)",8,8-QAM,raw_label_srm,0.2,0.25,0.5,-0.29,-0.911061869541,1.38792304952,0.371784239945,interface_0p2db,0.2,0.25,0.954992586021,0.944060876286,1.54820049879,1.24820049879,1.84820049879,1.0,0.553080294076,0.553080294076,0.172185209865,64,1,7,0,3.146
"Fig. 3(c,d)",8,8-QAM,raw_label_srm,0.2,0.25,0.5,-0.285,-0.895353906273,1.38813199397,0.371082755011,interface_0p2db,0.2,0.25,0.954992586021,0.944060876286,1.54820049879,1.24820049879,1.84820049879,1.0,0.551836741762,0.551836741762,0.171427633483,64,1,7,0,3.184
"Fig. 3(c,d)",8,8-QAM,raw_label_srm,0.2,0.25,0.5,-0.28,-0.879645943005,1.38854059559,0.370395064015,interface_0p2db,0.2,0.25,0.954992586021,0.944060876286,1.54820049879,1.24820049879,1.84820049879,0.999999999999,0.550529271682,0.550529271682,0.170914036288,64,1,7,0,3.204
"Fig. 3(c,d)",8,8-QAM,raw_label_srm,0.2,0.25,0.5,-0.275,-0.863937979737,1.38919719842,0.369722261904,interface_0p2db,0.2,0.25,0.954992586021,0.944060876286,1.54820049879,1.24820049879,1.84820049879,0.999999999999,0.549137440152,0.549137440151,0.170702690102,64,1,7,0,3.157
"Fig. 3(c,d)",8,8-QAM,raw_label_srm,0.2,0.25,0.5,-0.27,-0.848230016469,1.39007626043,0.369065510453,interface_0p2db,0.2,0.25,0.954992586021,0.944060876286,1.54820049879,1.24820049879,1.84820049879,0.999999999999,0.547672135428,0.547672135428,0.170761466702,64,1,7,0,3.136
"Fig. 3(c,d)",8,8-QAM,raw_label_srm,0.2,0.25,0.5,-0.265,-0.832522053201,1.39119394337,0.368426036464,interface_0p2db,0.2,0.25,0.954992586021,0.944060876286,1.54820049879,1.24820049879,1.84820049879,1.0,0.546126621131,0.546126621131,0.171109192837,64,1,8,0,3.408
"Fig. 3(c,d)",8,8-QAM,raw_label_srm,0.2,0.25,0.5,-0.26,-0.816814089933,1.39256527433,0.367805126246,interface_0p2db,0.2,0.25,0.954992586021,0.944060876286,1.54820049879,1.24820049879,1.84820049879,1.0,0.544494689999,0.544494689999,0.171763105818,64,1,8,0,3.08
"Fig. 3(c,d)",8,8-QAM,raw_label_srm,0.2,0.25,0.5,-0.255,-0.801106126665,1.39419632108,0.367204120382,interface_0p2db,0.2,0.25,0.954992586021,0.944060876286,1.54820049879,1.24820049879,1.84820049879,1.0,0.542773980596,0.542773980596,0.172176177795,64,1,8,0,3.062
"Fig. 3(c,d)",8,8-QAM,raw_label_srm,0.2,0.25,0.5,-0.25,-0.785398163397,1.39609364553,0.366624404705,interface_0p2db,0.2,0.25,0.954992586021,0.944060876286,1.54820049879,1.24820049879,1.84820049879,1.0,0.540961978078,0.540961978078,0.17259351393,64,1,8,0,3.127
"Fig. 3(c,d)",8,8-QAM,raw_label_srm,0.2,0.25,0.5,-0.245,-0.769690200129,1.39826178674,0.366067397632,interface_0p2db,0.2,0.25,0.954992586021,0.944060876286,1.54820049879,1.24820049879,1.84820049879,1.0,0.539057081683,0.539057081682,0.173346977303,64,1,8,0,3.126
"Fig. 3(c,d)",8,8-QAM,raw_label_srm,0.2,0.25,0.5,-0.24,-0.753982236862,1.40070323834,0.365534534852,interface_0p2db,0.2,0.25,0.954992586021,0.944060876286,1.54820049879,1.24820049879,1.84820049879,1.0,0.537058613999,0.537058613999,0.174441603747,64,1,8,0,3.101
"Fig. 3(c,d)",8,8-QAM,raw_label_srm,0.2,0.25,0.5,-0.235,-0.738274273594,1.4034173588,0.365027249901,interface_0p2db,0.2,0.25,0.954992586021,0.944060876286,1.54820049879,1.24820049879,1.84820049879,1.0,0.534967277487,0.534967277487,0.175879111895,64,1,8,0,3.131
"Fig. 3(c,d)",8,8-QAM,raw_label_srm,0.2,0.25,0.5,-0.23,-0.722566310326,1.40635037389,0.364546950735,interface_0p2db,0.2,0.25,0.954992586021,0.944060876286,1.54820049879,1.24820049879,1.84820049879,1.0,0.532806169226,0.532806169226,0.177606018104,64,1,8,0,3.01
"Fig. 3(c,d)",8,8-QAM,raw_label_srm,0.2,0.25,0.5,-0.225,-0.706858347058,1.40959659776,0.364094994393,interface_0p2db,0.2,0.25,0.954992586021,0.944060876286,1.54820049879,1.24820049879,1.84820049879,1.0,0.530536130085,0.530536130085,0.179721794767,64,1,8,0,3.045
"Fig. 3(c,d)",8,8-QAM,raw_label_srm,0.2,0.25,0.5,-0.22,-0.69115038379,1.41309862219,0.363672660543,interface_0p2db,0.2,0.25,0.954992586021,0.944060876286,1.54820049879,1.24820049879,1.84820049879,1.0,0.528181893584,0.528181893584,0.182168584597,64,1,8,0,3.12
"Fig. 3(c,d)",8,8-QAM,raw_label_srm,0.2,0.25,0.5,-0.215,-0.675442420522,1.41684607037,0.363281121028,interface_0p2db,0.2,0.25,0.954992586021,0.944060876286,1.54820049879,1.24820049879,1.84820049879,1.0,0.525748409131,0.525748409131,0.184936621098,64,1,8,0,3.091
"Fig. 3(c,d)",8,8-QAM,raw_label_srm,0.2,0.25,0.5,-0.21,-0.659734457254,1.42082076115,0.362921406728,interface_0p2db,0.2,0.25,0.954992586021,0.944060876286,1.54820049879,1.24820049879,1.84820049879,1.0,0.523243896647,0.523243896647,0.1880074212,64,1,8,0,3.075
"Fig. 3(c,d)",8,8-QAM,raw_label_srm,0.2,0.25,0.5,-0.205,-0.644026493986,1.42500231609,0.362594367316,interface_0p2db,0.2,0.25,0.954992586021,0.944060876286,1.54820049879,1.24820049879,1.84820049879,1.0,0.52067746911,0.52067746911,0.191359543134,64,1,8,0,3.113
"Fig. 3(c,d)",8,8-QAM,raw_label_srm,0.2,0.25,0.5,-0.2,-0.628318530718,1.42937095172,0.362300634772,interface_0p2db,0.2,0.25,0.954992586021,0.944060876286,1.54820049879,1.24820049879,1.84820049879,1.0,0.518057951166,0.518057951166,0.194971479441,64,1,9,0,3.318
"Fig. 3(c,d)",8,8-QAM,raw_label_srm,0.2,0.25,0.5,-0.195,-0.61261056745,1.43389832809,0.36204058705,interface_0p2db,0.2,0.25,0.954992586021,0.944060876286,1.54820049879,1.24820049879,1.84820049879,1.0,0.515397664986,0.515397664986,0.198812150191,64,1,9,0,3.272
"Fig. 3(c,d)",8,8-QAM,raw_label_srm,0.2,0.25,0.5,-0.19,-0.596902604182,1.43855360142,0.361814316201,interface_0p2db,0.2,0.25,0.954992586021,0.944060876286,1.54820049879,1.24820049879,1.84820049879,1.0,0.512709872699,0.512709872699,0.202847277613,64,1,9,0,3.292
"Fig. 3(c,d)",8,8-QAM,raw_label_srm,0.2,0.25,0.5,-0.185,-0.581194640914,1.44331052528,0.361621605841,interface_0p2db,0.2,0.25,0.954992586021,0.944060876286,1.54820049879,1.24820049879,1.84820049879,1.0,0.510005822103,0.510005822103,0.207046879736,64,1,9,0,3.398
"Fig. 3(c,d)",8,8-QAM,raw_label_srm,0.2,0.25,0.5,-0.18,-0.565486677646,1.4481315134,0.361461919382,interface_0p2db,0.2,0.25,0.954992586021,0.944060876286,1.54820049879,1.24820049879,1.84820049879,1.0,0.507301315675,0.507301315675,0.21136884548,64,1,8,0,2.884
"Fig. 3(c,d)",8,8-QAM,raw_label_srm,0.2,0.25,0.5,-0.175,-0.549778714378,1.45293034881,0.361334397992,interface_0p2db,0.2,0.25,0.954992586021,0.944060876286,1.54820049879,1.24820049879,1.84820049879,1.0,0.50463193213,0.50463193213,0.215720656598,64,1,8,0,2.957
"Fig. 3(c,d)",8,8-QAM,raw_label_srm,0.2,0.25,0.5,-0.17,-0.53407075111,1.45777178561,0.361237866315,interface_0p2db,0.2,0.25,0.954992586021,0.944060876286,1.54820049879,1.24820049879,1.84820049879,1.0,0.501971102681,0.501971102681,0.220165985991,64,1,8,0,3.04
"Fig. 3(c,d)",8,8-QAM,raw_label_srm,0.2,0.25,0.5,-0.165,-0.518362787842,1.46258660839,0.361170867856,interface_0p2db,0.2,0.25,0.954992586021,0.944060876286,1.54820049879,1.24820049879,1.84820049879,1.0,0.499347184624,0.499347184624,0.224629833988,64,1,8,0,3.129
"Fig. 3(c,d)",8,8-QAM,raw_label_srm,0.2,0.25,0.5,-0.16,-0.502654824574,1.46737532994,0.361131768729,interface_0p2db,0.2,0.25,0.954992586021,0.944060876286,1.54820049879,1.24820049879,1.84820049879,1.0,0.496759848247,0.496759848247,0.229109269171,64,1,8,0,2.973
"Fig. 3(c,d)",8,8-QAM,raw_label_srm,0.2,0.25,0.5,-0.155,-0.486946861306,1.47212496082,0.361118723809,interface_0p2db,0.2,0.25,0.954992586021,0.944060876286,1.54820049879,1.24820049879,1.84820049879,1.0,0.49421423064,0.49421423064,0.233587422592,64,1,7,0,2.661
"Fig. 3(c,d)",8,8-QAM,raw_label_srm,0.2,0.25,0.5,-0.15,-0.471238898038,1.47678108366,0.361129689453,interface_0p2db,0.2,0.25,0.954992586021,0.944060876286,1.54820049879,1.24820049879,1.84820049879,1.0,0.491732147196,0.491732147195,0.238005434834,64,1,7,0,2.574
"Fig. 3(c,d)",8,8-QAM,raw_label_srm,0.2,0.25,0.5,-0.145,-0.455530934771,1.48138894242,0.361162547942,interface_0p2db,0.2,0.25,0.954992586021,0.944060876286,1.54820049879,1.24820049879,1.84820049879,1.0,0.489294971769,0.489294971769,0.242406064422,64,1,8,0,2.946
"Fig. 3(c,d)",8,8-QAM,raw_label_srm,0.2,0.25,0.5,-0.14,-0.439822971503,1.48593349443,0.361215099445,interface_0p2db,0.2,0.25,0.954992586021,0.944060876286,1.54820049879,1.24820049879,1.84820049879,1.0,0.486908514757,0.486908514757,0.246770531165,64,1,8,0,2.977
"Fig. 3(c,d)",8,8-QAM,raw_label_srm,0.2,0.25,0.5,-0.135,-0.424115008235,1.49038652997,0.36128502835,interface_0p2db,0.2,0.25,0.954992586021,0.944060876286,1.54820049879,1.24820049879,1.84820049879,1.0,0.484583786054,0.484583786054,0.251067104904,64,1,8,0,2.898
"Fig. 3(c,d)",8,8-QAM,raw_label_srm,0.2,0.25,0.5,-0.13,-0.408407044967,1.49473160276,0.361369946387,interface_0p2db,0.2,0.25,0.954992586021,0.944060876286,1.54820049879,1.24820049879,1.84820049879,1.0,0.482326957546,0.482326957546,0.254711058396,64,1,8,0,3.047
"Fig. 3(c,d)",8,8-QAM,raw_label_srm,0.2,0.25,0.5,-0.125,-0.392699081699,1.49895439965,0.361467427311,interface_0p2db,0.2,0.25,0.954992586021,0.944060876286,1.54820049879,1.24820049879,1.84820049879,1.0,0.480143272327,0.480143272327,0.253744282079,64,1,8,0,2.983
"Fig. 3(c,d)",8,8-QAM,raw_label_srm,0.2,0.25,0.5,-0.12,-0.376991118431,1.50304226564,0.36157503692,interface_0p2db,0.2,0.25,0.954992586021,0.944060876286,1.54820049879,1.24820049879,1.84820049879,1.0,0.478037249545,0.478037249545,0.252858430383,64,1,8,0,2.96
"Fig. 3(c,d)",8,8-QAM,raw_label_srm,0.2,0.25,0.5,-0.115,-0.361283155163,1.50698379299,0.361690359099,interface_0p2db,0.2,0.25,0.954992586021,0.944060876286,1.54820049879,1.24820049879,1.84820049879,1.0,0.476012860918,0.476012860918,0.252052332519,64,1,9,0,3.261
"Fig. 3(c,d)",8,8-QAM,raw_label_srm,0.2,0.25,0.5,-0.11,-0.345575191895,1.51076962847,0.361811018744,interface_0p2db,0.2,0.25,0.954992586021,0.944060876286,1.54820049879,1.24820049879,1.84820049879,1.0,0.474073223162,0.474073223162,0.251323678389,64,1,9,0,3.256
"Fig. 3(c,d)",8,8-QAM,raw_label_srm,0.2,0.25,0.5,-0.105,-0.329867228627,1.51439052704,0.361934701691,interface_0p2db,0.2,0.25,0.954992586021,0.944060876286,1.54820049879,1.24820049879,1.84820049879,1.0,0.472221381189,0.472221381189,0.250669580495,64,1,8,0,2.919
"Fig. 3(c,d)",8,8-QAM,raw_label_srm,0.2,0.25,0.5,-0.1,-0.314159265359,1.5178401364,0.362059171381,interface_0p2db,0.2,0.25,0.954992586021,0.944060876286,1.54820049879,1.24820049879,1.84820049879,1.0,0.470459218403,0.470459218403,0.250086076918,64,1,8,0,3.007
"Fig. 3(c,d)",8,8-QAM,raw_label_srm,0.2,0.25,0.5,-0.095,-0.298451302091,1.52106272666,0.362182282541,interface_0p2db,0.2,0.25,0.954992586021,0.944060876286,1.54820049879,1.24820049879,1.84820049879,1.0,0.468807990633,0.468807990633,0.249578648167,64,1,8,0,3.109
"Fig. 3(c,d)",8,8-QAM,raw_label_srm,0.2,0.25,0.5,-0.09,-0.282743338823,1.52415406222,0.362301991615,interface_0p2db,0.2,0.25,0.954992586021,0.944060876286,1.54820049879,1.24820049879,1.84820049879,1.0,0.46722945246,0.46722945246,0.249122258356,64,1,8,0,2.942
"Fig. 3(c,d)",8,8-QAM,raw_label_srm,0.2,0.25,0.5,-0.085,-0.267035375555,1.52706103871,0.362416364787,interface_0p2db,0.2,0.25,0.954992586021,0.944060876286,1.54820049879,1.24820049879,1.84820049879,1.0,0.465743886974,0.465743886974,0.248721983554,64,1,8,0,3.117
"Fig. 3(c,d)",8,8-QAM,raw_label_srm,0.2,0.25,0.5,-0.08,-0.251327412287,1.52978164896,0.362523583358,interface_0p2db,0.2,0.25,0.954992586021,0.944060876286,1.54820049879,1.24820049879,1.84820049879,1.0,0.46435149604,0.46435149604,0.248372437697,64,1,8,0,3.045
"Fig. 3(c,d)",8,8-QAM,raw_label_srm,0.2,0.25,0.5,-0.075,-0.235619449019,1.53231481612,0.362621946943,interface_0p2db,0.2,0.25,0.954992586021,0.944060876286,1.54820049879,1.24820049879,1.84820049879,1.0,0.463052142516,0.463052142516,0.248068173807,64,1,8,0,3.047
"Fig. 3(c,d)",8,8-QAM,raw_label_srm,0.2,0.25,0.5,-0.07,-0.219911485751,1.53466023851,0.362709874843,interface_0p2db,0.2,0.25,0.954992586021,0.944060876286,1.54820049879,1.24820049879,1.84820049879,1.0,0.461845416501,0.461845416501,0.247803793109,64,1,8,0,2.991
"Fig. 3(c,d)",8,8-QAM,raw_label_srm,0.2,0.25,0.5,-0.065,-0.204203522483,1.53681822684,0.362785905926,interface_0p2db,0.2,0.25,0.954992586021,0.944060876286,1.54820049879,1.24820049879,1.84820049879,1.0,0.460730703178,0.460730703178,0.247574039384,64,1,8,0,3.01
"Fig. 3(c,d)",8,8-QAM,raw_label_srm,0.2,0.25,0.5,-0.06,-0.188495559215,1.53878954633,0.362848697347,interface_0p2db,0.2,0.25,0.954992586021,0.944060876286,1.54820049879,1.24820049879,1.84820049879,1.0,0.459707247443,0.459707247443,0.247373877144,64,1,8,0,2.918
"Fig. 3(c,d)",8,8-QAM,raw_label_srm,0.2,0.25,0.5,-0.055,-0.172787595947,1.54057525715,0.362897022425,interface_0p2db,0.2,0.25,0.954992586021,0.944060876286,1.54820049879,1.24820049879,1.84820049879,1.0,0.458774218073,0.458774218073,0.247198556103,64,1,8,0,3.061
"Fig. 3(c,d)",8,8-QAM,raw_label_srm,0.2,0.25,0.5,-0.05,-0.157079632679,1.54217657889,0.362929767962,interface_0p2db,0.2,0.25,0.954992586021,0.944060876286,1.54820049879,1.24820049879,1.84820049879,1.0,0.457930761681,0.457930761681,0.247024084062,64,1,8,0,3.036
"Fig. 3(c,d)",8,8-QAM,raw_label_srm,0.2,0.25,0.5,-0.045,-0.141371669412,1.54359474613,0.362945931284,interface_0p2db,0.2,0.25,0.954992586021,0.944060876286,1.54820049879,1.24820049879,1.84820049879,1.0,0.457176059348,0.457176059348,0.246801349803,64,1,9,0,3.271
"Fig. 3(c,d)",8,8-QAM,raw_label_srm,0.2,0.25,0.5,-0.04,-0.125663706144,1.54483094666,0.362944617221,interface_0p2db,0.2,0.25,0.954992586021,0.944060876286,1.54820049879,1.24820049879,1.84820049879,1.0,0.456509350861,0.456509350861,0.246602101258,64,1,9,0,3.27
"Fig. 3(c,d)",8,8-QAM,raw_label_srm,0.2,0.25,0.5,-0.035,-0.109955742876,1.54588632717,0.36292503521,interface_0p2db,0.2,0.25,0.954992586021,0.944060876286,1.54820049879,1.24820049879,1.84820049879,1.0,0.455929932641,0.455929932641,0.246423078072,64,1,9,0,3.26
"Fig. 3(c,d)",8,8-QAM,raw_label_srm,0.2,0.25,0.5,-0.03,-0.0942477796077,1.54676121084,0.362886496655,interface_0p2db,0.2,0.25,0.954992586021,0.944060876286,1.54820049879,1.24820049879,1.84820049879,1.0,0.45543745923,0.45543745923,0.246261560564,64,1,9,0,3.156
"Fig. 3(c,d)",8,8-QAM,raw_label_srm,0.2,0.25,0.5,-0.025,-0.0785398163397,1.54748880287,0.362828412626,interface_0p2db,0.2,0.25,0.954992586021,0.944060876286,1.54820049879,1.24820049879,1.84820049879,1.0,0.45501896361,0.45501896361,0.246109766872,64,1,9,0,3.213
"Fig. 3(c,d)",8,8-QAM,raw_label_srm,0.2,0.25,0.5,-0.02,-0.0628318530718,1.54800492215,0.362750292168,interface_0p2db,0.2,0.25,0.954992586021,0.944060876286,1.54820049879,1.24820049879,1.84820049879,1.0,0.454699023831,0.454699023831,0.245976562303,64,1,9,0,3.223
"Fig. 3(c,d)",8,8-QAM,raw_label_srm,0.2,0.25,0.5,-0.015,-0.0471238898038,1.54833942477,0.362651740709,interface_0p2db,0.2,0.25,0.954992586021,0.944060876286,1.54820049879,1.24820049879,1.84820049879,1.0,0.45446603818,0.45446603818,0.245855461207,64,1,9,0,3.265
"Fig. 3(c,d)",8,8-QAM,raw_label_srm,0.2,0.25,0.5,-0.01,-0.0314159265359,1.54849097583,0.362532459064,interface_0p2db,0.2,0.25,0.954992586021,0.944060876286,1.54820049879,1.24820049879,1.84820049879,1.0,0.454320462221,0.454320462221,0.245745648096,64,1,9,0,3.259
"Fig. 3(c,d)",8,8-QAM,raw_label_srm,0.2,0.25,0.5,-0.005,-0.0157079632679,1.54845758721,0.362392242188,interface_0p2db,0.2,0.25,0.954992586021,0.944060876286,1.54820049879,1.24820049879,1.84820049879,1.0,0.454263045268,0.454263045268,0.245646841973,64,1,9,0,3.162
"Fig. 3(c,d)",8,8-QAM,raw_label_srm,0.2,0.25,0.5,0.0,0.0,1.54820049879,0.36223097054,interface_0p2db,0.2,0.25,0.954992586021,0.944060876286,1.54820049879,1.24820049879,1.84820049879,1.0,0.45430874073,0.45430874073,0.245565179882,64,1,9,0,3.252
"Fig. 3(c,d)",8,8-QAM,raw_label_srm,0.2,0.25,0.5,0.005,0.0157079632679,1.54782467188,0.362048620646,interface_0p2db,0.2,0.25,0.954992586021,0.944060876286,1.54820049879,1.24820049879,1.84820049879,1.0,0.454417201522,0.454417201522,0.245483897363,64,1,9,0,3.24
"Fig. 3(c,d)",8,8-QAM,raw_label_srm,0.2,0.25,0.5,0.01,0.0314159265359,1.5472199119,0.361845540255,interface_0p2db,0.2,0.25,0.954992586021,0.944060876286,1.54820049879,1.24820049879,1.84820049879,1.0,0.45463098205,0.45463098205,0.245421676574,64,1,9,0,3.31
"Fig. 3(c,d)",8,8-QAM,raw_label_srm,0.2,0.25,0.5,0.015,0.0471238898038,1.54638075325,0.361622182326,interface_0p2db,0.2,0.25,0.954992586021,0.944060876286,1.54820049879,1.24820049879,1.84820049879,1.0,0.45495238309,0.45495238309,0.245380847124,64,1,9,0,3.25
"Fig. 3(c,d)",8,8-QAM,raw_label_srm,0.2,0.25,0.5,0.02,0.0628318530718,1.54538303732,0.361379100552,interface_0p2db,0.2,0.25,0.954992586021,0.944060876286,1.54820049879,1.24820049879,1.84820049879,1.0,0.455352372375,0.455352372375,0.24535058873,64,1,9,0,3.459
"Fig. 3(c,d)",8,8-QAM,raw_label_srm,0.2,0.25,0.5,0.025,0.0785398163397,1.54418394584,0.361116964477,interface_0p2db,0.2,0.25,0.954992586021,0.944060876286,1.54820049879,1.24820049879,1.84820049879,1.0,0.455847724341,0.455847724341,0.245340248714,64,1,8,0,3.313
"Fig. 3(c,d)",8,8-QAM,raw_label_srm,0.2,0.25,0.5,0.03,0.0942477796077,1.54277906048,0.360836566707,interface_0p2db,0.2,0.25,0.954992586021,0.944060876286,1.54820049879,1.24820049879,1.84820049879,1.0,0.4564404644,0.4564404644,0.245353387355,64,1,8,0,3.209
"Fig. 3(c,d)",8,8-QAM,raw_label_srm,0.2,0.25,0.5,0.035,0.109955742876,1.54116380033,0.36053883,interface_0p2db,0.2,0.25,0.954992586021,0.944060876286,1.54820049879,1.24820049879,1.84820049879,1.0,0.45713273793,0.45713273793,0.245345330784,64,1,8,0,3.189
"Fig. 3(c,d)",8,8-QAM,raw_label_srm,0.2,0.25,0.5,0.04,0.125663706144,1.53933338388,0.360224814433,interface_0p2db,0.2,0.25,0.954992586021,0.944060876286,1.54820049879,1.24820049879,1.84820049879,1.0,0.457926827457,0.457926827457,0.245308636173,64,1,8,0,3.232
"Fig. 3(c,d)",8,8-QAM,raw_label_srm,0.2,0.25,0.5,0.045,0.141371669412,1.53728289214,0.359895724736,interface_0p2db,0.2,0.25,0.954992586021,0.944060876286,1.54820049879,1.24820049879,1.84820049879,1.0,0.458825130667,0.458825130667,0.245296733847,64,1,8,0,3.232
"Fig. 3(c,d)",8,8-QAM,raw_label_srm,0.2,0.25,0.5,0.05,0.157079632679,1.53500741005,0.359552917652,interface_0p2db,0.2,0.25,0.954992586021,0.944060876286,1.54820049879,1.24820049879,1.84820049879,1.0,0.459830107582,0.459830107582,0.24531540171,64,1,8,0,3.2
"Fig. 3(c,d)",8,8-QAM,raw_label_srm,0.2,0.25,0.5,0.055,0.172787595947,1.53255221241,0.359197909225,interface_0p2db,0.2,0.25,0.954992586021,0.944060876286,1.54820049879,1.24820049879,1.84820049879,1.0,0.46092468313,0.46092468313,0.245362995692,64,1,8,0,3.177
"Fig. 3(c,d)",8,8-QAM,raw_label_srm,0.2,0.25,0.5,0.06,0.188495559215,1.52981285155,0.358832381517,interface_0p2db,0.2,0.25,0.954992586021,0.944060876286,1.54820049879,1.24820049879,1.84820049879,1.0,0.462150275607,0.462150275607,0.24546213571,64,1,8,0,2.982
"Fig. 3(c,d)",8,8-QAM,raw_label_srm,0.2,0.25,0.5,0.065,0.204203522483,1.52683548184,0.358458188794,interface_0p2db,0.2,0.25,0.954992586021,0.944060876286,1.54820049879,1.24820049879,1.84820049879,1.0,0.463489638467,0.463489638467,0.24561255067,64,1,8,0,3.105
"Fig. 3(c,d)",8,8-QAM,raw_label_srm,0.2,0.25,0.5,0.07,0.219911485751,1.52361696486,0.358077362461,interface_0p2db,0.2,0.25,0.954992586021,0.944060876286,1.54820049879,1.24820049879,1.84820049879,1.0,0.464944797345,0.464944797345,0.245822078148,64,1,8,0,3.035
"Fig. 3(c,d)",8,8-QAM,raw_label_srm,0.2,0.25,0.5,0.075,0.235619449019,1.52015511237,0.35769211439,interface_0p2db,0.2,0.25,0.954992586021,0.944060876286,1.54820049879,1.24820049879,1.84820049879,1.0,0.466517464512,0.466517464512,0.24609885071,64,1,8,0,3.1
"Fig. 3(c,d)",8,8-QAM,raw_label_srm,0.2,0.25,0.5,0.08,0.251327412287,1.51644885799,0.357304838144,interface_0p2db,0.2,0.25,0.954992586021,0.944060876286,1.54820049879,1.24820049879,1.84820049879,1.0,0.46820896473,0.46820896473,0.246451159381,64,1,8,0,3.21
"Fig. 3(c,d)",8,8-QAM,raw_label_srm,0.2,0.25,0.5,0.085,0.267035375555,1.51249842183,0.356918107568,interface_0p2db,0.2,0.25,0.954992586021,0.944060876286,1.54820049879,1.24820049879,1.84820049879,1.0,0.470020161576,0.470020161576,0.246887289043,64,1,8,0,3.077
"Fig. 3(c,d)",8,8-QAM,raw_label_srm,0.2,0.25,0.5,0.09,0.282743338823,1.50830543802,0.356534672236,interface_0p2db,0.2,0.25,0.954992586021,0.944060876286,1.54820049879,1.24820049879,1.84820049879,1.0,0.471951396016,0.471951396016,0.24741533252,64,1,8,0,3.007
"Fig. 3(c,d)",8,8-QAM,raw_label_srm,0.2,0.25,0.5,0.095,0.298451302091,1.50387422538,0.356157449275,interface_0p2db,0.2,0.25,0.954992586021,0.944060876286,1.54820049879,1.24820049879,1.84820049879,1.0,0.47400196635,0.47400196635,0.248042719305,64,1,8,0,3.032
"Fig. 3(c,d)",8,8-QAM,raw_label_srm,0.2,0.25,0.5,0.1,0.314159265359,1.49920652904,0.355789511095,interface_0p2db,0.2,0.25,0.954992586021,0.944060876286,1.54820049879,1.24820049879,1.84820049879,1.0,0.476172212336,0.476172212336,0.248777200337,64,1,8,0,2.967
"Fig. 3(c,d)",8,8-QAM,raw_label_srm,0.2,0.25,0.5,0.105,0.329867228627,1.49431054262,0.355434068459,interface_0p2db,0.2,0.25,0.954992586021,0.944060876286,1.54820049879,1.24820049879,1.84820049879,1.0,0.478459900405,0.478459900405,0.249624609354,64,1,7,0,2.631
"Fig. 3(c,d)",8,8-QAM,raw_label_srm,0.2,0.25,0.5,0.11,0.345575191895,1.48919420399,0.355094448519,interface_0p2db,0.2,0.25,0.954992586021,0.944060876286,1.54820049879,1.24820049879,1.84820049879,1.0,0.480862877847,0.480862877847,0.2448255489,64,1,7,0,2.647
"Fig. 3(c,d)",8,8-QAM,raw_label_srm,0.2,0.25,0.5,0.115,0.361283155163,1.48386741956,0.35477406702,interface_0p2db,0.2,0.25,0.954992586021,0.944060876286,1.54820049879,1.24820049879,1.84820049879,1.0,0.483378167234,0.483378167234,0.23923130805,64,1,8,0,2.979
"Fig. 3(c,d)",8,8-QAM,raw_label_srm,0.2,0.25,0.5,0.12,0.376991118431,1.47834343598,0.354476393312,interface_0p2db,0.2,0.25,0.954992586021,0.944060876286,1.54820049879,1.24820049879,1.84820049879,1.0,0.486001387995,0.486001387995,0.233440598076,64,1,7,0,2.696
"Fig. 3(c,d)",8,8-QAM,raw_label_srm,0.2,0.25,0.5,0.125,0.392699081699,1.47264127586,0.354204897923,interface_0p2db,0.2,0.25,0.954992586021,0.944060876286,1.54820049879,1.24820049879,1.84820049879,1.0,0.488725731101,0.488725731101,0.227477307578,64,1,8,0,2.961
"Fig. 3(c,d)",8,8-QAM,raw_label_srm,0.2,0.25,0.5,0.13,0.408407044967,1.46673742134,0.353963062669,interface_0p2db,0.2,0.25,0.954992586021,0.944060876286,1.54820049879,1.24820049879,1.84820049879,1.0,0.491561693711,0.491561693711,0.221321326974,64,1,8,0,2.99
"Fig. 3(c,d)",8,8-QAM,raw_label_srm,0.2,0.25,0.5,0.135,0.424115008235,1.4606270317,0.353754445812,interface_0p2db,0.2,0.25,0.954992586021,0.944060876286,1.54820049879,1.24820049879,1.84820049879,1.0,0.494512243081,0.494512243081,0.214972372694,64,1,8,0,2.993
"Fig. 3(c,d)",8,8-QAM,raw_label_srm,0.2,0.25,0.5,0.14,0.439822971503,1.45436884364,0.353582499391,interface_0p2db,0.2,0.25,0.954992586021,0.944060876286,1.54820049879,1.24820049879,1.84820049879,1.0,0.497554139923,0.497554139923,0.20849850446,64,1,8,0,2.961
"Fig. 3(c,d)",8,8-QAM,raw_label_srm,0.2,0.25,0.5,0.145,0.455530934771,1.4478515418,0.353450613645,interface_0p2db,0.2,0.25,0.954992586021,0.944060876286,1.54820049879,1.24820049879,1.84820049879,1.0,0.500734218923,0.500734218923,0.201787347671,64,1,8,0,2.957
"Fig. 3(c,d)",8,8-QAM,raw_label_srm,0.2,0.25,0.5,0.15,0.471238898038,1.44117403861,0.353362007995,interface_0p2db,0.2,0.25,0.954992586021,0.944060876286,1.54820049879,1.24820049879,1.84820049879,1.0,0.504012589255,0.504012589255,0.194951373509,64,1,9,0,3.272
"Fig. 3(c,d)",8,8-QAM,raw_label_srm,0.2,0.25,0.5,0.155,0.486946861306,1.43436627358,0.353319565062,interface_0p2db,0.2,0.25,0.954992586021,0.944060876286,1.54820049879,1.24820049879,1.84820049879,1.0,0.507377507327,0.507377507327,0.188030887644,64,1,10,0,3.672
"Fig. 3(c,d)",8,8-QAM,raw_label_srm,0.2,0.25,0.5,0.16,0.502654824574,1.42747364784,0.353325756036,interface_0p2db,0.2,0.25,0.954992586021,0.944060876286,1.54820049879,1.24820049879,1.84820049879,1.0,0.510810534937,0.510810534937,0.181083719577,64,1,9,0,3.318
"Fig. 3(c,d)",8,8-QAM,raw_label_srm,0.2,0.25,0.5,0.165,0.518362787842,1.42055210181,0.353382567951,interface_0p2db,0.2,0.25,0.954992586021,0.944060876286,1.54820049879,1.24820049879,1.84820049879,1.0,0.514288480745,0.514288480745,0.174179656295,64,1,8,0,3.062
"Fig. 3(c,d)",8,8-QAM,raw_label_srm,0.2,0.25,0.5,0.17,0.53407075111,1.41365196213,0.353491447646,interface_0p2db,0.2,0.25,0.954992586021,0.944060876286,1.54820049879,1.24820049879,1.84820049879,1.0,0.517790141831,0.517790141831,0.167382487527,64,1,8,0,2.95
"Fig. 3(c,d)",8,8-QAM,raw_label_srm,0.2,0.25,0.5,0.175,0.549778714378,1.40688572482,0.353653285996,interface_0p2db,0.2,0.25,0.954992586021,0.944060876286,1.54820049879,1.24820049879,1.84820049879,1.0,0.521267604925,0.521267604925,0.160822223997,64,1,8,0,3.012
"Fig. 3(c,d)",8,8-QAM,raw_label_srm,0.2,0.25,0.5,0.18,0.565486677646,1.40020813234,0.353868455191,interface_0p2db,0.2,0.25,0.954992586021,0.944060876286,1.54820049879,1.24820049879,1.84820049879,1.0,0.524739402511,0.524739402511,0.154457846764,64,1,8,0,2.886
"Fig. 3(c,d)",8,8-QAM,raw_label_srm,0.2,0.25,0.5,0.185,0.581194640914,1.39372452696,0.354136841541,interface_0p2db,0.2,0.25,0.954992586021,0.944060876286,1.54820049879,1.24820049879,1.84820049879,1.0,0.528160008364,0.528160008364,0.148408479559,64,1,8,0,2.975
"Fig. 3(c,d)",8,8-QAM,raw_label_srm,0.2,0.25,0.5,0.19,0.596902604182,1.38750066385,0.35445782634,interface_0p2db,0.2,0.25,0.954992586021,0.944060876286,1.54820049879,1.24820049879,1.84820049879,1.0,0.531500250358,0.531500250358,0.142747920834,64,1,8,0,3.105
"Fig. 3(c,d)",8,8-QAM,raw_label_srm,0.2,0.25,0.5,0.195,0.61261056745,1.38159737304,0.354830322206,interface_0p2db,0.2,0.25,0.954992586021,0.944060876286,1.54820049879,1.24820049879,1.84820049879,1.0,0.53473273895,0.53473273895,0.137541551218,64,1,8,0,3.062
"Fig. 3(c,d)",8,8-QAM,raw_label_srm,0.2,0.25,0.5,0.2,0.628318530718,1.37606437259,0.355252860215,interface_0p2db,0.2,0.25,0.954992586021,0.944060876286,1.54820049879,1.24820049879,1.84820049879,1.0,0.537834614656,0.537834614656,0.132839708139,64,1,9,0,3.325
"Fig. 3(c,d)",8,8-QAM,raw_label_srm,0.2,0.25,0.5,0.205,0.644026493986,1.37088792351,0.355723692617,interface_0p2db,0.2,0.25,0.954992586021,0.944060876286,1.54820049879,1.24820049879,1.84820049879,0.999999999999,0.540810296604,0.540810296604,0.128623568944,64,1,8,0,3.013
"Fig. 3(c,d)",8,8-QAM,raw_label_srm,0.2,0.25,0.5,0.21,0.659734457254,1.36619319525,0.356240892102,interface_0p2db,0.2,0.25,0.954992586021,0.944060876286,1.54820049879,1.24820049879,1.84820049879,1.0,0.543604156828,0.543604156828,0.125016815273,64,1,8,0,3.058
"Fig. 3(c,d)",8,8-QAM,raw_label_srm,0.2,0.25,0.5,0.215,0.675442420522,1.36194243203,0.356802441319,interface_0p2db,0.2,0.25,0.954992586021,0.944060876286,1.54820049879,1.24820049879,1.84820049879,0.999999999999,0.546230951862,0.546230951862,0.120922375749,64,1,8,0,2.996
"Fig. 3(c,d)",8,8-QAM,raw_label_srm,0.2,0.25,0.5,0.22,0.69115038379,1.35813286044,0.357406306419,interface_0p2db,0.2,0.25,0.954992586021,0.944060876286,1.54820049879,1.24820049879,1.84820049879,1.0,0.548690511109,0.548690511108,0.117242462713,64,1,8,0,2.845
"Fig. 3(c,d)",8,8-QAM,raw_label_srm,0.2,0.25,0.5,0.225,0.706858347058,1.35476741055,0.358050492174,interface_0p2db,0.2,0.25,0.954992586021,0.944060876286,1.54820049879,1.24820049879,1.84820049879,0.999999999999,0.550980333426,0.550980333426,0.114117812529,64,1,8,0,2.932
"Fig. 3(c,d)",8,8-QAM,raw_label_srm,0.2,0.25,0.5,0.23,0.722566310326,1.35183396753,0.35873308029,interface_0p2db,0.2,0.25,0.954992586021,0.944060876286,1.54820049879,1.24820049879,1.84820049879,0.999999999999,0.553104624899,0.553104624899,0.111531171122,64,1,8,0,3.014
"Fig. 3(c,d)",8,8-QAM,raw_label_srm,0.2,0.25,0.5,0.235,0.738274273594,1.34931554807,0.359452253817,interface_0p2db,0.2,0.25,0.954992586021,0.944060876286,1.54820049879,1.24820049879,1.84820049879,1.0,0.555069894009,0.555069894009,0.109459447782,64,1,8,0,3.058
"Fig. 3(c,d)",8,8-QAM,raw_label_srm,0.2,0.25,0.5,0.24,0.753982236862,1.34719267184,0.360206309789,interface_0p2db,0.2,0.25,0.954992586021,0.944060876286,1.54820049879,1.24820049879,1.84820049879,0.999999999999,0.556883912486,0.556883912486,0.107876836558,64,1,8,0,3.049
"Fig. 3(c,d)",8,8-QAM,raw_label_srm,0.2,0.25,0.5,0.245,0.769690200129,1.34544449325,0.360993661389,interface_0p2db,0.2,0.25,0.954992586021,0.944060876286,1.54820049879,1.24820049879,1.84820049879,1.0,0.558555207353,0.558555207352,0.106756368126,64,1,8,0,2.997
"Fig. 3(c,d)",8,8-QAM,raw_label_srm,0.2,0.25,0.5,0.25,0.785398163397,1.34404960138,0.361812837339,interface_0p2db,0.2,0.25,0.954992586021,0.944060876286,1.54820049879,1.24820049879,1.84820049879,1.0,0.560092693853,0.560092693853,0.106070980796,64,1,8,0,3.057
"Fig. 3(c,d)",8,8-QAM,raw_label_srm,0.2,0.25,0.5,0.255,0.801106126665,1.34298697188,0.36266247759,interface_0p2db,0.2,0.25,0.954992586021,0.944060876286,1.54820049879,1.24820049879,1.84820049879,1.0,0.561505239877,0.561505239877,0.105794691324,64,1,8,0,2.969
"Fig. 3(c,d)",8,8-QAM,raw_label_srm,0.2,0.25,0.5,0.26,0.816814089933,1.34223667916,0.3635413253,interface_0p2db,0.2,0.25,0.954992586021,0.944060876286,1.54820049879,1.24820049879,1.84820049879,0.999999999999,0.562801335114,0.562801335114,0.105903427722,64,1,8,0,2.989
"Fig. 3(c,d)",8,8-QAM,raw_label_srm,0.2,0.25,0.5,0.265,0.832522053201,1.34177985546,0.364448218078,interface_0p2db,0.2,0.25,0.954992586021,0.944060876286,1.54820049879,1.24820049879,1.84820049879,0.999999999997,0.563989091712,0.56398909171,0.106374941172,64,1,8,0,3.014
"Fig. 3(c,d)",8,8-QAM,raw_label_srm,0.2,0.25,0.5,0.27,0.848230016469,1.34159887953,0.365382080916,interface_0p2db,0.2,0.25,0.954992586021,0.944060876286,1.54820049879,1.24820049879,1.84820049879,0.999999999997,0.565076146307,0.565076146305,0.107188967504,64,1,8,0,2.9
"Fig. 3(c,d)",8,8-QAM,raw_label_srm,0.2,0.25,0.5,0.275,0.863937979737,1.34167739944,0.366341917786,interface_0p2db,0.2,0.25,0.954992586021,0.944060876286,1.54820049879,1.24820049879,1.84820049879,0.999999999998,0.566069636787,0.566069636786,0.108327183168,64,1,8,0,2.743
"Fig. 3(c,d)",8,8-QAM,raw_label_srm,0.2,0.25,0.5,0.28,0.879645943005,1.34200017746,0.36732680483,interface_0p2db,0.2,0.25,0.954992586021,0.944060876286,1.54820049879,1.24820049879,1.84820049879,0.999999999999,0.56697625904,0.566976259039,0.109772946585,64,1,8,0,2.762
"Fig. 3(c,d)",8,8-QAM,raw_label_srm,0.2,0.25,0.5,0.285,0.895353906273,1.34255313371,0.368335884168,interface_0p2db,0.2,0.25,0.954992586021,0.944060876286,1.54820049879,1.24820049879,1.84820049879,0.999999999999,0.567802238182,0.567802238181,0.111511274728,64,1,8,0,2.686
"Fig. 3(c,d)",8,8-QAM,raw_label_srm,0.2,0.25,0.5,0.29,0.911061869541,1.34332320543,0.369368358297,interface_0p2db,0.2,0.25,0.954992586021,0.944060876286,1.54820049879,1.24820049879,1.84820049879,0.999999999998,0.568553382159,0.568553382158,0.113528604016,64,1,8,0,2.676
"Fig. 3(c,d)",8,8-QAM,raw_label_srm,0.2,0.25,0.5,0.295,0.926769832809,1.34429822181,0.370423485196,interface_0p2db,0.2,0.25,0.954992586021,0.944060876286,1.54820049879,1.24820049879,1.84820049879,0.999999999995,0.569235129726,0.569235129723,0.115812572226,64,1,8,0,2.632
"Fig. 3(c,d)",8,8-QAM,raw_label_srm,0.2,0.25,0.5,0.3,0.942477796077,1.34546689424,0.371500573888,interface_0p2db,0.2,0.25,0.954992586021,0.944060876286,1.54820049879,1.24820049879,1.84820049879,0.999999999996,0.569852548875,0.569852548873,0.11835194293,64,1,8,0,1.404
