M,constellation,loss_db,eta,spacing_d,hashing_bound_bits_per_attempt,success_probability,average_target_fidelity,useful_outcomes,grid_region,seconds
4,4-QAM,0.9,0.812830516164,0.5,0.144550508229,0.999999999367,0.954286261774,12,full_d,0.043
4,4-QAM,0.9,0.812830516164,0.5025,0.145551976388,0.999999997998,0.953838754946,12,full_d,0.023
4,4-QAM,0.9,0.812830516164,0.505,0.14655125484,0.999999999965,0.953389229101,12,full_d,0.024
4,4-QAM,0.9,0.812830516164,0.5075,0.147548275403,0.999999999921,0.952937687359,12,full_d,0.026
4,4-QAM,0.9,0.812830516164,0.51,0.14854297129,0.999999999573,0.952484132853,12,full_d,0.004
4,4-QAM,0.9,0.812830516164,0.5125,0.149535275976,0.999999999774,0.952028568735,12,full_d,0.044
4,4-QAM,0.9,0.812830516164,0.515,0.150525123112,0.999999999989,0.951570998168,12,full_d,0.003
4,4-QAM,0.9,0.812830516164,0.5175,0.151512446622,0.999999998923,0.951111424331,12,full_d,0.025
4,4-QAM,0.9,0.812830516164,0.52,0.152497181541,0.999999999988,0.95064985042,12,full_d,0.003
4,4-QAM,0.9,0.812830516164,0.5225,0.153479262302,0.999999999987,0.950186279643,12,full_d,0.040
4,4-QAM,0.9,0.812830516164,0.525,0.154458624391,0.99999999998,0.949720715225,12,full_d,0.004
4,4-QAM,0.9,0.812830516164,0.5275,0.155435203548,0.99999999999,0.949253160406,12,full_d,0.003
4,4-QAM,0.9,0.812830516164,0.53,0.156408935717,0.999999998655,0.948783618439,12,full_d,0.003
4,4-QAM,0.9,0.812830516164,0.5325,0.157379758032,0.999999999527,0.948312092593,12,full_d,0.005
4,4-QAM,0.9,0.812830516164,0.535,0.158347606964,0.999999999174,0.947838586155,12,full_d,0.030
4,4-QAM,0.9,0.812830516164,0.5375,0.159312420323,0.999999999926,0.947363102423,12,full_d,0.003
4,4-QAM,0.9,0.812830516164,0.54,0.160274135661,0.999999999698,0.946885644712,12,full_d,0.003
4,4-QAM,0.9,0.812830516164,0.5425,0.161232691395,0.999999999056,0.946406216353,12,full_d,0.003
4,4-QAM,0.9,0.812830516164,0.545,0.162188026626,0.999999999988,0.94592482069,12,full_d,0.007
4,4-QAM,0.9,0.812830516164,0.5475,0.163140080153,0.999999999796,0.945441461085,12,full_d,0.026
4,4-QAM,0.9,0.812830516164,0.55,0.164088791918,0.999999999993,0.944956140913,12,full_d,0.077
4,4-QAM,0.9,0.812830516164,0.5525,0.16503410199,0.999999999996,0.944468863566,12,full_d,0.003
4,4-QAM,0.9,0.812830516164,0.555,0.165975951037,0.999999999997,0.94397963245,12,full_d,0.008
4,4-QAM,0.9,0.812830516164,0.5575,0.166914280171,0.999999999991,0.943488450988,12,full_d,0.019
4,4-QAM,0.9,0.812830516164,0.56,0.16784903099,0.99999999999,0.942995322618,12,full_d,0.003
4,4-QAM,0.9,0.812830516164,0.5625,0.168780145542,0.999999999766,0.942500250792,12,full_d,0.024
4,4-QAM,0.9,0.812830516164,0.565,0.169707566517,0.999999999994,0.942003238979,12,full_d,0.003
4,4-QAM,0.9,0.812830516164,0.5675,0.170631236878,0.999999999999,0.941504290664,12,full_d,0.003
4,4-QAM,0.9,0.812830516164,0.57,0.17155110024,0.999999999994,0.941003409347,12,full_d,0.037
4,4-QAM,0.9,0.812830516164,0.5725,0.172467100621,0.999999999574,0.940500598544,12,full_d,0.004
4,4-QAM,0.9,0.812830516164,0.575,0.173379182839,0.999999999994,0.939995861785,12,full_d,0.012
4,4-QAM,0.9,0.812830516164,0.5775,0.174287291781,0.999999999898,0.939489202619,12,full_d,0.027
4,4-QAM,0.9,0.812830516164,0.58,0.175191373214,0.999999999999,0.938980624609,12,full_d,0.004
4,4-QAM,0.9,0.812830516164,0.5825,0.17609137325,0.999999999946,0.938470131334,12,full_d,0.003
4,4-QAM,0.9,0.812830516164,0.585,0.176987238622,0.999999999897,0.937957726389,12,full_d,0.004
4,4-QAM,0.9,0.812830516164,0.5875,0.177878916596,0.999999999971,0.937443413386,12,full_d,0.003
4,4-QAM,0.9,0.812830516164,0.59,0.17876635493,0.999999999998,0.93692719595,12,full_d,0.083
4,4-QAM,0.9,0.812830516164,0.5925,0.179649501963,0.999999999999,0.936409077727,12,full_d,0.017
4,4-QAM,0.9,0.812830516164,0.595,0.18052830658,0.999999999947,0.935889062375,12,full_d,0.014
4,4-QAM,0.9,0.812830516164,0.5975,0.181402718233,0.999999999879,0.935367153571,12,full_d,0.008
4,4-QAM,0.9,0.812830516164,0.6,0.182272686934,0.999999999811,0.934843355007,12,full_d,0.024
4,4-QAM,0.9,0.812830516164,0.6025,0.183138163294,0.999999999946,0.934317670391,12,full_d,0.005
4,4-QAM,0.9,0.812830516164,0.605,0.183999098405,0.999999999968,0.933790103448,12,full_d,0.014
4,4-QAM,0.9,0.812830516164,0.6075,0.184855443996,0.999999999928,0.93326065792,12,full_d,0.003
4,4-QAM,0.9,0.812830516164,0.61,0.185707152382,0.999999999881,0.932729337565,12,full_d,0.003
4,4-QAM,0.9,0.812830516164,0.6125,0.186554176483,0.999999999997,0.932196146158,12,full_d,0.058
4,4-QAM,0.9,0.812830516164,0.615,0.187396469725,0.999999999997,0.931661087491,12,full_d,0.016
4,4-QAM,0.9,0.812830516164,0.6175,0.1882339862,0.999999999998,0.931124165371,12,full_d,0.003
4,4-QAM,0.9,0.812830516164,0.62,0.189066680572,0.999999999974,0.930585383625,12,full_d,0.003
4,4-QAM,0.9,0.812830516164,0.6225,0.189894508121,0.999999999957,0.930044746093,12,full_d,0.037
4,4-QAM,0.9,0.812830516164,0.625,0.19071742471,0.999999999879,0.929502256635,12,full_d,0.003
4,4-QAM,0.9,0.812830516164,0.6275,0.191535386876,0.999999999994,0.928957919128,12,full_d,0.003
4,4-QAM,0.9,0.812830516164,0.63,0.192348351651,0.999999999925,0.928411737464,12,full_d,0.003
4,4-QAM,0.9,0.812830516164,0.6325,0.193156276818,0.999999999992,0.927863715555,12,full_d,0.003
4,4-QAM,0.9,0.812830516164,0.635,0.193959120677,0.999999999966,0.927313857327,12,full_d,0.004
4,4-QAM,0.9,0.812830516164,0.6375,0.194756842229,0.999999999999,0.926762166727,12,full_d,0.004
4,4-QAM,0.9,0.812830516164,0.64,0.195549401056,0.999999999992,0.926208647717,12,full_d,0.004
4,4-QAM,0.9,0.812830516164,0.6425,0.196336757392,0.999999999937,0.925653304277,12,full_d,0.019
4,4-QAM,0.9,0.812830516164,0.645,0.197118872138,0.999999999975,0.925096140405,12,full_d,0.022
4,4-QAM,0.9,0.812830516164,0.6475,0.197895706788,0.999999999998,0.924537160116,12,full_d,0.021
4,4-QAM,0.9,0.812830516164,0.65,0.198667223496,0.999999999968,0.923976367444,12,full_d,0.029
4,4-QAM,0.9,0.812830516164,0.6525,0.199433385091,0.999999999998,0.92341376644,12,full_d,0.022
4,4-QAM,0.9,0.812830516164,0.655,0.200194155016,0.999999999984,0.922849361173,12,full_d,0.061
4,4-QAM,0.9,0.812830516164,0.6575,0.200949497392,0.999999999959,0.922283155731,12,full_d,0.003
4,4-QAM,0.9,0.812830516164,0.66,0.201699376992,0.999999999904,0.921715154218,12,full_d,0.003
4,4-QAM,0.9,0.812830516164,0.6625,0.202443759281,0.999999999952,0.921145360758,12,full_d,0.004
4,4-QAM,0.9,0.812830516164,0.665,0.203182610341,0.999999999999,0.920573779492,12,full_d,0.023
4,4-QAM,0.9,0.812830516164,0.6675,0.203915896921,0.999999999941,0.920000414581,12,full_d,0.015
4,4-QAM,0.9,0.812830516164,0.67,0.204643586507,0.999999999986,0.919425270204,12,full_d,0.003
4,4-QAM,0.9,0.812830516164,0.6725,0.205365647188,0.999999999995,0.918848350557,12,full_d,0.003
4,4-QAM,0.9,0.812830516164,0.675,0.206082047765,0.999999999994,0.918269659856,12,full_d,0.003
4,4-QAM,0.9,0.812830516164,0.6775,0.206792757715,0.999999999999,0.917689202336,12,full_d,0.021
4,4-QAM,0.9,0.812830516164,0.68,0.207497747193,0.999999999999,0.91710698225,12,full_d,0.004
4,4-QAM,0.9,0.812830516164,0.6825,0.208196987045,1,0.916523003871,12,full_d,0.018
4,4-QAM,0.9,0.812830516164,0.685,0.208890448792,0.999999999965,0.915937271489,12,full_d,0.004
4,4-QAM,0.9,0.812830516164,0.6875,0.209578104679,0.999999999998,0.915349789414,12,full_d,0.004
4,4-QAM,0.9,0.812830516164,0.69,0.210259927592,0.999999999963,0.914760561977,12,full_d,0.046
4,4-QAM,0.9,0.812830516164,0.6925,0.21093589117,0.999999999999,0.914169593527,12,full_d,0.008
4,4-QAM,0.9,0.812830516164,0.695,0.211605969697,0.999999999997,0.91357688843,12,full_d,0.027
4,4-QAM,0.9,0.812830516164,0.6975,0.212270138188,0.999999999997,0.912982451076,12,full_d,0.014
4,4-QAM,0.9,0.812830516164,0.7,0.21292837235,0.999999999988,0.91238628587,12,full_d,0.004
4,4-QAM,0.9,0.812830516164,0.7025,0.213580648601,0.999999999999,0.911788397241,12,full_d,0.004
4,4-QAM,0.9,0.812830516164,0.705,0.214226944052,0.999999999999,0.911188789634,12,full_d,0.007
4,4-QAM,0.9,0.812830516164,0.7075,0.214867236527,0.999999999981,0.910587467516,12,full_d,0.025
4,4-QAM,0.9,0.812830516164,0.71,0.21550150457,1,0.909984435373,12,full_d,0.010
4,4-QAM,0.9,0.812830516164,0.7125,0.216129727415,1,0.909379697713,12,full_d,0.027
4,4-QAM,0.9,0.812830516164,0.715,0.216751885022,0.999999999995,0.90877325906,12,full_d,0.025
4,4-QAM,0.9,0.812830516164,0.7175,0.217367958062,0.999999999998,0.908165123963,12,full_d,0.006
4,4-QAM,0.9,0.812830516164,0.72,0.217977927917,0.999999999989,0.907555296987,12,full_d,0.024
4,4-QAM,0.9,0.812830516164,0.7225,0.218581776694,0.999999999999,0.906943782721,12,full_d,0.004
4,4-QAM,0.9,0.812830516164,0.725,0.219179487205,0.999999999999,0.906330585772,12,full_d,0.004
4,4-QAM,0.9,0.812830516164,0.7275,0.219771042988,0.999999999999,0.90571571077,12,full_d,0.045
4,4-QAM,0.9,0.812830516164,0.73,0.220356428297,0.999999999995,0.905099162362,12,full_d,0.023
4,4-QAM,0.9,0.812830516164,0.7325,0.22093562811,0.999999999999,0.904480945219,12,full_d,0.004
4,4-QAM,0.9,0.812830516164,0.735,0.221508628119,0.999999999999,0.903861064032,12,full_d,0.035
4,4-QAM,0.9,0.812830516164,0.7375,0.222075414743,0.999999999999,0.903239523513,12,full_d,0.004
4,4-QAM,0.9,0.812830516164,0.74,0.22263597512,0.999999999998,0.902616328395,12,full_d,0.003
4,4-QAM,0.9,0.812830516164,0.7425,0.223190297108,0.999999999991,0.901991483431,12,full_d,0.013
4,4-QAM,0.9,0.812830516164,0.745,0.223738369297,0.999999999999,0.901364993396,12,full_d,0.005
4,4-QAM,0.9,0.812830516164,0.7475,0.224280180986,0.999999999999,0.900736863088,12,full_d,0.013
4,4-QAM,0.9,0.812830516164,0.75,0.224815722205,1,0.900107097323,12,full_d,0.024
4,4-QAM,0.9,0.812830516164,0.7525,0.225344983704,0.999999999994,0.899475700942,12,full_d,0.015
4,4-QAM,0.9,0.812830516164,0.755,0.22586795696,1,0.898842678805,12,full_d,0.059
4,4-QAM,0.9,0.812830516164,0.7575,0.226384634164,0.999999999996,0.898208035795,12,full_d,0.033
4,4-QAM,0.9,0.812830516164,0.76,0.226895008236,0.99999999999,0.897571776816,12,full_d,0.008
4,4-QAM,0.9,0.812830516164,0.7625,0.227399072819,1,0.896933906794,12,full_d,0.015
4,4-QAM,0.9,0.812830516164,0.765,0.227896822267,0.999999999999,0.896294430677,12,full_d,0.003
4,4-QAM,0.9,0.812830516164,0.7675,0.228388251661,0.999999999993,0.895653353436,12,full_d,0.003
4,4-QAM,0.9,0.812830516164,0.77,0.228873356806,0.999999999999,0.895010680061,12,full_d,0.061
4,4-QAM,0.9,0.812830516164,0.7725,0.229352134216,0.999999999999,0.894366415568,12,full_d,0.003
4,4-QAM,0.9,0.812830516164,0.775,0.229824581127,0.999999999997,0.893720564993,12,full_d,0.009
4,4-QAM,0.9,0.812830516164,0.7775,0.230290695493,1,0.893073133394,12,full_d,0.004
4,4-QAM,0.9,0.812830516164,0.78,0.23075047598,0.999999999993,0.892424125852,12,full_d,0.047
4,4-QAM,0.9,0.812830516164,0.7825,0.231203921972,1,0.891773547471,12,full_d,0.003
4,4-QAM,0.9,0.812830516164,0.785,0.231651033561,0.999999999999,0.891121403376,12,full_d,0.003
4,4-QAM,0.9,0.812830516164,0.7875,0.232091811549,0.999999999992,0.890467698716,12,full_d,0.004
4,4-QAM,0.9,0.812830516164,0.79,0.232526257456,0.999999999999,0.889812438661,12,full_d,0.003
4,4-QAM,0.9,0.812830516164,0.7925,0.232954373498,0.999999999999,0.889155628406,12,full_d,0.008
4,4-QAM,0.9,0.812830516164,0.795,0.233376162602,0.999999999999,0.888497273167,12,full_d,0.005
4,4-QAM,0.9,0.812830516164,0.7975,0.233791628398,1,0.887837378182,12,full_d,0.034
4,4-QAM,0.9,0.812830516164,0.8,0.234200775218,0.999999999999,0.887175948714,12,full_d,0.008
4,4-QAM,0.9,0.812830516164,0.8025,0.23460360809,0.999999999999,0.886512990048,12,full_d,0.003
4,4-QAM,0.9,0.812830516164,0.805,0.235000132742,1,0.885848507491,12,full_d,0.003
4,4-QAM,0.9,0.812830516164,0.8075,0.235390355591,0.999999999993,0.885182506375,12,full_d,0.004
4,4-QAM,0.9,0.812830516164,0.81,0.235774283754,1,0.884514992052,12,full_d,0.006
4,4-QAM,0.9,0.812830516164,0.8125,0.236151925027,0.999999999997,0.8838459699,12,full_d,0.039
4,4-QAM,0.9,0.812830516164,0.815,0.236523287898,0.999999999997,0.883175445319,12,full_d,0.023
4,4-QAM,0.9,0.812830516164,0.8175,0.236888381537,0.999999999999,0.882503423731,12,full_d,0.003
4,4-QAM,0.9,0.812830516164,0.82,0.237247215791,0.999999999999,0.881829910584,12,low_d,0.084
4,4-QAM,0.9,0.812830516164,0.822,0.237529783488,0.999999999996,0.881290029818,12,low_d,0.030
4,4-QAM,0.9,0.812830516164,0.8225,0.237599801187,0.999999999999,0.881154911346,12,full_d,0.003
4,4-QAM,0.9,0.812830516164,0.824,0.237808357603,0.999999999998,0.880749200764,12,low_d,0.019
4,4-QAM,0.9,0.812830516164,0.825,0.237946148924,1,0.88047843151,12,full_d,0.010
4,4-QAM,0.9,0.812830516164,0.826,0.23808294411,0.999999999999,0.880207426243,12,low_d,0.019
4,4-QAM,0.9,0.812830516164,0.8275,0.238286270869,1,0.879800476593,12,full_d,0.004
4,4-QAM,0.9,0.812830516164,0.828,0.238353549255,0.999999999997,0.879664709086,12,low_d,0.049
4,4-QAM,0.9,0.812830516164,0.83,0.23862017956,1,0.879121052132,12,low_d,0.003
4,4-QAM,0.9,0.812830516164,0.832,0.238882841815,0.999999999996,0.87857645823,12,low_d,0.011
4,4-QAM,0.9,0.812830516164,0.8325,0.238947888193,0.999999999997,0.878440163691,12,full_d,0.019
4,4-QAM,0.9,0.812830516164,0.834,0.239141543084,1,0.878030930239,12,low_d,0.003
4,4-QAM,0.9,0.812830516164,0.835,0.239269410628,0.999999999999,0.877757816856,12,full_d,0.030
4,4-QAM,0.9,0.812830516164,0.836,0.239396290694,0.999999999996,0.877484471027,12,low_d,0.054
4,4-QAM,0.9,0.812830516164,0.8375,0.239584761375,0.999999999998,0.877074017235,12,full_d,0.003
4,4-QAM,0.9,0.812830516164,0.838,0.239647092245,0.999999999999,0.876937083472,12,low_d,0.004
4,4-QAM,0.9,0.812830516164,0.84,0.239893955597,0.999999999999,0.876388770461,12,low_d,0.004
4,4-QAM,0.9,0.812830516164,0.842,0.24013688888,0.999999999996,0.875839534891,12,low_d,0.003
4,4-QAM,0.9,0.812830516164,0.8425,0.240197009106,0.999999999999,0.875702082189,12,full_d,0.013
4,4-QAM,0.9,0.812830516164,0.844,0.240375900488,1,0.875289379669,12,low_d,0.004
4,4-QAM,0.9,0.812830516164,0.845,0.240493938355,0.999999999998,0.875013958099,12,full_d,0.086
4,4-QAM,0.9,0.812830516164,0.846,0.240610999069,0.999999999996,0.87473830771,12,low_d,0.004
4,4-QAM,0.9,0.812830516164,0.8475,0.240784760437,1,0.874324403892,12,full_d,0.022
4,4-QAM,0.9,0.812830516164,0.848,0.240842193542,1,0.874186321941,12,low_d,0.003
4,4-QAM,0.9,0.812830516164,0.85,0.241069493076,0.999999999997,0.873633425295,12,low_d,0.004
4,4-QAM,0.9,0.812830516164,0.852,0.241292907105,1,0.873079620719,12,low_d,0.003
4,4-QAM,0.9,0.812830516164,0.8525,0.241348154631,1,0.872941028057,12,full_d,0.003
4,4-QAM,0.9,0.812830516164,0.854,0.241512445313,0.999999999998,0.872524911165,12,low_d,0.012
4,4-QAM,0.9,0.812830516164,0.855,0.241620764081,0.999999999999,0.872247217948,12,full_d,0.004
4,4-QAM,0.9,0.812830516164,0.856,0.241728117642,1,0.871969299599,12,low_d,0.003
4,4-QAM,0.9,0.812830516164,0.8575,0.241887341028,1,0.871552000765,12,full_d,0.028
4,4-QAM,0.9,0.812830516164,0.858,0.241939934285,1,0.871412788991,12,low_d,0.009
4,4-QAM,0.9,0.812830516164,0.86,0.242147905688,0.999999999999,0.870855382327,12,low_d,0.009
4,4-QAM,0.9,0.812830516164,0.862,0.242352042545,0.999999999998,0.870297082597,12,low_d,0.023
4,4-QAM,0.9,0.812830516164,0.8625,0.242402478889,1,0.870157368474,12,full_d,0.003
4,4-QAM,0.9,0.812830516164,0.864,0.2425523558,0.999999999999,0.869737892803,12,low_d,0.021
4,4-QAM,0.9,0.812830516164,0.865,0.242651082064,1,0.869457965073,12,full_d,0.003
4,4-QAM,0.9,0.812830516164,0.866,0.242748856642,1,0.869177815957,12,low_d,0.031
4,4-QAM,0.9,0.812830516164,0.8675,0.242893737245,1,0.86875717801,12,full_d,0.008
4,4-QAM,0.9,0.812830516164,0.868,0.242941556502,0.999999999998,0.868616855078,12,low_d,0.008
4,4-QAM,0.9,0.812830516164,0.87,0.24313046706,0.999999999996,0.868055013198,12,low_d,0.004
4,4-QAM,0.9,0.812830516164,0.872,0.243315600233,1,0.867492293355,12,low_d,0.023
4,4-QAM,0.9,0.812830516164,0.8725,0.243361294728,0.999999999999,0.86735147657,12,full_d,0.003
4,4-QAM,0.9,0.812830516164,0.874,0.243496968176,0.999999999999,0.866928698599,12,low_d,0.026
4,4-QAM,0.9,0.812830516164,0.875,0.243586244051,0.999999999999,0.866646574084,12,full_d,0.021
4,4-QAM,0.9,0.812830516164,0.876,0.243674583285,0.999999999999,0.866364231987,12,low_d,0.003
4,4-QAM,0.9,0.812830516164,0.8775,0.243805339408,1,0.865940311718,12,full_d,0.004
4,4-QAM,0.9,0.812830516164,0.878,0.243848458189,0.999999999999,0.865798896588,12,low_d,0.004
4,4-QAM,0.9,0.812830516164,0.88,0.244018605753,0.999999999999,0.865232695478,12,low_d,0.026
4,4-QAM,0.9,0.812830516164,0.882,0.244185039072,0.999999999998,0.864665631743,12,low_d,0.008
4,4-QAM,0.9,0.812830516164,0.8825,0.244226068608,0.999999999999,0.864523731387,12,full_d,0.017
4,4-QAM,0.9,0.812830516164,0.884,0.244347771472,1,0.86409770848,12,low_d,0.022
4,4-QAM,0.9,0.812830516164,0.885,0.244427754053,0.999999999999,0.863813425495,12,full_d,0.029
4,4-QAM,0.9,0.812830516164,0.886,0.244506816505,1,0.863528928793,12,low_d,0.013
4,4-QAM,0.9,0.812830516164,0.8875,0.244623688728,1,0.863101783872,12,full_d,0.062
4,4-QAM,0.9,0.812830516164,0.888,0.244662187953,1,0.862959295796,12,low_d,0.017
4,4-QAM,0.9,0.812830516164,0.89,0.244813899818,1,0.862388812612,12,low_d,0.076
4,4-QAM,0.9,0.812830516164,0.892,0.244961966325,0.999999999999,0.861817482376,12,low_d,0.015
4,4-QAM,0.9,0.812830516164,0.8925,0.244998415053,1,0.861674517832,12,full_d,0.003
4,4-QAM,0.9,0.812830516164,0.894,0.245106401922,1,0.861245308227,12,low_d,0.119
4,4-QAM,0.9,0.812830516164,0.895,0.245177262702,0.999999999998,0.86095890567,12,full_d,0.003
4,4-QAM,0.9,0.812830516164,0.896,0.24524722127,1,0.860672293317,12,low_d,0.014
4,4-QAM,0.9,0.812830516164,0.8975,0.245350471561,1,0.860241982286,12,full_d,0.003
4,4-QAM,0.9,0.812830516164,0.898,0.245384439249,0.999999999998,0.860098440806,12,low_d,0.004
4,4-QAM,0.9,0.812830516164,0.9,0.245518070953,0.999999999999,0.859523753864,12,low_d,0.031
4,4-QAM,0.9,0.812830516164,0.902,0.245648131685,1,0.858948235667,12,low_d,0.003
4,4-QAM,0.9,0.812830516164,0.9025,0.245680090717,0.999999999998,0.858804226608,12,full_d,0.004
4,4-QAM,0.9,0.812830516164,0.904,0.24577463696,1,0.858371889405,12,low_d,0.003
4,4-QAM,0.9,0.812830516164,0.905,0.245836561205,1,0.858083406747,12,full_d,0.003
4,4-QAM,0.9,0.812830516164,0.906,0.245897602497,1,0.857794718272,12,low_d,0.004
4,4-QAM,0.9,0.812830516164,0.9075,0.245987513271,0.999999999999,0.857361300528,12,full_d,0.010
4,4-QAM,0.9,0.812830516164,0.908,0.246017044225,1,0.857216725473,12,low_d,0.003
4,4-QAM,0.9,0.812830516164,0.91,0.24613297827,1,0.856637914224,12,low_d,0.003
4,4-QAM,0.9,0.812830516164,0.912,0.246245420963,1,0.856058287746,12,low_d,0.004
4,4-QAM,0.9,0.812830516164,0.9125,0.246272988045,0.999999999999,0.855913254125,12,full_d,0.003
4,4-QAM,0.9,0.812830516164,0.914,0.246354388831,0.999999999999,0.855477849271,12,low_d,0.003
4,4-QAM,0.9,0.812830516164,0.915,0.246407574924,1,0.855187326547,12,full_d,0.011
4,4-QAM,0.9,0.812830516164,0.916,0.246459898597,0.999999999999,0.854896602039,12,low_d,0.013
4,4-QAM,0.9,0.812830516164,0.9175,0.246536771713,0.999999999999,0.854460137823,12,full_d,0.004
4,4-QAM,0.9,0.812830516164,0.918,0.24656196718,1,0.8543145493,12,low_d,0.003
4,4-QAM,0.9,0.812830516164,0.92,0.246660611686,0.999999999999,0.853731694312,12,low_d,0.004
4,4-QAM,0.9,0.812830516164,0.922,0.246755849414,1,0.853148040341,12,low_d,0.063
4,4-QAM,0.9,0.812830516164,0.9225,0.246779128581,0.999999999999,0.853002002391,12,full_d,0.008
4,4-QAM,0.9,0.812830516164,0.924,0.246847697847,1,0.852563590662,12,low_d,0.004
4,4-QAM,0.9,0.812830516164,0.925,0.246892356592,0.999999999999,0.852271068457,12,full_d,0.023
4,4-QAM,0.9,0.812830516164,0.926,0.246936174653,1,0.851978348558,12,low_d,0.004
4,4-QAM,0.9,0.812830516164,0.9275,0.247000330359,0.999999999999,0.851538898931,12,full_d,0.016
4,4-QAM,0.9,0.812830516164,0.928,0.247021297684,1,0.851392317321,12,low_d,0.003
4,4-QAM,0.9,0.812830516164,0.93,0.247103084967,1,0.850805500253,12,low_d,0.004
4,4-QAM,0.9,0.812830516164,0.932,0.24718155471,1,0.850217900661,12,low_d,0.034
4,4-QAM,0.9,0.812830516164,0.9325,0.24720065593,1,0.850070878883,12,full_d,0.003
4,4-QAM,0.9,0.812830516164,0.934,0.247256725292,1,0.849629521864,12,low_d,0.003
4,4-QAM,0.9,0.812830516164,0.935,0.247293079189,1,0.849335041302,12,full_d,0.060
4,4-QAM,0.9,0.812830516164,0.936,0.247328615267,1,0.849040367185,12,low_d,0.004
4,4-QAM,0.9,0.812830516164,0.9375,0.247380391106,1,0.84859799401,12,full_d,0.035
4,4-QAM,0.9,0.812830516164,0.938,0.247397243357,1,0.84845043996,12,low_d,0.003
4,4-QAM,0.9,0.812830516164,0.94,0.247462628452,1,0.847859743529,12,low_d,0.003
4,4-QAM,0.9,0.812830516164,0.942,0.247524789603,1,0.847268281243,12,low_d,0.004
4,4-QAM,0.9,0.812830516164,0.9425,0.247539828398,1,0.8471202964,12,full_d,0.039
4,4-QAM,0.9,0.812830516164,0.944,0.247583746028,1,0.846676056459,12,low_d,0.003
4,4-QAM,0.9,0.812830516164,0.945,0.247612028516,0.999999999999,0.846379659182,12,full_d,0.004
4,4-QAM,0.9,0.812830516164,0.946,0.2476395171,0.999999999999,0.846083072543,12,low_d,0.004
4,4-QAM,0.9,0.812830516164,0.9475,0.247679266761,1,0.845637838455,12,full_d,0.003
4,4-QAM,0.9,0.812830516164,0.948,0.247692122352,1,0.845489332869,12,low_d,0.004
4,4-QAM,0.9,0.812830516164,0.95,0.247741581469,0.999999999999,0.844894840818,12,low_d,0.038
4,4-QAM,0.9,0.812830516164,0.952,0.247787914289,1,0.84429959978,12,low_d,0.003
4,4-QAM,0.9,0.812830516164,0.9525,0.247799011348,1,0.844150672889,12,full_d,0.003
4,4-QAM,0.9,0.812830516164,0.954,0.247831140796,1,0.843703613151,12,low_d,0.004
4,4-QAM,0.9,0.812830516164,0.955,0.247851595469,1,0.843405341304,12,full_d,0.003
4,4-QAM,0.9,0.812830516164,0.956,0.247871281125,1,0.843106884336,12,low_d,0.024
4,4-QAM,0.9,0.812830516164,0.9575,0.247899373259,0.999999999999,0.842658852718,12,full_d,0.004
4,4-QAM,0.9,0.812830516164,0.958,0.247908355551,1,0.842509416748,12,low_d,0.003
4,4-QAM,0.9,0.812830516164,0.96,0.247942384491,1,0.841911213806,12,low_d,0.011
4,4-QAM,0.9,0.812830516164,0.962,0.247973388501,1,0.841312278936,12,low_d,0.003
4,4-QAM,0.9,0.812830516164,0.9625,0.24798066928,1,0.841162431258,12,full_d,0.004
4,4-QAM,0.9,0.812830516164,0.964,0.248001388271,1,0.840712615574,12,low_d,0.021
4,4-QAM,0.9,0.812830516164,0.965,0.248014268069,1,0.840412511783,12,full_d,0.043
4,4-QAM,0.9,0.812830516164,0.966,0.248026404626,0.999999999999,0.840112227161,12,low_d,0.003
4,4-QAM,0.9,0.812830516164,0.9675,0.248043221627,1,0.83966146211,12,full_d,0.003
4,4-QAM,0.9,0.812830516164,0.968,0.24804845852,1,0.839511117145,12,low_d,0.017
4,4-QAM,0.9,0.812830516164,0.97,0.248067571034,0.999999999999,0.838909288982,12,low_d,0.006
4,4-QAM,0.9,0.812830516164,0.972,0.248083763375,0.999999999999,0.838306746136,12,low_d,0.052
4,4-QAM,0.9,0.812830516164,0.9725,0.24808735768,1,0.838155999162,12,full_d,0.003
4,4-QAM,0.9,0.812830516164,0.974,0.248097056872,1,0.837703492076,12,low_d,0.024
4,4-QAM,0.9,0.812830516164,0.975,0.248102623251,1,0.837401599427,12,full_d,0.012
4,4-QAM,0.9,0.812830516164,0.976,0.248107472971,1,0.837099530279,12,low_d,0.013
4,4-QAM,0.9,0.812830516164,0.9775,0.248113409722,1,0.836646096574,12,full_d,0.003
4,4-QAM,0.9,0.812830516164,0.978,0.248115033238,0.999999999999,0.836494864228,12,low_d,0.003
4,4-QAM,0.9,0.812830516164,0.98,0.24811975935,1,0.835889497414,12,low_d,0.007
4,4-QAM,0.9,0.812830516164,0.982,0.248121673097,1,0.835283433333,12,low_d,0.070
4,4-QAM,0.9,0.812830516164,0.9825,0.248121714665,1,0.835131808775,12,full_d,0.007
4,4-QAM,0.9,0.812830516164,0.984,0.248120796375,1,0.834676675488,12,low_d,0.003
4,4-QAM,0.9,0.812830516164,0.985,0.24811931846,1,0.834373037501,12,full_d,0.032
4,4-QAM,0.9,0.812830516164,0.986,0.248117151187,1,0.83406922739,12,low_d,0.080
4,4-QAM,0.9,0.812830516164,0.9875,0.248112613784,1,0.833613190451,12,full_d,0.015
4,4-QAM,0.9,0.812830516164,0.988,0.248110759638,1,0.833461092553,12,low_d,0.004
4,4-QAM,0.9,0.812830516164,0.99,0.248101643934,1,0.832852274501,12,low_d,0.003
4,4-QAM,0.9,0.812830516164,0.992,0.248089826375,1,0.832242776762,12,low_d,0.004
4,4-QAM,0.9,0.812830516164,0.9925,0.248086452443,1,0.83209029654,12,full_d,0.003
4,4-QAM,0.9,0.812830516164,0.994,0.248075329358,1,0.83163260287,12,low_d,0.003
4,4-QAM,0.9,0.812830516164,0.995,0.248067083077,1,0.831327263473,12,full_d,0.004
4,4-QAM,0.9,0.812830516164,0.996,0.248058175371,1,0.831021756366,12,low_d,0.003
4,4-QAM,0.9,0.812830516164,0.9975,0.24804357982,1,0.830563182219,12,full_d,0.010
4,4-QAM,0.9,0.812830516164,0.998,0.248038386988,1,0.830410240796,12,low_d,0.003
4,4-QAM,0.9,0.812830516164,1,0.248015986872,1,0.829798059712,12,low_d,0.009
4,4-QAM,0.9,0.812830516164,1.002,0.247990997767,0.999999999999,0.829185216673,12,low_d,0.022
4,4-QAM,0.9,0.812830516164,1.0025,0.247984348634,1,0.8290319029,12,full_d,0.022
4,4-QAM,0.9,0.812830516164,1.004,0.247963442497,1,0.828571715241,12,low_d,0.003
4,4-QAM,0.9,0.812830516164,1.005,0.247948709703,1,0.828264718743,12,full_d,0.020
4,4-QAM,0.9,0.812830516164,1.006,0.247933343963,1,0.827957558986,12,low_d,0.003
4,4-QAM,0.9,0.812830516164,1.0075,0.247909114864,0.999999999999,0.827496514217,12,full_d,0.016
4,4-QAM,0.9,0.812830516164,1.008,0.247900725141,1,0.827342751482,12,low_d,0.004
4,4-QAM,0.9,0.812830516164,1.01,0.247865609077,1,0.826727296308,12,low_d,0.004
4,4-QAM,0.9,0.812830516164,1.012,0.247828018889,0.999999999999,0.826111197049,12,low_d,0.060
4,4-QAM,0.9,0.812830516164,1.0125,0.247818237475,1,0.825957072017,12,full_d,0.078
4,4-QAM,0.9,0.812830516164,1.014,0.247787977756,1,0.825494457296,12,low_d,0.003
4,4-QAM,0.9,0.812830516164,1.015,0.247767045346,1,0.825185848357,12,full_d,0.013
4,4-QAM,0.9,0.812830516164,1.016,0.247745508922,1,0.824877080643,12,low_d,0.003
4,4-QAM,0.9,0.812830516164,1.0175,0.247712078135,1,0.824413632353,12,full_d,0.025
4,4-QAM,0.9,0.812830516164,1.018,0.247700635692,1,0.82425907069,12,low_d,0.003
4,4-QAM,0.9,0.812830516164,1.02,0.247653381427,1,0.823640431042,12,low_d,0.063
4,4-QAM,0.9,0.812830516164,1.022,0.247603769542,0.999999999999,0.823021165308,12,low_d,0.004
4,4-QAM,0.9,0.812830516164,1.0225,0.247591000941,1,0.822866251472,12,full_d,0.004
4,4-QAM,0.9,0.812830516164,1.024,0.247551823503,1,0.822401277101,12,low_d,0.004
4,4-QAM,0.9,0.812830516164,1.025,0.247524982523,1,0.822091100702,12,full_d,0.003
4,4-QAM,0.9,0.812830516164,1.026,0.247497566827,1,0.821780770041,12,low_d,0.003
4,4-QAM,0.9,0.812830516164,1.0275,0.247455372135,1,0.821314985803,12,full_d,0.013
4,4-QAM,0.9,0.812830516164,1.028,0.247441023073,1,0.82115964775,12,low_d,0.003
4,4-QAM,0.9,0.812830516164,1.03,0.247382215845,1,0.820537913855,12,low_d,0.011
4,4-QAM,0.9,0.812830516164,1.032,0.247321168788,1,0.819915571987,12,low_d,0.003
4,4-QAM,0.9,0.812830516164,1.0325,0.247305559824,1,0.819759891951,12,full_d,0.003
4,4-QAM,0.9,0.812830516164,1.034,0.24725790558,1,0.819292625782,12,low_d,0.024
4,4-QAM,0.9,0.812830516164,1.035,0.24722545033,1,0.81898092719,12,full_d,0.003
4,4-QAM,0.9,0.812830516164,1.036,0.247192449938,1,0.818669078878,12,low_d,0.003
4,4-QAM,0.9,0.812830516164,1.0375,0.247141933705,1,0.818201026683,12,full_d,0.072
4,4-QAM,0.9,0.812830516164,1.038,0.247124825608,0.999999999999,0.818044934919,12,low_d,0.004
4,4-QAM,0.9,0.812830516164,1.04,0.247055056363,1,0.817420197551,12,low_d,0.004
4,4-QAM,0.9,0.812830516164,1.042,0.246983166005,1,0.816794870425,12,low_d,0.003
4,4-QAM,0.9,0.812830516164,1.0425,0.246964864783,1,0.816638446922,12,full_d,0.047
4,4-QAM,0.9,0.812830516164,1.044,0.246909178357,1,0.816168957194,12,low_d,0.039
4,4-QAM,0.9,0.812830516164,1.045,0.246871405499,1,0.815855781932,12,full_d,0.003
4,4-QAM,0.9,0.812830516164,1.046,0.246833117261,1,0.815542461516,12,low_d,0.009
4,4-QAM,0.9,0.812830516164,1.0475,0.246774725092,1,0.815072209729,12,full_d,0.003
4,4-QAM,0.9,0.812830516164,1.048,0.246755006578,1,0.814915387052,12,low_d,0.003
4,4-QAM,0.9,0.812830516164,1.05,0.246674870182,1,0.814287737464,12,low_d,0.035
4,4-QAM,0.9,0.812830516164,1.052,0.246592731961,1,0.81365951642,12,low_d,0.003
4,4-QAM,0.9,0.812830516164,1.0525,0.24657188742,1,0.813502372299,12,full_d,0.003
4,4-QAM,0.9,0.812830516164,1.054,0.246508615807,1,0.81303072759,12,low_d,0.005
4,4-QAM,0.9,0.812830516164,1.055,0.246465823475,1,0.812716121402,12,full_d,0.004
4,4-QAM,0.9,0.812830516164,1.056,0.246422545623,1,0.812401374646,12,low_d,0.025
4,4-QAM,0.9,0.812830516164,1.0575,0.246356725032,1,0.811928991948,12,full_d,0.003
4,4-QAM,0.9,0.812830516164,1.058,0.246334545312,1,0.811771461263,12,low_d,0.005
4,4-QAM,0.9,0.812830516164,1.06,0.246244638778,1,0.811140991119,12,low_d,0.004
4,4-QAM,0.9,0.812830516164,1.062,0.246152849922,1,0.810509967895,12,low_d,0.018
4,4-QAM,0.9,0.812830516164,1.0625,0.246129611396,1,0.810352126101,12,full_d,0.004
4,4-QAM,0.9,0.812830516164,1.064,0.246059202642,1,0.809878395273,12,low_d,0.016
4,4-QAM,0.9,0.812830516164,1.065,0.246011689557,1,0.809562404089,12,full_d,0.003
4,4-QAM,0.9,0.812830516164,1.066,0.245963720824,1,0.809246276938,12,low_d,0.016
4,4-QAM,0.9,0.812830516164,1.0675,0.24589091991,1,0.808771832281,12,full_d,0.003
4,4-QAM,0.9,0.812830516164,1.068,0.245866428347,1,0.808613616578,12,low_d,0.014
4,4-QAM,0.9,0.812830516164,1.07,0.245767349074,1,0.807980417882,12,low_d,0.072
4,4-QAM,0.9,0.812830516164,1.072,0.245666506853,1,0.80734668454,12,low_d,0.037
4,4-QAM,0.9,0.812830516164,1.0725,0.24564102363,1,0.807188168099,12,full_d,0.004
4,4-QAM,0.9,0.812830516164,1.074,0.245563925513,1,0.806712420247,12,low_d,0.065
4,4-QAM,0.9,0.812830516164,1.075,0.245511990114,1,0.806395090147,12,full_d,0.003
4,4-QAM,0.9,0.812830516164,1.076,0.24545962886,1,0.806077628696,12,low_d,0.004
4,4-QAM,0.9,0.812830516164,1.0775,0.245380295004,1,0.805601191243,12,full_d,0.003
4,4-QAM,0.9,0.812830516164,1.078,0.245353640677,1,0.805442313584,12,low_d,0.003
4,4-QAM,0.9,0.812830516164,1.08,0.245245984719,1,0.804806478608,12,low_d,0.004
4,4-QAM,0.9,0.812830516164,1.082,0.245136684711,1,0.804170127468,12,low_d,0.003
4,4-QAM,0.9,0.812830516164,1.0825,0.245109105603,1,0.804010959465,12,full_d,0.010
4,4-QAM,0.9,0.812830516164,1.084,0.245025764345,1,0.803533263863,12,low_d,0.004
4,4-QAM,0.9,0.812830516164,1.085,0.244969703923,1,0.803214641044,12,full_d,0.025
4,4-QAM,0.9,0.812830516164,1.086,0.244913247281,1,0.802895891496,12,low_d,0.003
4,4-QAM,0.9,0.812830516164,1.0875,0.244827825858,1,0.802417530573,12,full_d,0.036
4,4-QAM,0.9,0.812830516164,1.088,0.244799157136,1,0.802258014069,12,low_d,0.003
4,4-QAM,0.9,0.812830516164,1.09,0.244683517492,1,0.801619635285,12,low_d,0.004
4,4-QAM,0.9,0.812830516164,1.092,0.244566351883,1,0.800980758849,12,low_d,0.010
4,4-QAM,0.9,0.812830516164,1.0925,0.244536824802,1,0.800820962415,12,full_d,0.003
4,4-QAM,0.9,0.812830516164,1.094,0.2444476838,1,0.800341388464,12,low_d,0.004
4,4-QAM,0.9,0.812830516164,1.095,0.244387793658,1,0.800021519199,12,full_d,0.004
4,4-QAM,0.9,0.812830516164,1.096,0.244327536685,1,0.799701527837,12,low_d,0.012
4,4-QAM,0.9,0.812830516164,1.0975,0.244236469808,1,0.799221312875,12,full_d,0.003
4,4-QAM,0.9,0.812830516164,1.098,0.24420593393,1,0.799061180674,12,low_d,0.021
4,4-QAM,0.9,0.812830516164,1.1,0.244082898873,1,0.79842035068,12,low_d,0.012
4,4-QAM,0.9,0.812830516164,1.102,0.243958454794,1,0.797779041562,12,low_d,0.017
4,4-QAM,0.9,0.812830516164,1.1025,0.243927126338,1,0.797618639853,12,full_d,0.067
4,4-QAM,0.9,0.812830516164,1.104,0.243832624918,1,0.797137257026,12,low_d,0.018
4,4-QAM,0.9,0.812830516164,1.105,0.243769197547,1,0.796816187635,12,full_d,0.039
4,4-QAM,0.9,0.812830516164,1.106,0.243705432407,1,0.796495000779,12,low_d,0.012
4,4-QAM,0.9,0.812830516164,1.1075,0.243609157691,1,0.796013001264,12,full_d,0.003
4,4-QAM,0.9,0.812830516164,1.108,0.243576900358,1,0.795852276528,12,low_d,0.020
4,4-QAM,0.9,0.812830516164,1.11,0.243447051804,1,0.795209087978,12,low_d,0.017
4,4-QAM,0.9,0.812830516164,1.112,0.24331590971,1,0.794565438836,12,low_d,0.015
4,4-QAM,0.9,0.812830516164,1.1125,0.243282924755,1,0.794404455017,12,full_d,0.003
4,4-QAM,0.9,0.812830516164,1.114,0.243183496967,1,0.793921332806,12,low_d,0.018
4,4-QAM,0.9,0.812830516164,1.115,0.243116821237,1,0.793599109616,12,full_d,0.005
4,4-QAM,0.9,0.812830516164,1.116,0.243049836396,1,0.793276773594,12,low_d,0.010
4,4-QAM,0.9,0.812830516164,1.1175,0.242948785765,1,0.792793059012,12,full_d,0.041
4,4-QAM,0.9,0.812830516164,1.118,0.242914950741,1,0.792631764904,12,low_d,0.014
4,4-QAM,0.9,0.812830516164,1.12,0.242778862665,1,0.791986310439,12,low_d,0.013
4,4-QAM,0.9,0.812830516164,1.122,0.242641594754,1,0.791340413901,12,low_d,0.016
4,4-QAM,0.9,0.812830516164,1.1225,0.242607096066,1,0.791178871127,12,full_d,0.003
4,4-QAM,0.9,0.812830516164,1.124,0.24250316951,1,0.790694078993,12,low_d,0.022
4,4-QAM,0.9,0.812830516164,1.125,0.242433529896,1,0.790370748306,12,full_d,0.003
4,4-QAM,0.9,0.812830516164,1.126,0.242363609349,1,0.790047309414,12,low_d,0.040
4,4-QAM,0.9,0.812830516164,1.1275,0.242258207873,1,0.789561949203,12,full_d,0.003
4,4-QAM,0.9,0.812830516164,1.128,0.242222936598,1,0.789400108864,12,low_d,0.004
4,4-QAM,0.9,0.812830516164,1.13,0.242081173498,1,0.788752481041,12,low_d,0.056
4,4-QAM,0.9,0.812830516164,1.132,0.241938342193,1,0.78810442964,12,low_d,0.003
4,4-QAM,0.9,0.812830516164,1.1325,0.241902470046,1,0.78794235104,12,full_d,0.004
4,4-QAM,0.9,0.812830516164,1.134,0.241794464736,1,0.787455958359,12,low_d,0.011
4,4-QAM,0.9,0.812830516164,1.135,0.241722140565,1,0.787131566416,12,full_d,0.011
4,4-QAM,0.9,0.812830516164,1.136,0.241649563081,1,0.786807070888,12,low_d,0.003
4,4-QAM,0.9,0.812830516164,1.1375,0.241540227862,1,0.786320134382,12,full_d,0.003
4,4-QAM,0.9,0.812830516164,1.138,0.241503659085,1,0.786157770921,12,low_d,0.072
4,4-QAM,0.9,0.812830516164,1.14,0.241356774501,1,0.785508062146,12,low_d,0.004
4,4-QAM,0.9,0.812830516164,1.142,0.24120893098,1,0.784857948252,12,low_d,0.003
4,4-QAM,0.9,0.812830516164,1.1425,0.241171822793,1,0.784695356911,12,full_d,0.012
4,4-QAM,0.9,0.812830516164,1.144,0.241060150069,1,0.784207432925,12,low_d,0.007
4,4-QAM,0.9,0.812830516164,1.145,0.240985414795,1,0.783882025875,12,full_d,0.004
4,4-QAM,0.9,0.812830516164,1.146,0.240910453204,1,0.783556519847,12,low_d,0.003
4,4-QAM,0.9,0.812830516164,1.1475,0.240797592296,1,0.783068076231,12,full_d,0.004
4,4-QAM,0.9,0.812830516164,1.148,0.240759861715,1,0.782905212701,12,low_d,0.020
4,4-QAM,0.9,0.812830516164,1.15,0.240608396816,1,0.782253515166,12,low_d,0.003
4,4-QAM,0.9,0.812830516164,1.152,0.240456079609,1,0.781601430917,12,low_d,0.004
4,4-QAM,0.9,0.812830516164,1.1525,0.240417869596,1,0.781438349862,12,full_d,0.020
4,4-QAM,0.9,0.812830516164,1.154,0.240302931081,1,0.78094896363,12,low_d,0.003
4,4-QAM,0.9,0.812830516164,1.155,0.240226051597,1,0.780622587494,12,full_d,0.013
4,4-QAM,0.9,0.812830516164,1.156,0.240148972098,1,0.780296116975,12,low_d,0.003
4,4-QAM,0.9,0.812830516164,1.1575,0.240032983486,1,0.779806235231,12,full_d,0.027
4,4-QAM,0.9,0.812830516164,1.158,0.239994223409,1,0.779642894622,12,low_d,0.027
4,4-QAM,0.9,0.812830516164,1.16,0.239838705638,1,0.778989300235,12,low_d,0.043
4,4-QAM,0.9,0.812830516164,1.1625,0.239643258125,1,0.77817178966,12,full_d,0.019
4,4-QAM,0.9,0.812830516164,1.165,0.23944668071,1,0.777353710654,12,full_d,0.020
4,4-QAM,0.9,0.812830516164,1.1675,0.239249012845,1,0.776535070356,12,full_d,0.003
4,4-QAM,0.9,0.812830516164,1.17,0.239050293661,1,0.775715875899,12,full_d,0.003
4,4-QAM,0.9,0.812830516164,1.1725,0.238850561965,1,0.774896134405,12,full_d,0.004
4,4-QAM,0.9,0.812830516164,1.175,0.238649856233,1,0.77407585299,12,full_d,0.018
4,4-QAM,0.9,0.812830516164,1.1775,0.238448214606,1,0.773255038759,12,full_d,0.049
4,4-QAM,0.9,0.812830516164,1.18,0.238245674883,1,0.77243369881,12,bridge,0.004
4,4-QAM,0.9,0.812830516164,1.1825,0.238042274518,1,0.77161184023,12,full_d,0.061
4,4-QAM,0.9,0.812830516164,1.185,0.237838050611,1,0.770789470097,12,full_d,0.003
4,4-QAM,0.9,0.812830516164,1.1875,0.237633039908,1,0.769966595479,12,full_d,0.022
4,4-QAM,0.9,0.812830516164,1.19,0.237427278792,1,0.769143223434,12,full_d,0.003
4,4-QAM,0.9,0.812830516164,1.1925,0.237220803281,1,0.76831936101,12,full_d,0.003
4,4-QAM,0.9,0.812830516164,1.195,0.23701364902,1,0.767495015243,12,full_d,0.003
4,4-QAM,0.9,0.812830516164,1.196,0.236930605178,1,0.767165143175,12,bridge,0.003
4,4-QAM,0.9,0.812830516164,1.1975,0.237008146263,1,0.76667019316,14,full_d,0.009
4,4-QAM,0.9,0.812830516164,1.2,0.237225958777,1,0.765844901774,14,full_d,0.004
4,4-QAM,0.9,0.812830516164,1.2025,0.237439428184,1,0.765019148089,14,full_d,0.037
4,4-QAM,0.9,0.812830516164,1.205,0.237648562575,1,0.764192939096,14,full_d,0.003
4,4-QAM,0.9,0.812830516164,1.2075,0.237853370698,1,0.763366281775,14,full_d,0.003
4,4-QAM,0.9,0.812830516164,1.21,0.23805386195,1,0.762539183094,14,full_d,0.003
4,4-QAM,0.9,0.812830516164,1.212,0.238211153529,1,0.761877191043,14,bridge,0.003
4,4-QAM,0.9,0.812830516164,1.2125,0.23825004637,1,0.761711650007,14,full_d,0.012
4,4-QAM,0.9,0.812830516164,1.215,0.238441934629,1,0.760883689456,14,full_d,0.004
4,4-QAM,0.9,0.812830516164,1.2175,0.238629538025,1,0.760055308372,14,full_d,0.015
4,4-QAM,0.9,0.812830516164,1.22,0.23881286847,1,0.759226513669,14,full_d,0.041
4,4-QAM,0.9,0.812830516164,1.2225,0.238991938484,1,0.758397312252,14,full_d,0.031
4,4-QAM,0.9,0.812830516164,1.225,0.239166761185,1,0.757567711009,14,full_d,0.014
4,4-QAM,0.9,0.812830516164,1.2275,0.239337350281,1,0.756737716816,14,full_d,0.003
4,4-QAM,0.9,0.812830516164,1.228,0.239370961315,1,0.756571671428,14,bridge,0.004
4,4-QAM,0.9,0.812830516164,1.23,0.239503720059,1,0.755907336535,14,full_d,0.003
4,4-QAM,0.9,0.812830516164,1.2325,0.239665885377,1,0.755076577013,14,full_d,0.075
4,4-QAM,0.9,0.812830516164,1.235,0.239823861651,1,0.754245445082,14,full_d,0.004
4,4-QAM,0.9,0.812830516164,1.2375,0.239977664851,1,0.753413947562,14,full_d,0.003
4,4-QAM,0.9,0.812830516164,1.24,0.240127311483,1,0.752582091255,14,full_d,0.003
4,4-QAM,0.9,0.812830516164,1.2425,0.240272818588,1,0.75174988295,14,full_d,0.098
4,4-QAM,0.9,0.812830516164,1.244,0.240358143159,1,0.751250391826,14,bridge,0.003
4,4-QAM,0.9,0.812830516164,1.245,0.240414203721,1,0.75091732942,14,full_d,0.003
4,4-QAM,0.9,0.812830516164,1.2475,0.240551484952,1,0.750084437422,14,full_d,0.034
4,4-QAM,0.9,0.812830516164,1.25,0.240684680844,1,0.749251213697,14,full_d,0.003
4,4-QAM,0.9,0.812830516164,1.2525,0.24081381045,1,0.748417664973,14,full_d,0.003
4,4-QAM,0.9,0.812830516164,1.255,0.240938893301,1,0.747583797959,14,full_d,0.003
4,4-QAM,0.9,0.812830516164,1.2575,0.24105994939,1,0.746749619348,14,full_d,0.003
4,4-QAM,0.9,0.812830516164,1.26,0.241176999168,1,0.745915135817,14,bridge,0.019
4,4-QAM,0.9,0.812830516164,1.2625,0.241290063528,1,0.745080354027,14,full_d,0.003
4,4-QAM,0.9,0.812830516164,1.265,0.241399163794,1,0.744245280622,14,full_d,0.004
4,4-QAM,0.9,0.812830516164,1.2675,0.241504321711,1,0.743409922228,14,full_d,0.003
4,4-QAM,0.9,0.812830516164,1.27,0.241605559433,1,0.742574285454,14,full_d,0.003
4,4-QAM,0.9,0.812830516164,1.2725,0.241702899512,1,0.741738376893,14,full_d,0.010
4,4-QAM,0.9,0.812830516164,1.275,0.241796364886,1,0.740902203118,14,full_d,0.029
4,4-QAM,0.9,0.812830516164,1.276,0.241832671328,1,0.740567660817,14,bridge,0.004
4,4-QAM,0.9,0.812830516164,1.2775,0.241885978867,1,0.740065770686,14,full_d,0.003
4,4-QAM,0.9,0.812830516164,1.28,0.24197176513,1,0.739229086136,14,full_d,0.003
4,4-QAM,0.9,0.812830516164,1.2825,0.242053747699,1,0.738392155989,14,full_d,0.003
4,4-QAM,0.9,0.812830516164,1.285,0.24213195094,1,0.737554986746,14,full_d,0.003
4,4-QAM,0.9,0.812830516164,1.2875,0.242206399545,1,0.736717584891,14,full_d,0.008
4,4-QAM,0.9,0.812830516164,1.29,0.242277118521,1,0.735879956889,14,full_d,0.040
4,4-QAM,0.9,0.812830516164,1.292,0.242331025369,1,0.735209695995,14,bridge,0.003
4,4-QAM,0.9,0.812830516164,1.2925,0.242344133181,1,0.735042109188,14,full_d,0.003
4,4-QAM,0.9,0.812830516164,1.295,0.242407469128,1,0.734204048213,14,full_d,0.004
4,4-QAM,0.9,0.812830516164,1.2975,0.242467152246,1,0.733365780373,14,full_d,0.024
4,4-QAM,0.9,0.812830516164,1.3,0.242523208688,1,0.732527312057,14,full_d,0.004
4,4-QAM,0.9,0.812830516164,1.3025,0.242575664863,1,0.731688649634,14,full_d,0.003
4,4-QAM,0.9,0.812830516164,1.305,0.242624547427,1,0.730849799455,14,full_d,0.005
4,4-QAM,0.9,0.812830516164,1.3075,0.242669883266,1,0.730010767848,14,full_d,0.003
4,4-QAM,0.9,0.812830516164,1.308,0.242678527209,1,0.729842940311,14,bridge,0.032
4,4-QAM,0.9,0.812830516164,1.31,0.242711699492,1,0.729171561125,14,full_d,0.003
4,4-QAM,0.9,0.812830516164,1.3125,0.242750023424,1,0.728332185574,14,full_d,0.005
4,4-QAM,0.9,0.812830516164,1.315,0.242784882582,1,0.727492647465,14,full_d,0.056
4,4-QAM,0.9,0.812830516164,1.3175,0.24281630467,1,0.726652953048,14,full_d,0.014
4,4-QAM,0.9,0.812830516164,1.32,0.242844317571,1,0.725813108551,14,full_d,0.044
4,4-QAM,0.9,0.812830516164,1.3225,0.242868949331,1,0.724973120181,14,full_d,0.037
4,4-QAM,0.9,0.812830516164,1.324,0.242882117164,1,0.724469060675,14,bridge,0.003
4,4-QAM,0.9,0.812830516164,1.325,0.242890228149,1,0.724132994126,14,full_d,0.003
4,4-QAM,0.9,0.812830516164,1.3275,0.242908182366,1,0.723292736552,14,full_d,0.005
4,4-QAM,0.9,0.812830516164,1.33,0.242922840453,1,0.722452353603,14,full_d,0.003
4,4-QAM,0.9,0.812830516164,1.3325,0.242934231003,1,0.721611851402,14,full_d,0.004
4,4-QAM,0.9,0.812830516164,1.335,0.242942382715,1,0.720771236052,14,full_d,0.003
4,4-QAM,0.9,0.812830516164,1.3375,0.242947324387,1,0.719930513632,14,full_d,0.003
4,4-QAM,0.9,0.812830516164,1.34,0.242949084904,1,0.719089690201,14,bridge,0.031
4,4-QAM,0.9,0.812830516164,1.3425,0.242947693229,1,0.718248771795,14,full_d,0.003
4,4-QAM,0.9,0.812830516164,1.345,0.242943178388,1,0.717407764428,14,full_d,0.044
4,4-QAM,0.9,0.812830516164,1.3475,0.242935569464,1,0.716566674094,14,full_d,0.027
4,4-QAM,0.9,0.812830516164,1.35,0.242924895586,1,0.715725506761,14,full_d,0.003
4,4-QAM,0.9,0.812830516164,1.3525,0.242911185917,1,0.714884268377,14,full_d,0.003
4,4-QAM,0.9,0.812830516164,1.355,0.242894469644,1,0.714042964866,14,full_d,0.007
4,4-QAM,0.9,0.812830516164,1.356,0.242886947827,1,0.713706426549,14,bridge,0.048
4,4-QAM,0.9,0.812830516164,1.3575,0.24287477597,1,0.713201602131,14,full_d,0.003
4,4-QAM,0.9,0.812830516164,1.36,0.242852134105,1,0.712360186051,14,full_d,0.028
4,4-QAM,0.9,0.812830516164,1.3625,0.24282657325,1,0.71151872248,14,full_d,0.003
4,4-QAM,0.9,0.812830516164,1.365,0.242798122596,1,0.710677217253,14,full_d,0.003
4,4-QAM,0.9,0.812830516164,1.3675,0.242766811309,1,0.709835676179,14,full_d,0.029
4,4-QAM,0.9,0.812830516164,1.37,0.242732668521,1,0.708994105043,14,full_d,0.007
4,4-QAM,0.9,0.812830516164,1.372,0.242703335163,1,0.708320830363,14,bridge,0.003
4,4-QAM,0.9,0.812830516164,1.3725,0.242695723326,1,0.708152509608,14,full_d,0.053
4,4-QAM,0.9,0.812830516164,1.375,0.242656004762,1,0.707310895614,14,full_d,0.014
4,4-QAM,0.9,0.812830516164,1.3775,0.242613541811,1,0.706469268774,14,full_d,0.003
4,4-QAM,0.9,0.812830516164,1.38,0.242568363386,1,0.70562763478,14,full_d,0.003
4,4-QAM,0.9,0.812830516164,1.3825,0.242520498324,1,0.7047859993,14,full_d,0.030
4,4-QAM,0.9,0.812830516164,1.385,0.242469975374,1,0.703944367975,14,full_d,0.019
4,4-QAM,0.9,0.812830516164,1.3875,0.242416823194,1,0.703102746424,14,full_d,0.007
4,4-QAM,0.9,0.812830516164,1.388,0.242405879765,1,0.702934423779,14,bridge,0.003
4,4-QAM,0.9,0.812830516164,1.39,0.242361070341,1,0.702261140242,14,full_d,0.003
4,4-QAM,0.9,0.812830516164,1.3925,0.242302745261,1,0.701419554997,14,full_d,0.003
4,4-QAM,0.9,0.812830516164,1.395,0.242241876285,1,0.700577996236,14,full_d,0.015
4,4-QAM,0.9,0.812830516164,1.3975,0.242178491618,1,0.699736469477,14,full_d,0.004
4,4-QAM,0.9,0.812830516164,1.4,0.242112619334,1,0.698894980217,14,full_d,0.005
4,4-QAM,0.9,0.812830516164,1.4025,0.242044287368,1,0.698053533926,14,full_d,0.043
4,4-QAM,0.9,0.812830516164,1.404,0.242002119106,1,0.697548689042,14,bridge,0.003
4,4-QAM,0.9,0.812830516164,1.405,0.241973523507,1,0.697212136048,14,full_d,0.053
4,4-QAM,0.9,0.812830516164,1.4075,0.241900355387,1,0.696370792005,14,full_d,0.021
4,4-QAM,0.9,0.812830516164,1.41,0.241824810485,1,0.69552950719,14,full_d,0.004
4,4-QAM,0.9,0.812830516164,1.4125,0.24174691611,1,0.694688286973,14,full_d,0.003
4,4-QAM,0.9,0.812830516164,1.415,0.241666699398,1,0.693847136699,14,full_d,0.003
4,4-QAM,0.9,0.812830516164,1.4175,0.241584187307,1,0.693006061685,14,full_d,0.003
4,4-QAM,0.9,0.812830516164,1.42,0.241499406611,1,0.692165067224,14,bridge,0.010
4,4-QAM,0.9,0.812830516164,1.4225,0.241412383892,1,0.691324158583,14,full_d,0.043
4,4-QAM,0.9,0.812830516164,1.425,0.241323145535,1,0.690483341003,14,full_d,0.003
4,4-QAM,0.9,0.812830516164,1.4275,0.241231717725,1,0.689642619699,14,full_d,0.003
4,4-QAM,0.9,0.812830516164,1.43,0.241138126438,1,0.688801999861,14,full_d,0.003
4,4-QAM,0.9,0.812830516164,1.4325,0.241042397437,1,0.687961486651,14,full_d,0.003
4,4-QAM,0.9,0.812830516164,1.435,0.240944556269,1,0.687121085207,14,full_d,0.037
4,4-QAM,0.9,0.812830516164,1.436,0.240904834075,1,0.686784957069,14,bridge,0.023
4,4-QAM,0.9,0.812830516164,1.4375,0.240844628258,1,0.686280800639,14,full_d,0.003
4,4-QAM,0.9,0.812830516164,1.44,0.2407426385,1,0.68544063803,14,full_d,0.003
4,4-QAM,0.9,0.812830516164,1.4425,0.240638611859,1,0.68460060244,14,full_d,0.003
4,4-QAM,0.9,0.812830516164,1.445,0.240532572965,1,0.6837606989,14,full_d,0.007
4,4-QAM,0.9,0.812830516164,1.4475,0.240424546206,1,0.682920932414,14,full_d,0.012
4,4-QAM,0.9,0.812830516164,1.45,0.240314555725,1,0.682081307962,14,full_d,0.003
4,4-QAM,0.9,0.812830516164,1.452,0.240225165528,1,0.681409713992,14,bridge,0.070
4,4-QAM,0.9,0.812830516164,1.4525,0.24022183866,1,0.681241830494,16,full_d,0.032
4,4-QAM,0.9,0.812830516164,1.455,0.240635768057,1,0.680402504936,16,full_d,0.007
4,4-QAM,0.9,0.812830516164,1.4575,0.241045817594,1,0.679563336186,16,full_d,0.031
4,4-QAM,0.9,0.812830516164,1.46,0.241451974147,1,0.678724329116,16,full_d,0.029
4,4-QAM,0.9,0.812830516164,1.4625,0.241854224651,1,0.677885488571,16,full_d,0.003
4,4-QAM,0.9,0.812830516164,1.465,0.242252556107,1,0.677046819368,16,full_d,0.003
4,4-QAM,0.9,0.812830516164,1.4675,0.242646955583,1,0.676208326299,16,full_d,0.003
4,4-QAM,0.9,0.812830516164,1.468,0.242725362508,1,0.67604064924,16,bridge,0.003
4,4-QAM,0.9,0.812830516164,1.47,0.243037410216,1,0.675370014127,16,full_d,0.008
4,4-QAM,0.9,0.812830516164,1.4725,0.243423907217,1,0.674531887589,16,full_d,0.037
4,4-QAM,0.9,0.812830516164,1.475,0.243806433873,1,0.673693951396,16,full_d,0.019
4,4-QAM,0.9,0.812830516164,1.4775,0.244184977553,1,0.672856210231,16,full_d,0.018
4,4-QAM,0.9,0.812830516164,1.48,0.244559525708,1,0.672018668749,16,full_d,0.003
4,4-QAM,0.9,0.812830516164,1.4825,0.244930065878,1,0.67118133158,16,full_d,0.003
4,4-QAM,0.9,0.812830516164,1.484,0.245150460997,1,0.670679029264,16,bridge,0.004
4,4-QAM,0.9,0.812830516164,1.485,0.245296585693,1,0.670344203326,16,full_d,0.003
4,4-QAM,0.9,0.812830516164,1.4875,0.245659072878,1,0.669507288561,16,full_d,0.015
4,4-QAM,0.9,0.812830516164,1.49,0.246017515255,1,0.668670591833,16,full_d,0.032
4,4-QAM,0.9,0.812830516164,1.4925,0.24637190075,1,0.667834117663,16,full_d,0.003
4,4-QAM,0.9,0.812830516164,1.495,0.246722217392,1,0.666997870544,16,full_d,0.015
4,4-QAM,0.9,0.812830516164,1.4975,0.247068453322,1,0.666161854944,16,full_d,0.038
4,4-QAM,0.9,0.812830516164,1.5,0.247410596791,1,0.6653260753,16,bridge,0.003
4,4-QAM,0.9,0.812830516164,1.5025,0.247748636169,1,0.664490536027,16,full_d,0.003
4,4-QAM,0.9,0.812830516164,1.505,0.248082559945,1,0.66365524151,16,full_d,0.032
4,4-QAM,0.9,0.812830516164,1.5075,0.248412356731,1,0.662820196106,16,full_d,0.003
4,4-QAM,0.9,0.812830516164,1.51,0.248738015268,1,0.661985404147,16,full_d,0.003
4,4-QAM,0.9,0.812830516164,1.5125,0.249059524429,1,0.661150869939,16,full_d,0.066
4,4-QAM,0.9,0.812830516164,1.515,0.249376873219,1,0.660316597758,16,full_d,0.003
4,4-QAM,0.9,0.812830516164,1.5175,0.249690050783,1,0.659482591855,16,full_d,0.003
4,4-QAM,0.9,0.812830516164,1.52,0.24999904641,1,0.658648856454,16,high_d,0.004
4,4-QAM,0.9,0.812830516164,1.522,0.250243224809,1,0.657982065716,16,high_d,0.020
4,4-QAM,0.9,0.812830516164,1.5225,0.25030384953,1,0.657815395753,16,full_d,0.003
4,4-QAM,0.9,0.812830516164,1.524,0.25048471466,1,0.657315452924,16,high_d,0.003
4,4-QAM,0.9,0.812830516164,1.525,0.250604449727,1,0.656982213921,16,full_d,0.004
4,4-QAM,0.9,0.812830516164,1.526,0.250723510682,1,0.656649020201,16,high_d,0.007
4,4-QAM,0.9,0.812830516164,1.5275,0.250900836734,1,0.656149315104,16,full_d,0.003
4,4-QAM,0.9,0.812830516164,1.528,0.25095960766,1,0.655982769665,16,high_d,0.007
4,4-QAM,0.9,0.812830516164,1.53,0.25119300044,1,0.655316703417,16,high_d,0.035
4,4-QAM,0.9,0.812830516164,1.532,0.251423683937,1,0.654650823552,16,high_d,0.027
4,4-QAM,0.9,0.812830516164,1.5325,0.251480930896,1,0.654484382952,16,full_d,0.023
4,4-QAM,0.9,0.812830516164,1.534,0.251651653131,1,0.653985132151,16,high_d,0.003
4,4-QAM,0.9,0.812830516164,1.535,0.251764618313,1,0.653652357772,16,full_d,0.031
4,4-QAM,0.9,0.812830516164,1.536,0.251876903068,1,0.653319631286,16,high_d,0.004
4,4-QAM,0.9,0.812830516164,1.5375,0.252044053069,1,0.652820631917,16,full_d,0.003
4,4-QAM,0.9,0.812830516164,1.538,0.252099428865,1,0.652654323018,16,high_d,0.003
4,4-QAM,0.9,0.812830516164,1.54,0.252319225709,1,0.651989209396,16,high_d,0.004
4,4-QAM,0.9,0.812830516164,1.542,0.252536288855,1,0.65132429246,16,high_d,0.017
4,4-QAM,0.9,0.812830516164,1.5425,0.252590126952,1,0.651158094196,16,full_d,0.006
4,4-QAM,0.9,0.812830516164,1.544,0.252750613632,1,0.650659574238,16,high_d,0.018
4,4-QAM,0.9,0.812830516164,1.545,0.252856747693,1,0.650327290275,16,full_d,0.003
4,4-QAM,0.9,0.812830516164,1.546,0.252962195442,1,0.649995056747,16,high_d,0.015
4,4-QAM,0.9,0.812830516164,1.5475,0.253119079002,1,0.649496801567,16,full_d,0.003
4,4-QAM,0.9,0.812830516164,1.548,0.253171029759,1,0.649330741995,16,high_d,0.017
4,4-QAM,0.9,0.812830516164,1.55,0.253377112133,1,0.648666631979,16,high_d,0.018
4,4-QAM,0.9,0.812830516164,1.552,0.253580438188,1,0.648002728684,16,high_d,0.013
4,4-QAM,0.9,0.812830516164,1.5525,0.253630838521,1,0.647836785392,16,full_d,0.035
4,4-QAM,0.9,0.812830516164,1.554,0.253781003625,1,0.647339034085,16,high_d,0.012
4,4-QAM,0.9,0.812830516164,1.555,0.253880249791,1,0.647007265661,16,full_d,0.013
4,4-QAM,0.9,0.812830516164,1.556,0.253978804225,1,0.646675550147,16,high_d,0.017
4,4-QAM,0.9,0.812830516164,1.5575,0.254125337754,1,0.646178076616,16,full_d,0.009
4,4-QAM,0.9,0.812830516164,1.558,0.254173835842,1,0.646012278825,16,high_d,0.017
4,4-QAM,0.9,0.812830516164,1.56,0.254366094414,1,0.645349222062,16,high_d,0.016
4,4-QAM,0.9,0.812830516164,1.562,0.254555575955,1,0.644686381793,16,high_d,0.013
4,4-QAM,0.9,0.812830516164,1.5625,0.25460251197,1,0.644520705778,16,full_d,0.003
4,4-QAM,0.9,0.812830516164,1.564,0.254742276562,1,0.644023759939,16,high_d,0.029
4,4-QAM,0.9,0.812830516164,1.565,0.254834582818,1,0.643692531517,16,full_d,0.021
4,4-QAM,0.9,0.812830516164,1.566,0.254926192413,1,0.643361358414,16,high_d,0.026
4,4-QAM,0.9,0.812830516164,1.5675,0.255062299551,1,0.642864703007,16,full_d,0.004
4,4-QAM,0.9,0.812830516164,1.568,0.255107319766,1,0.642699179121,16,high_d,0.010
4,4-QAM,0.9,0.812830516164,1.57,0.255285654964,1,0.642037223951,16,high_d,0.011
4,4-QAM,0.9,0.812830516164,1.572,0.255461194433,1,0.641375494787,16,high_d,0.010
4,4-QAM,0.9,0.812830516164,1.5725,0.255504642057,1,0.641210098029,16,full_d,0.021
4,4-QAM,0.9,0.812830516164,1.574,0.255633934684,1,0.640713993501,16,high_d,0.015
4,4-QAM,0.9,0.812830516164,1.575,0.255719254034,1,0.640383328894,16,full_d,0.003
4,4-QAM,0.9,0.812830516164,1.576,0.25580387231,1,0.640052721954,16,high_d,0.013
4,4-QAM,0.9,0.812830516164,1.5775,0.255929484307,1,0.639556920174,16,full_d,0.019
4,4-QAM,0.9,0.812830516164,1.578,0.255971003992,1,0.639391681998,16,high_d,0.010
4,4-QAM,0.9,0.812830516164,1.58,0.256135326496,1,0.638730875475,16,high_d,0.024
4,4-QAM,0.9,0.812830516164,1.582,0.256296836675,1,0.638070304216,16,high_d,0.013
4,4-QAM,0.9,0.812830516164,1.5825,0.256336774434,1,0.637905198375,16,full_d,0.003
4,4-QAM,0.9,0.812830516164,1.584,0.256455531469,1,0.637409970044,16,high_d,0.017
4,4-QAM,0.9,0.812830516164,1.585,0.256533822164,1,0.637079892432,16,full_d,0.062
4,4-QAM,0.9,0.812830516164,1.586,0.256611407904,1,0.63674987477,16,high_d,0.038
4,4-QAM,0.9,0.812830516164,1.5875,0.256726463945,1,0.636254961176,16,full_d,0.019
4,4-QAM,0.9,0.812830516164,1.588,0.256764463097,1,0.636090020197,16,high_d,0.013
4,4-QAM,0.9,0.812830516164,1.59,0.256914694252,1,0.635430408116,16,high_d,0.029
4,4-QAM,0.9,0.812830516164,1.592,0.25706209866,1,0.634771040312,16,high_d,0.006
4,4-QAM,0.9,0.812830516164,1.5925,0.257098507775,1,0.634606236737,16,full_d,0.010
4,4-QAM,0.9,0.812830516164,1.594,0.257206673706,1,0.634111918556,16,high_d,0.013
4,4-QAM,0.9,0.812830516164,1.595,0.257277899424,1,0.633782450497,16,full_d,0.003
4,4-QAM,0.9,0.812830516164,1.596,0.25734841686,1,0.633453044611,16,high_d,0.004
4,4-QAM,0.9,0.812830516164,1.5975,0.257452864327,1,0.632959052835,16,full_d,0.056
4,4-QAM,0.9,0.812830516164,1.598,0.257487325686,1,0.632794420233,16,high_d,0.011
4,4-QAM,0.9,0.812830516164,1.6,0.257623397834,1,0.632136047165,16,high_d,0.004
4,4-QAM,0.9,0.812830516164,1.602,0.25775663105,1,0.631477927143,16,high_d,0.012
4,4-QAM,0.9,0.812830516164,1.6025,0.257789495515,1,0.631313436878,16,full_d,0.037
4,4-QAM,0.9,0.812830516164,1.604,0.257887023166,1,0.630820061891,16,high_d,0.028
4,4-QAM,0.9,0.812830516164,1.605,0.257951153161,1,0.630491225341,16,full_d,0.003
4,4-QAM,0.9,0.812830516164,1.606,0.258014572109,1,0.630162453127,16,high_d,0.003
4,4-QAM,0.9,0.812830516164,1.6075,0.258108366788,1,0.6296694159,16,full_d,0.005
4,4-QAM,0.9,0.812830516164,1.608,0.258139275896,1,0.629505102556,16,high_d,0.093
4,4-QAM,0.9,0.812830516164,1.61,0.258261132635,1,0.628848011878,16,high_d,0.010
4,4-QAM,0.9,0.812830516164,1.612,0.258380140526,1,0.62819118278,16,high_d,0.003
4,4-QAM,0.9,0.812830516164,1.6125,0.258409447164,1,0.628027016574,16,full_d,0.003
4,4-QAM,0.9,0.812830516164,1.614,0.258496297862,1,0.627534616942,16,high_d,0.039
4,4-QAM,0.9,0.812830516164,1.615,0.258553307063,1,0.627206433269,16,full_d,0.004
4,4-QAM,0.9,0.812830516164,1.616,0.258609603027,1,0.626878316036,16,high_d,0.003
4,4-QAM,0.9,0.812830516164,1.6175,0.258692709244,1,0.626386265217,16,full_d,0.004
4,4-QAM,0.9,0.812830516164,1.618,0.258720054498,1,0.626222281722,16,high_d,0.011
4,4-QAM,0.9,0.812830516164,1.62,0.258827650843,1,0.625566515654,16,high_d,0.037
4,4-QAM,0.9,0.812830516164,1.622,0.258932390724,1,0.624911019475,16,high_d,0.003
4,4-QAM,0.9,0.812830516164,1.6225,0.258958129223,1,0.624747187792,16,full_d,0.003
4,4-QAM,0.9,0.812830516164,1.624,0.259034272893,1,0.624255794821,16,high_d,0.003
4,4-QAM,0.9,0.812830516164,1.625,0.259084141971,1,0.623928284824,16,full_d,0.003
4,4-QAM,0.9,0.812830516164,1.626,0.259133296196,1,0.623600843318,16,high_d,0.004
4,4-QAM,0.9,0.812830516164,1.6275,0.2592056869,1,0.623109809921,16,full_d,0.003
4,4-QAM,0.9,0.812830516164,1.628,0.25922945957,1,0.622946166585,16,high_d,0.003
4,4-QAM,0.9,0.812830516164,1.63,0.259322762047,1,0.622291766231,16,high_d,0.004
4,4-QAM,0.9,0.812830516164,1.632,0.259413202746,1,0.621637643857,16,high_d,0.041
4,4-QAM,0.9,0.812830516164,1.6325,0.259435365674,1,0.621474156884,16,full_d,0.042
4,4-QAM,0.9,0.812830516164,1.634,0.259500780883,1,0.620983801055,16,high_d,0.003
4,4-QAM,0.9,0.812830516164,1.635,0.259543496269,1,0.620656984989,16,full_d,0.003
4,4-QAM,0.9,0.812830516164,1.636,0.259585495762,1,0.62033023941,16,high_d,0.003
4,4-QAM,0.9,0.812830516164,1.6375,0.259647152543,1,0.619840253634,16,full_d,0.003
4,4-QAM,0.9,0.812830516164,1.638,0.259667346781,1,0.619676960498,16,high_d,0.003
4,4-QAM,0.9,0.812830516164,1.64,0.25974633343,1,0.619023965887,16,high_d,0.017
4,4-QAM,0.9,0.812830516164,1.642,0.259822455287,1,0.618371257136,16,high_d,0.003
4,4-QAM,0.9,0.812830516164,1.6425,0.259841038088,1,0.618208124796,16,full_d,0.025
4,4-QAM,0.9,0.812830516164,1.644,0.259895712025,1,0.617718835797,16,high_d,0.003
4,4-QAM,0.9,0.812830516164,1.645,0.259931265896,1,0.61739273339,16,full_d,0.003
4,4-QAM,0.9,0.812830516164,1.646,0.259966103405,1,0.617066703414,16,high_d,0.003
4,4-QAM,0.9,0.812830516164,1.6475,0.260017016457,1,0.616577794678,16,full_d,0.008
4,4-QAM,0.9,0.812830516164,1.648,0.26003362928,1,0.616414861523,16,high_d,0.077
4,4-QAM,0.9,0.812830516164,1.65,0.260098289593,1,0.615763311652,16,high_d,0.004
4,4-QAM,0.9,0.812830516164,1.652,0.260160084377,1,0.615112055321,16,high_d,0.003
4,4-QAM,0.9,0.812830516164,1.6525,0.260175085346,1,0.614949287281,16,full_d,0.041
4,4-QAM,0.9,0.812830516164,1.654,0.260219013754,1,0.614461094042,16,high_d,0.031
4,4-QAM,0.9,0.812830516164,1.655,0.260247403978,1,0.614135724519,16,full_d,0.003
4,4-QAM,0.9,0.812830516164,1.656,0.260275077936,1,0.613810429322,16,high_d,0.004
4,4-QAM,0.9,0.812830516164,1.6575,0.260315245967,1,0.613322626299,16,full_d,0.003
4,4-QAM,0.9,0.812830516164,1.658,0.260328277226,1,0.613160062657,16,high_d,0.050
4,4-QAM,0.9,0.812830516164,1.66,0.260378612011,1,0.612509995537,16,high_d,0.003
4,4-QAM,0.9,0.812830516164,1.662,0.26042608277,1,0.611860229446,16,high_d,0.003
4,4-QAM,0.9,0.812830516164,1.6625,0.26043750302,1,0.611697835132,16,full_d,0.024
4,4-QAM,0.9,0.812830516164,1.664,0.260470690069,1,0.611210765859,16,high_d,0.004
4,4-QAM,0.9,0.812830516164,1.665,0.260491920122,1,0.610886147963,16,full_d,0.006
4,4-QAM,0.9,0.812830516164,1.666,0.260512434561,1,0.610561606244,16,high_d,0.003
4,4-QAM,0.9,0.812830516164,1.6675,0.260541864655,1,0.610074936893,16,full_d,0.008
4,4-QAM,0.9,0.812830516164,1.668,0.260551316986,1,0.609912752062,16,high_d,0.011
4,4-QAM,0.9,0.812830516164,1.67,0.260587338171,1,0.609264204767,16,high_d,0.021
4,4-QAM,0.9,0.812830516164,1.672,0.260620499027,1,0.608615965807,16,high_d,0.004
4,4-QAM,0.9,0.812830516164,1.6725,0.26062834243,1,0.608453954414,16,full_d,0.034
4,4-QAM,0.9,0.812830516164,1.674,0.260650800555,1,0.607968036622,16,high_d,0.003
4,4-QAM,0.9,0.812830516164,1.675,0.260664879405,1,0.607644188643,16,full_d,0.070
4,4-QAM,0.9,0.812830516164,1.676,0.260678243836,1,0.607320418646,16,high_d,0.004
4,4-QAM,0.9,0.812830516164,1.6775,0.260696951272,1,0.606834910252,16,full_d,0.003
4,4-QAM,0.9,0.812830516164,1.678,0.260702830038,1,0.606673113304,16,high_d,0.003
4,4-QAM,0.9,0.812830516164,1.68,0.260724560415,1,0.606026122018,16,high_d,0.005
4,4-QAM,0.9,0.812830516164,1.682,0.2607434363,1,0.6053794462,16,high_d,0.018
4,4-QAM,0.9,0.812830516164,1.6825,0.260747709422,1,0.605217826703,16,full_d,0.034
4,4-QAM,0.9,0.812830516164,1.684,0.260759459113,1,0.604733087259,16,high_d,0.029
4,4-QAM,0.9,0.812830516164,1.685,0.260766401083,1,0.604410027055,16,full_d,0.003
4,4-QAM,0.9,0.812830516164,1.686,0.260772630355,1,0.604087046594,16,high_d,0.022
4,4-QAM,0.9,0.812830516164,1.6875,0.260780638391,1,0.603602725803,16,full_d,0.003
4,4-QAM,0.9,0.812830516164,1.688,0.260782951607,1,0.6034413256,16,high_d,0.042
4,4-QAM,0.9,0.812830516164,1.69,0.260790424534,1,0.602795925665,16,high_d,0.005
4,4-QAM,0.9,0.812830516164,1.692,0.260795050881,1,0.602150848172,16,high_d,0.004
4,4-QAM,0.9,0.812830516164,1.6925,0.260795762902,1,0.601989629341,16,full_d,0.003
4,4-QAM,0.9,0.812830516164,1.694,0.260796832472,1,0.601506094495,16,high_d,0.031
4,4-QAM,0.9,0.812830516164,1.695,0.260796657077,1,0.601183839517,16,full_d,0.003
4,4-QAM,0.9,0.812830516164,1.696,0.260795771212,1,0.600861666006,16,high_d,0.003
4,4-QAM,0.9,0.812830516164,1.6975,0.260793110835,1,0.600378558863,16,full_d,0.013
4,4-QAM,0.9,0.812830516164,1.698,0.260791869083,1,0.600217564067,16,high_d,0.013
4,4-QAM,0.9,0.812830516164,1.7,0.260785128147,1,0.599573790037,16,high_d,0.004
4,4-QAM,0.9,0.812830516164,1.702,0.260775550543,1,0.598930345269,16,high_d,0.004
4,4-QAM,0.9,0.812830516164,1.7025,0.26077271317,1,0.598769535682,16,full_d,0.003
4,4-QAM,0.9,0.812830516164,1.704,0.260763138486,1,0.598287231109,16,high_d,0.012
4,4-QAM,0.9,0.812830516164,1.705,0.260755870252,1,0.597965798427,16,full_d,0.003
4,4-QAM,0.9,0.812830516164,1.706,0.26074789427,1,0.597644448899,16,high_d,0.019
4,4-QAM,0.9,0.812830516164,1.7075,0.260734603924,1,0.597162580887,16,full_d,0.062
4,4-QAM,0.9,0.812830516164,1.708,0.260729820261,1,0.597001999974,16,high_d,0.025
4,4-QAM,0.9,0.812830516164,1.71,0.260708918904,1,0.596359885665,16,high_d,0.010
4,4-QAM,0.9,0.812830516164,1.712,0.260685192715,1,0.595718107296,16,high_d,0.024
4,4-QAM,0.9,0.812830516164,1.7125,0.26067882009,1,0.595557715349,16,full_d,0.003
4,4-QAM,0.9,0.812830516164,1.714,0.260658644286,1,0.595076666187,16,high_d,0.020
4,4-QAM,0.9,0.812830516164,1.715,0.260644312561,1,0.594756072516,16,full_d,0.051
4,4-QAM,0.9,0.812830516164,1.716,0.260629276281,1,0.594435563652,16,high_d,0.018
4,4-QAM,0.9,0.812830516164,1.7175,0.260605401574,1,0.593954959729,16,full_d,0.003
4,4-QAM,0.9,0.812830516164,1.718,0.260597091437,1,0.593794801002,16,high_d,0.028
4,4-QAM,0.9,0.812830516164,1.72,0.260562092562,1,0.59315437954,16,high_d,0.020
4,4-QAM,0.9,0.812830516164,1.722,0.260524282537,1,0.592514300566,16,high_d,0.013
4,4-QAM,0.9,0.812830516164,1.7225,0.260514391132,1,0.592354334488,16,full_d,0.003
4,4-QAM,0.9,0.812830516164,1.724,0.26048366431,1,0.591874565374,16,high_d,0.007
4,4-QAM,0.9,0.812830516164,1.725,0.260462303062,1,0.5915548271,16,full_d,0.003
4,4-QAM,0.9,0.812830516164,1.726,0.260440240902,1,0.591235175255,16,high_d,0.004
4,4-QAM,0.9,0.812830516164,1.7275,0.260405834301,1,0.590755859893,16,full_d,0.004
4,4-QAM,0.9,0.812830516164,1.728,0.260394015401,1,0.590596131494,16,high_d,0.015
4,4-QAM,0.9,0.812830516164,1.73,0.260344990965,1,0.58995743537,16,high_d,0.003
4,4-QAM,0.9,0.812830516164,1.732,0.260293170819,1,0.589319088162,16,high_d,0.021
4,4-QAM,0.9,0.812830516164,1.7325,0.260279779337,1,0.589159556026,16,full_d,0.003
4,4-QAM,0.9,0.812830516164,1.734,0.260238558254,1,0.588681091138,16,high_d,0.012
4,4-QAM,0.9,0.812830516164,1.735,0.260210205861,1,0.588362224343,16,full_d,0.003
4,4-QAM,0.9,0.812830516164,1.736,0.260181156628,1,0.588043445568,16,high_d,0.003
4,4-QAM,0.9,0.812830516164,1.7375,0.260136277146,1,0.587565442792,16,full_d,0.003
4,4-QAM,0.9,0.812830516164,1.738,0.260120969367,1,0.587406152715,16,high_d,0.022
4,4-QAM,0.9,0.812830516164,1.74,0.260057999958,1,0.586769213836,16,high_d,0.061
4,4-QAM,0.9,0.812830516164,1.742,0.259992251954,1,0.586132630187,16,high_d,0.003
4,4-QAM,0.9,0.812830516164,1.7425,0.259975381221,1,0.585973539926,16,full_d,0.003
4,4-QAM,0.9,0.812830516164,1.744,0.259923728974,1,0.585496403018,16,high_d,0.032
4,4-QAM,0.9,0.812830516164,1.745,0.259888428015,1,0.585178423503,16,full_d,0.020
4,4-QAM,0.9,0.812830516164,1.746,0.259852434696,1,0.584860533575,16,high_d,0.003
4,4-QAM,0.9,0.812830516164,1.7475,0.259797147573,1,0.584383867,16,full_d,0.003
4,4-QAM,0.9,0.812830516164,1.748,0.259778372863,1,0.584225023103,16,high_d,0.089
4,4-QAM,0.9,0.812830516164,1.75,0.259701547279,1,0.583589872839,16,high_d,0.003
4,4-QAM,0.9,0.812830516164,1.752,0.259621961807,1,0.582955084019,16,high_d,0.003
4,4-QAM,0.9,0.812830516164,1.7525,0.259601634666,1,0.582796443434,16,full_d,0.003
4,4-QAM,0.9,0.812830516164,1.754,0.259539620375,1,0.582320657875,16,high_d,0.003
4,4-QAM,0.9,0.812830516164,1.755,0.259497417416,1,0.582003581189,16,full_d,0.003
4,4-QAM,0.9,0.812830516164,1.756,0.259454526965,1,0.581686595633,16,high_d,0.004
4,4-QAM,0.9,0.812830516164,1.7575,0.259388903353,1,0.581211288501,16,full_d,0.003
4,4-QAM,0.9,0.812830516164,1.758,0.259366685622,1,0.58105289852,16,high_d,0.011
4,4-QAM,0.9,0.812830516164,1.76,0.259276100448,1,0.580419567756,16,high_d,0.004
4,4-QAM,0.9,0.812830516164,1.7625,0.259159016809,1,0.579628421335,16,full_d,0.047
4,4-QAM,0.9,0.812830516164,1.765,0.259037660687,1,0.578837851607,16,full_d,0.015
4,4-QAM,0.9,0.812830516164,1.7675,0.258912040468,1,0.578047860938,16,full_d,0.044
4,4-QAM,0.9,0.812830516164,1.77,0.258782164673,1,0.577258451682,16,full_d,0.003
4,4-QAM,0.9,0.812830516164,1.7725,0.258648041957,1,0.576469626189,16,full_d,0.034
4,4-QAM,0.9,0.812830516164,1.775,0.258509681107,1,0.5756813868,16,full_d,0.003
4,4-QAM,0.9,0.812830516164,1.7775,0.258367091037,1,0.57489373585,16,full_d,0.003
4,4-QAM,0.9,0.812830516164,1.78,0.258220280791,1,0.574106675668,16,full_d,0.003
4,4-QAM,0.9,0.812830516164,1.7825,0.258069259537,1,0.573320208574,16,full_d,0.003
4,4-QAM,0.9,0.812830516164,1.785,0.257914036567,1,0.572534336885,16,full_d,0.004
4,4-QAM,0.9,0.812830516164,1.7875,0.257754621294,1,0.571749062911,16,full_d,0.003
4,4-QAM,0.9,0.812830516164,1.79,0.257591023252,1,0.570964388954,16,full_d,0.069
4,4-QAM,0.9,0.812830516164,1.7925,0.257423252091,1,0.570180317314,16,full_d,0.012
4,4-QAM,0.9,0.812830516164,1.795,0.257251317579,1,0.569396850283,16,full_d,0.173
4,4-QAM,0.9,0.812830516164,1.7975,0.257075229597,1,0.56861399015,16,full_d,0.003
4,4-QAM,0.9,0.812830516164,1.8,0.256894998138,1,0.567831739197,16,full_d,0.043
4,4-QAM,0.9,0.812830516164,1.8025,0.256710633305,1,0.567050099702,16,full_d,0.004
4,4-QAM,0.9,0.812830516164,1.805,0.256522145311,1,0.56626907394,16,full_d,0.004
4,4-QAM,0.9,0.812830516164,1.8075,0.256329544473,1,0.565488664178,16,full_d,0.007
4,4-QAM,0.9,0.812830516164,1.81,0.256132841215,1,0.564708872683,16,full_d,0.004
4,4-QAM,0.9,0.812830516164,1.8125,0.255932046062,1,0.563929701717,16,full_d,0.110
4,4-QAM,0.9,0.812830516164,1.815,0.255727169641,1,0.563151153535,16,full_d,0.067
4,4-QAM,0.9,0.812830516164,1.8175,0.255518222675,1,0.562373230392,16,full_d,0.032
4,4-QAM,0.9,0.812830516164,1.82,0.255305215988,1,0.56159593454,16,full_d,0.063
4,4-QAM,0.9,0.812830516164,1.8225,0.255088160494,1,0.560819268224,16,full_d,0.015
4,4-QAM,0.9,0.812830516164,1.825,0.254867067203,1,0.56004323369,16,full_d,0.019
4,4-QAM,0.9,0.812830516164,1.8275,0.254641947214,1,0.559267833179,16,full_d,0.017
4,4-QAM,0.9,0.812830516164,1.83,0.254412811714,1,0.55849306893,16,full_d,0.037
4,4-QAM,0.9,0.812830516164,1.8325,0.254179671977,1,0.557718943178,16,full_d,0.014
4,4-QAM,0.9,0.812830516164,1.835,0.253942539361,1,0.556945458159,16,full_d,0.004
4,4-QAM,0.9,0.812830516164,1.8375,0.253701425305,1,0.556172616103,16,full_d,0.013
4,4-QAM,0.9,0.812830516164,1.84,0.253456341326,1,0.555400419241,16,full_d,0.047
4,4-QAM,0.9,0.812830516164,1.8425,0.253207299019,1,0.5546288698,16,full_d,0.024
4,4-QAM,0.9,0.812830516164,1.845,0.252954310052,1,0.553857970007,16,full_d,0.034
4,4-QAM,0.9,0.812830516164,1.8475,0.252697386165,1,0.553087722087,16,full_d,0.034
4,4-QAM,0.9,0.812830516164,1.85,0.252436539164,1,0.552318128263,16,full_d,0.004
4,4-QAM,0.9,0.812830516164,1.8525,0.252171780923,1,0.551549190756,16,full_d,0.037
4,4-QAM,0.9,0.812830516164,1.855,0.251903123376,1,0.550780911789,16,full_d,0.004
4,4-QAM,0.9,0.812830516164,1.8575,0.251630578516,1,0.550013293581,16,full_d,0.092
4,4-QAM,0.9,0.812830516164,1.86,0.25135415839,1,0.549246338352,16,full_d,0.003
4,4-QAM,0.9,0.812830516164,1.8625,0.251073875098,1,0.548480048319,16,full_d,0.030
4,4-QAM,0.9,0.812830516164,1.865,0.250789740785,1,0.547714425702,16,full_d,0.003
4,4-QAM,0.9,0.812830516164,1.8675,0.25050176764,1,0.546949472718,16,full_d,0.004
4,4-QAM,0.9,0.812830516164,1.87,0.250209967887,1,0.546185191584,16,full_d,0.003
4,4-QAM,0.9,0.812830516164,1.8725,0.249914353787,1,0.545421584518,16,full_d,0.003
4,4-QAM,0.9,0.812830516164,1.875,0.249614937623,1,0.544658653736,16,full_d,0.020
4,4-QAM,0.9,0.812830516164,1.8775,0.249311731704,1,0.543896401457,16,full_d,0.003
4,4-QAM,0.9,0.812830516164,1.88,0.249004748349,1,0.543134829898,16,full_d,0.003
4,4-QAM,0.9,0.812830516164,1.8825,0.248693999888,1,0.542373941276,16,full_d,0.068
4,4-QAM,0.9,0.812830516164,1.885,0.248379498649,1,0.54161373781,16,full_d,0.003
4,4-QAM,0.9,0.812830516164,1.8875,0.24806125695,1,0.540854221719,16,full_d,0.034
4,4-QAM,0.9,0.812830516164,1.89,0.247739287093,1,0.540095395221,16,full_d,0.003
4,4-QAM,0.9,0.812830516164,1.8925,0.247413601349,1,0.539337260539,16,full_d,0.003
4,4-QAM,0.9,0.812830516164,1.895,0.24708421195,1,0.538579819891,16,full_d,0.003
4,4-QAM,0.9,0.812830516164,1.8975,0.246751131074,1,0.537823075501,16,full_d,0.003
4,4-QAM,0.9,0.812830516164,1.9,0.246414370831,1,0.537067029591,16,full_d,0.004
4,4-QAM,0.9,0.812830516164,1.9025,0.246073943249,1,0.536311684385,16,full_d,0.003
4,4-QAM,0.9,0.812830516164,1.905,0.245729860252,1,0.535557042108,16,full_d,0.003
4,4-QAM,0.9,0.812830516164,1.9075,0.245382133644,1,0.534803104988,16,full_d,0.013
4,4-QAM,0.9,0.812830516164,1.91,0.245030775083,1,0.534049875251,16,full_d,0.003
4,4-QAM,0.9,0.812830516164,1.9125,0.244675796053,1,0.533297355127,16,full_d,0.003
4,4-QAM,0.9,0.812830516164,1.915,0.24431720784,1,0.532545546847,16,full_d,0.046
4,4-QAM,0.9,0.812830516164,1.9175,0.24395502149,1,0.531794452642,16,full_d,0.003
4,4-QAM,0.9,0.812830516164,1.92,0.243589247771,1,0.531044074748,16,full_d,0.003
4,4-QAM,0.9,0.812830516164,1.9225,0.24321989713,1,0.530294415399,16,full_d,0.025
4,4-QAM,0.9,0.812830516164,1.925,0.24284697963,1,0.529545476832,16,full_d,0.003
4,4-QAM,0.9,0.812830516164,1.9275,0.242470504891,1,0.528797261288,16,full_d,0.025
4,4-QAM,0.9,0.812830516164,1.93,0.242090482003,1,0.528049771006,16,full_d,0.003
4,4-QAM,0.9,0.812830516164,1.9325,0.241706919441,1,0.527303008229,16,full_d,0.034
4,4-QAM,0.9,0.812830516164,1.935,0.241319824937,1,0.526556975203,16,full_d,0.023
4,4-QAM,0.9,0.812830516164,1.9375,0.240929205344,1,0.525811674174,16,full_d,0.013
4,4-QAM,0.9,0.812830516164,1.94,0.240535066447,1,0.52506710739,16,full_d,0.020
4,4-QAM,0.9,0.812830516164,1.9425,0.24013741273,1,0.524323277103,16,full_d,0.014
4,4-QAM,0.9,0.812830516164,1.945,0.239736247067,1,0.523580185565,16,full_d,0.027
4,4-QAM,0.9,0.812830516164,1.9475,0.239331570305,1,0.522837835032,16,full_d,0.020
4,4-QAM,0.9,0.812830516164,1.95,0.238923380687,1,0.52209622776,16,full_d,0.016
4,4-QAM,0.9,0.812830516164,1.9525,0.238511673009,1,0.521355366008,16,full_d,0.018
4,4-QAM,0.9,0.812830516164,1.955,0.238096437342,1,0.520615252039,16,full_d,0.031
4,4-QAM,0.9,0.812830516164,1.9575,0.237677656916,1,0.519875888115,16,full_d,0.010
4,4-QAM,0.9,0.812830516164,1.96,0.237255304292,1,0.519137276503,16,full_d,0.030
4,4-QAM,0.9,0.812830516164,1.9625,0.23682933311,1,0.51839941947,16,full_d,0.017
4,4-QAM,0.9,0.812830516164,1.965,0.236399653273,1,0.517662319287,16,full_d,0.009
4,4-QAM,0.9,0.812830516164,1.9675,0.2359660065,1,0.516925978227,16,full_d,0.022
4,4-QAM,0.9,0.812830516164,1.97,0.235528498064,1,0.516190398563,16,full_d,0.004
4,4-QAM,0.9,0.812830516164,1.9725,0.235087399898,1,0.515455582574,16,full_d,0.040
4,4-QAM,0.9,0.812830516164,1.975,0.234642841776,1,0.514721532538,16,full_d,0.109
4,4-QAM,0.9,0.812830516164,1.9775,0.234194918211,1,0.513988250737,16,full_d,0.004
4,4-QAM,0.9,0.812830516164,1.98,0.233743706932,1,0.513255739454,16,full_d,0.004
4,4-QAM,0.9,0.812830516164,1.9825,0.233289275759,1,0.512524000975,16,full_d,0.032
4,4-QAM,0.9,0.812830516164,1.985,0.232831685975,1,0.511793037589,16,full_d,0.005
4,4-QAM,0.9,0.812830516164,1.9875,0.232370994229,1,0.511062851584,16,full_d,0.004
4,4-QAM,0.9,0.812830516164,1.99,0.231907253728,1,0.510333445254,16,full_d,0.004
4,4-QAM,0.9,0.812830516164,1.9925,0.231440515027,1,0.509604820893,16,full_d,0.003
4,4-QAM,0.9,0.812830516164,1.995,0.230970826586,1,0.508876980797,16,full_d,0.019
4,4-QAM,0.9,0.812830516164,1.9975,0.230498235166,1,0.508149927265,16,full_d,0.020
4,4-QAM,0.9,0.812830516164,2,0.230022786134,1,0.507423662598,16,full_d,0.060
4,4-QAM,0.95,0.803526122186,0.5,0.141399042553,0.99999999967,0.952069130234,12,full_d,0.010
4,4-QAM,0.95,0.803526122186,0.5025,0.142364696325,0.999999999968,0.951600474982,12,full_d,0.032
4,4-QAM,0.95,0.803526122186,0.505,0.1433279364,0.999999999973,0.95112971633,12,full_d,0.004
4,4-QAM,0.95,0.803526122186,0.5075,0.144288695259,0.999999998697,0.9506568577,12,full_d,0.004
4,4-QAM,0.95,0.803526122186,0.51,0.14524690646,0.999999999963,0.950181902531,12,full_d,0.005
4,4-QAM,0.95,0.803526122186,0.5125,0.146202502792,0.999999999594,0.949704854277,12,full_d,0.004
4,4-QAM,0.95,0.803526122186,0.515,0.147155418386,0.999999999983,0.949225716407,12,full_d,0.003
4,4-QAM,0.95,0.803526122186,0.5175,0.148105587212,0.999999999692,0.948744492409,12,full_d,0.004
4,4-QAM,0.95,0.803526122186,0.52,0.149052944005,0.999999999755,0.948261185785,12,full_d,0.023
4,4-QAM,0.95,0.803526122186,0.5225,0.14999742373,0.999999999987,0.947775800054,12,full_d,0.005
4,4-QAM,0.95,0.803526122186,0.525,0.15093896173,0.999999999986,0.947288338751,12,full_d,0.019
4,4-QAM,0.95,0.803526122186,0.5275,0.151877493811,0.999999999624,0.946798805427,12,full_d,0.026
4,4-QAM,0.95,0.803526122186,0.53,0.152812956385,0.999999999982,0.94630720365,12,full_d,0.026
4,4-QAM,0.95,0.803526122186,0.5325,0.153745285929,0.999999999739,0.945813537003,12,full_d,0.014
4,4-QAM,0.95,0.803526122186,0.535,0.154674419726,0.999999999998,0.945317809088,12,full_d,0.012
4,4-QAM,0.95,0.803526122186,0.5375,0.155600295215,0.999999999995,0.944820023519,12,full_d,0.033
4,4-QAM,0.95,0.803526122186,0.54,0.156522850301,0.999999999127,0.944320183932,12,full_d,0.008
4,4-QAM,0.95,0.803526122186,0.5425,0.157442023805,0.99999999975,0.943818293974,12,full_d,0.019
4,4-QAM,0.95,0.803526122186,0.545,0.158357754328,0.999999999886,0.943314357312,12,full_d,0.017
4,4-QAM,0.95,0.803526122186,0.5475,0.159269981314,0.999999999995,0.942808377628,12,full_d,0.011
4,4-QAM,0.95,0.803526122186,0.55,0.16017864457,0.999999999878,0.942300358621,12,full_d,0.020
4,4-QAM,0.95,0.803526122186,0.5525,0.161083684455,0.999999999818,0.941790304007,12,full_d,0.035
4,4-QAM,0.95,0.803526122186,0.555,0.161985041764,0.999999999858,0.941278217518,12,full_d,0.030
4,4-QAM,0.95,0.803526122186,0.5575,0.162882657675,0.999999999404,0.940764102902,12,full_d,0.007
4,4-QAM,0.95,0.803526122186,0.56,0.163776474172,0.999999999814,0.940247963925,12,full_d,0.020
4,4-QAM,0.95,0.803526122186,0.5625,0.164666433319,0.999999999924,0.939729804369,12,full_d,0.007
4,4-QAM,0.95,0.803526122186,0.565,0.165552477893,0.999999999874,0.939209628034,12,full_d,0.028
4,4-QAM,0.95,0.803526122186,0.5675,0.166434551206,0.999999999994,0.938687438734,12,full_d,0.013
4,4-QAM,0.95,0.803526122186,0.57,0.167312596976,0.999999999995,0.938163240304,12,full_d,0.016
4,4-QAM,0.95,0.803526122186,0.5725,0.168186559498,0.999999999967,0.937637036592,12,full_d,0.021
4,4-QAM,0.95,0.803526122186,0.575,0.169056383584,0.999999999984,0.937108831466,12,full_d,0.016
4,4-QAM,0.95,0.803526122186,0.5775,0.169922014547,0.999999999998,0.936578628808,12,full_d,0.016
4,4-QAM,0.95,0.803526122186,0.58,0.170783398134,0.9999999994,0.93604643252,12,full_d,0.020
4,4-QAM,0.95,0.803526122186,0.5825,0.171640481039,0.999999999999,0.93551224652,12,full_d,0.018
4,4-QAM,0.95,0.803526122186,0.585,0.172493209873,0.999999999974,0.934976074742,12,full_d,0.022
4,4-QAM,0.95,0.803526122186,0.5875,0.173341532213,0.999999999977,0.93443792114,12,full_d,0.025
4,4-QAM,0.95,0.803526122186,0.59,0.174185396061,0.999999999941,0.933897789682,12,full_d,0.027
4,4-QAM,0.95,0.803526122186,0.5925,0.175024750006,0.999999999996,0.933355684357,12,full_d,0.016
4,4-QAM,0.95,0.803526122186,0.595,0.175859543145,0.999999999998,0.932811609167,12,full_d,0.028
4,4-QAM,0.95,0.803526122186,0.5975,0.176689725169,0.999999999977,0.932265568136,12,full_d,0.018
4,4-QAM,0.95,0.803526122186,0.6,0.17751524632,0.999999999882,0.931717565302,12,full_d,0.036
4,4-QAM,0.95,0.803526122186,0.6025,0.178336057471,0.999999999997,0.931167604723,12,full_d,0.004
4,4-QAM,0.95,0.803526122186,0.605,0.179152109961,0.999999999988,0.930615690474,12,full_d,0.004
4,4-QAM,0.95,0.803526122186,0.6075,0.179963355782,0.999999999931,0.930061826647,12,full_d,0.028
4,4-QAM,0.95,0.803526122186,0.61,0.180769747525,0.999999999995,0.929506017352,12,full_d,0.051
4,4-QAM,0.95,0.803526122186,0.6125,0.181571238309,0.999999999995,0.928948266717,12,full_d,0.003
4,4-QAM,0.95,0.803526122186,0.615,0.182367781869,0.999999999876,0.928388578889,12,full_d,0.004
4,4-QAM,0.95,0.803526122186,0.6175,0.18315933261,0.999999999998,0.927826958032,12,full_d,0.013
4,4-QAM,0.95,0.803526122186,0.62,0.183945845411,0.999999999999,0.927263408328,12,full_d,0.013
4,4-QAM,0.95,0.803526122186,0.6225,0.184727275841,0.999999999999,0.926697933977,12,full_d,0.048
4,4-QAM,0.95,0.803526122186,0.625,0.18550358006,0.999999999995,0.926130539197,12,full_d,0.003
4,4-QAM,0.95,0.803526122186,0.6275,0.186274714842,0.999999999997,0.925561228227,12,full_d,0.068
4,4-QAM,0.95,0.803526122186,0.63,0.187040637575,0.999999999997,0.92499000532,12,full_d,0.006
4,4-QAM,0.95,0.803526122186,0.6325,0.187801306254,0.999999999892,0.924416874751,12,full_d,0.006
4,4-QAM,0.95,0.803526122186,0.635,0.188556679547,0.999999999846,0.923841840812,12,full_d,0.034
4,4-QAM,0.95,0.803526122186,0.6375,0.189306716742,0.99999999997,0.923264907813,12,full_d,0.004
4,4-QAM,0.95,0.803526122186,0.64,0.190051377692,0.999999999996,0.922686080085,12,full_d,0.003
4,4-QAM,0.95,0.803526122186,0.6425,0.190790622947,0.999999999997,0.922105361976,12,full_d,0.003
4,4-QAM,0.95,0.803526122186,0.645,0.19152441369,0.999999999983,0.921522757852,12,full_d,0.004
4,4-QAM,0.95,0.803526122186,0.6475,0.192252711746,0.999999999972,0.9209382721,12,full_d,0.003
4,4-QAM,0.95,0.803526122186,0.65,0.192975479595,0.999999999998,0.920351909125,12,full_d,0.030
4,4-QAM,0.95,0.803526122186,0.6525,0.193692680347,0.999999999998,0.919763673351,12,full_d,0.004
4,4-QAM,0.95,0.803526122186,0.655,0.194404277783,0.999999999988,0.919173569222,12,full_d,0.047
4,4-QAM,0.95,0.803526122186,0.6575,0.195110236345,0.999999999999,0.9185816012,12,full_d,0.004
4,4-QAM,0.95,0.803526122186,0.66,0.195810521123,0.999999999999,0.917987773768,12,full_d,0.004
4,4-QAM,0.95,0.803526122186,0.6625,0.196505097882,0.999999999998,0.917392091426,12,full_d,0.003
4,4-QAM,0.95,0.803526122186,0.665,0.197193933041,0.999999999951,0.916794558697,12,full_d,0.053
4,4-QAM,0.95,0.803526122186,0.6675,0.197876993725,0.99999999997,0.91619518012,12,full_d,0.082
4,4-QAM,0.95,0.803526122186,0.67,0.198554247695,0.999999999999,0.915593960256,12,full_d,0.003
4,4-QAM,0.95,0.803526122186,0.6725,0.199225663395,0.999999999994,0.914990903685,12,full_d,0.003
4,4-QAM,0.95,0.803526122186,0.675,0.199891209962,0.999999999999,0.914386015008,12,full_d,0.004
4,4-QAM,0.95,0.803526122186,0.6775,0.200550857205,0.999999999988,0.913779298845,12,full_d,0.004
4,4-QAM,0.95,0.803526122186,0.68,0.201204575629,0.999999999999,0.913170759835,12,full_d,0.004
4,4-QAM,0.95,0.803526122186,0.6825,0.201852336412,0.999999999999,0.912560402639,12,full_d,0.036
4,4-QAM,0.95,0.803526122186,0.685,0.202494111424,0.99999999996,0.911948231938,12,full_d,0.003
4,4-QAM,0.95,0.803526122186,0.6875,0.203129873255,0.999999999992,0.911334252434,12,full_d,0.003
4,4-QAM,0.95,0.803526122186,0.69,0.203759595149,0.999999999998,0.910718468846,12,full_d,0.005
4,4-QAM,0.95,0.803526122186,0.6925,0.204383251062,0.99999999996,0.910100885918,12,full_d,0.003
4,4-QAM,0.95,0.803526122186,0.695,0.205000815668,0.999999999952,0.909481508413,12,full_d,0.003
4,4-QAM,0.95,0.803526122186,0.6975,0.205612264324,0.999999999952,0.908860341113,12,full_d,0.009
4,4-QAM,0.95,0.803526122186,0.7,0.206217573097,0.99999999997,0.908237388824,12,full_d,0.005
4,4-QAM,0.95,0.803526122186,0.7025,0.206816718755,0.999999999999,0.90761265637,12,full_d,0.011
4,4-QAM,0.95,0.803526122186,0.705,0.207409678768,0.999999999999,0.906986148598,12,full_d,0.003
4,4-QAM,0.95,0.803526122186,0.7075,0.207996431328,0.999999999993,0.906357870375,12,full_d,0.070
4,4-QAM,0.95,0.803526122186,0.71,0.208576955335,0.999999999996,0.905727826591,12,full_d,0.013
4,4-QAM,0.95,0.803526122186,0.7125,0.209151230396,0.999999999999,0.905096022155,12,full_d,0.003
4,4-QAM,0.95,0.803526122186,0.715,0.20971923683,0.999999999965,0.904462461998,12,full_d,0.035
4,4-QAM,0.95,0.803526122186,0.7175,0.210280955695,0.999999999998,0.903827151075,12,full_d,0.003
4,4-QAM,0.95,0.803526122186,0.72,0.210836368717,0.999999999944,0.903190094358,12,full_d,0.003
4,4-QAM,0.95,0.803526122186,0.7225,0.211385458408,0.999999999993,0.902551296846,12,full_d,0.011
4,4-QAM,0.95,0.803526122186,0.725,0.211928207927,0.99999999998,0.901910763556,12,full_d,0.004
4,4-QAM,0.95,0.803526122186,0.7275,0.212464601207,1,0.901268499528,12,full_d,0.009
4,4-QAM,0.95,0.803526122186,0.73,0.212994622869,0.999999999995,0.900624509825,12,full_d,0.003
4,4-QAM,0.95,0.803526122186,0.7325,0.213518258276,0.999999999998,0.89997879953,12,full_d,0.045
4,4-QAM,0.95,0.803526122186,0.735,0.214035493502,0.999999999992,0.89933137375,12,full_d,0.003
4,4-QAM,0.95,0.803526122186,0.7375,0.214546315354,0.999999999998,0.898682237615,12,full_d,0.005
4,4-QAM,0.95,0.803526122186,0.74,0.215050711346,0.999999999974,0.898031396274,12,full_d,0.006
4,4-QAM,0.95,0.803526122186,0.7425,0.215548669745,0.999999999999,0.897378854903,12,full_d,0.036
4,4-QAM,0.95,0.803526122186,0.745,0.216040179509,0.999999999999,0.896724618696,12,full_d,0.004
4,4-QAM,0.95,0.803526122186,0.7475,0.216525230341,0.999999999999,0.896068692873,12,full_d,0.010
4,4-QAM,0.95,0.803526122186,0.75,0.217003812664,0.999999999995,0.895411082675,12,full_d,0.011
4,4-QAM,0.95,0.803526122186,0.7525,0.217475917628,0.999999999999,0.894751793367,12,full_d,0.003
4,4-QAM,0.95,0.803526122186,0.755,0.217941537103,0.999999999999,0.894090830237,12,full_d,0.061
4,4-QAM,0.95,0.803526122186,0.7575,0.218400663686,0.999999999992,0.893428198594,12,full_d,0.004
4,4-QAM,0.95,0.803526122186,0.76,0.218853290699,0.999999999987,0.892763903773,12,full_d,0.018
4,4-QAM,0.95,0.803526122186,0.7625,0.219299412193,0.999999999999,0.892097951129,12,full_d,0.027
4,4-QAM,0.95,0.803526122186,0.765,0.219739022928,0.999999999998,0.891430346044,12,full_d,0.003
4,4-QAM,0.95,0.803526122186,0.7675,0.2201721184,0.999999999999,0.89076109392,12,full_d,0.003
4,4-QAM,0.95,0.803526122186,0.77,0.220598694821,0.999999999999,0.890090200184,12,full_d,0.003
4,4-QAM,0.95,0.803526122186,0.7725,0.221018749126,0.999999999992,0.889417670286,12,full_d,0.063
4,4-QAM,0.95,0.803526122186,0.775,0.221432278972,0.999999999997,0.888743509701,12,full_d,0.003
4,4-QAM,0.95,0.803526122186,0.7775,0.221839282732,0.999999999999,0.888067723926,12,full_d,0.003
4,4-QAM,0.95,0.803526122186,0.78,0.222239759497,1,0.887390318482,12,full_d,0.018
4,4-QAM,0.95,0.803526122186,0.7825,0.222633709076,0.999999999998,0.886711298914,12,full_d,0.004
4,4-QAM,0.95,0.803526122186,0.785,0.223021131995,0.999999999998,0.886030670791,12,full_d,0.003
4,4-QAM,0.95,0.803526122186,0.7875,0.223402029492,0.999999999999,0.885348439706,12,full_d,0.003
4,4-QAM,0.95,0.803526122186,0.79,0.223776403517,1,0.884664611277,12,full_d,0.003
4,4-QAM,0.95,0.803526122186,0.7925,0.224144256731,1,0.883979191144,12,full_d,0.011
4,4-QAM,0.95,0.803526122186,0.795,0.224505592503,0.999999999992,0.883292184972,12,full_d,0.004
4,4-QAM,0.95,0.803526122186,0.7975,0.224860414915,0.999999999998,0.882603598451,12,full_d,0.004
4,4-QAM,0.95,0.803526122186,0.8,0.225208728743,1,0.881913437294,12,full_d,0.022
4,4-QAM,0.95,0.803526122186,0.8025,0.225550539474,1,0.881221707239,12,full_d,0.038
4,4-QAM,0.95,0.803526122186,0.805,0.225885853291,1,0.880528414049,12,full_d,0.003
4,4-QAM,0.95,0.803526122186,0.8075,0.226214677077,0.999999999999,0.879833563511,12,full_d,0.007
4,4-QAM,0.95,0.803526122186,0.81,0.226537018412,0.999999999999,0.879137161434,12,full_d,0.019
4,4-QAM,0.95,0.803526122186,0.8125,0.226852885565,0.999999999999,0.878439213656,12,full_d,0.003
4,4-QAM,0.95,0.803526122186,0.815,0.227162287498,0.999999999999,0.877739726035,12,full_d,0.026
4,4-QAM,0.95,0.803526122186,0.8175,0.227465233859,0.999999999999,0.877038704458,12,full_d,0.003
4,4-QAM,0.95,0.803526122186,0.82,0.227761734981,0.999999999999,0.876336154833,12,low_d,0.037
4,4-QAM,0.95,0.803526122186,0.822,0.227994302686,0.999999999999,0.875773018925,12,low_d,0.003
4,4-QAM,0.95,0.803526122186,0.8225,0.22805180188,0.999999999999,0.875632083094,12,full_d,0.004
4,4-QAM,0.95,0.803526122186,0.824,0.228222758425,0.999999999991,0.875208911914,12,low_d,0.004
4,4-QAM,0.95,0.803526122186,0.825,0.228335446245,0.999999999996,0.8749264952,12,full_d,0.031
4,4-QAM,0.95,0.803526122186,0.826,0.228447108431,0.999999999998,0.874643836858,12,low_d,0.003
4,4-QAM,0.95,0.803526122186,0.8275,0.228612680448,1,0.874219397134,12,full_d,0.003
4,4-QAM,0.95,0.803526122186,0.828,0.228667359203,0.999999999997,0.874077796829,12,low_d,0.003
4,4-QAM,0.95,0.803526122186,0.83,0.228883517523,0.999999999995,0.873510794905,12,low_d,0.007
4,4-QAM,0.95,0.803526122186,0.832,0.229095590444,0.999999999999,0.872942834177,12,low_d,0.029
4,4-QAM,0.95,0.803526122186,0.8325,0.229147971182,1,0.872800694544,12,full_d,0.048
4,4-QAM,0.95,0.803526122186,0.834,0.229303585286,0.999999999995,0.872373917744,12,low_d,0.004
4,4-QAM,0.95,0.803526122186,0.835,0.229406055793,0.999999999998,0.872089102111,12,full_d,0.003
4,4-QAM,0.95,0.803526122186,0.836,0.22950750965,0.999999999999,0.871804048718,12,low_d,0.003
4,4-QAM,0.95,0.803526122186,0.8375,0.229657786389,0.999999999997,0.871376023686,12,full_d,0.030
4,4-QAM,0.95,0.803526122186,0.838,0.229707371396,0.999999999998,0.871233230219,12,low_d,0.003
4,4-QAM,0.95,0.803526122186,0.84,0.229903178661,1,0.870661465377,12,low_d,0.039
4,4-QAM,0.95,0.803526122186,0.842,0.230094939843,0.999999999999,0.870088757332,12,low_d,0.004
4,4-QAM,0.95,0.803526122186,0.8425,0.230142248947,0.999999999997,0.869945433315,12,full_d,0.003
4,4-QAM,0.95,0.803526122186,0.844,0.23028266361,1,0.869515109237,12,low_d,0.003
4,4-QAM,0.95,0.803526122186,0.845,0.230375014243,0.999999999996,0.869227933658,12,full_d,0.003
4,4-QAM,0.95,0.803526122186,0.846,0.230466358893,1,0.868940524252,12,low_d,0.054
4,4-QAM,0.95,0.803526122186,0.8475,0.230601492182,1,0.868508972586,12,full_d,0.003
4,4-QAM,0.95,0.803526122186,0.848,0.230646034884,0.999999999997,0.868365005547,12,low_d,0.003
4,4-QAM,0.95,0.803526122186,0.85,0.230821701042,1,0.867788556305,12,low_d,0.003
4,4-QAM,0.95,0.803526122186,0.852,0.23099336708,1,0.867211179717,12,low_d,0.004
4,4-QAM,0.95,0.803526122186,0.8525,0.231035659734,0.999999999999,0.867066691047,12,full_d,0.025
4,4-QAM,0.95,0.803526122186,0.854,0.231161042974,1,0.866632878984,12,low_d,0.020
4,4-QAM,0.95,0.803526122186,0.855,0.231243387804,0.999999999998,0.866343383066,12,full_d,0.004
4,4-QAM,0.95,0.803526122186,0.856,0.231324738956,0.999999999999,0.866053657317,12,low_d,0.003
4,4-QAM,0.95,0.803526122186,0.8575,0.231444905424,1,0.865618638643,12,full_d,0.003
4,4-QAM,0.95,0.803526122186,0.858,0.231484465513,0.999999999998,0.865473517939,12,low_d,0.003
4,4-QAM,0.95,0.803526122186,0.86,0.231640233388,1,0.864892464082,12,low_d,0.012
4,4-QAM,0.95,0.803526122186,0.862,0.231792053574,0.999999999998,0.864310498987,12,low_d,0.004
4,4-QAM,0.95,0.803526122186,0.8625,0.231829393107,0.999999999997,0.864164865713,12,full_d,0.081
4,4-QAM,0.95,0.803526122186,0.864,0.231939937319,1,0.863727625906,12,low_d,0.052
4,4-QAM,0.95,0.803526122186,0.865,0.232012406608,1,0.86343584989,12,full_d,0.003
4,4-QAM,0.95,0.803526122186,0.866,0.232083896117,1,0.863143848102,12,low_d,0.073
4,4-QAM,0.95,0.803526122186,0.8675,0.232189296523,1,0.862705422992,12,full_d,0.004
4,4-QAM,0.95,0.803526122186,0.868,0.232223941709,0.999999999999,0.862559168846,12,low_d,0.005
4,4-QAM,0.95,0.803526122186,0.87,0.232360086086,0.999999999998,0.861973591421,12,low_d,0.003
4,4-QAM,0.95,0.803526122186,0.872,0.232492341482,0.999999999998,0.861387119118,12,low_d,0.003
4,4-QAM,0.95,0.803526122186,0.8725,0.232524799134,0.999999999999,0.861240361605,12,full_d,0.018
4,4-QAM,0.95,0.803526122186,0.874,0.232620720371,0.999999999998,0.86079975524,12,low_d,0.004
4,4-QAM,0.95,0.803526122186,0.875,0.232683460091,1,0.860505739996,12,full_d,0.011
4,4-QAM,0.95,0.803526122186,0.876,0.232745235471,0.999999999998,0.8602115031,12,low_d,0.028
4,4-QAM,0.95,0.803526122186,0.8775,0.23283609397,0.999999999998,0.85976973307,12,full_d,0.003
4,4-QAM,0.95,0.803526122186,0.878,0.232865899739,1,0.859622366018,12,low_d,0.004
4,4-QAM,0.95,0.803526122186,0.88,0.232982726365,0.999999999997,0.859032347327,12,low_d,0.003
4,4-QAM,0.95,0.803526122186,0.882,0.233095728782,0.999999999998,0.85844145037,12,low_d,0.004
4,4-QAM,0.95,0.803526122186,0.8825,0.233123383449,1,0.858293589293,12,full_d,0.003
4,4-QAM,0.95,0.803526122186,0.884,0.233204920649,0.999999999999,0.857849678496,12,low_d,0.003
4,4-QAM,0.95,0.803526122186,0.885,0.23325809196,1,0.857553465517,12,full_d,0.014
4,4-QAM,0.95,0.803526122186,0.886,0.233310315863,1,0.85725703507,12,low_d,0.005
4,4-QAM,0.95,0.803526122186,0.8875,0.233386879206,1,0.856811982571,12,full_d,0.016
4,4-QAM,0.95,0.803526122186,0.888,0.233411928545,0.999999999999,0.856663523461,12,low_d,0.003
4,4-QAM,0.95,0.803526122186,0.89,0.23350977305,1,0.856069147051,12,low_d,0.011
4,4-QAM,0.95,0.803526122186,0.892,0.233603863953,0.999999999996,0.855473909232,12,low_d,0.097
4,4-QAM,0.95,0.803526122186,0.8925,0.233626801909,0.999999999999,0.85532496558,12,full_d,0.003
4,4-QAM,0.95,0.803526122186,0.894,0.233694216059,1,0.854877813404,12,low_d,0.106
4,4-QAM,0.95,0.803526122186,0.895,0.233737994748,0.999999999996,0.854579444802,12,full_d,0.015
4,4-QAM,0.95,0.803526122186,0.896,0.233780844389,0.999999999999,0.854280862977,12,low_d,0.003
4,4-QAM,0.95,0.803526122186,0.8975,0.233843381072,0.999999999999,0.853832591384,12,full_d,0.017
4,4-QAM,0.95,0.803526122186,0.898,0.233863764189,1,0.853683061372,12,low_d,0.003
4,4-QAM,0.95,0.803526122186,0.9,0.233942990919,1,0.853084412019,12,low_d,0.004
4,4-QAM,0.95,0.803526122186,0.902,0.234018540258,1,0.852484918357,12,low_d,0.003
4,4-QAM,0.95,0.803526122186,0.9025,0.234036854858,1,0.852334913422,12,full_d,0.018
4,4-QAM,0.95,0.803526122186,0.904,0.234090428097,1,0.851884583835,12,low_d,0.003
4,4-QAM,0.95,0.803526122186,0.905,0.234125003978,1,0.851584102332,12,full_d,0.013
4,4-QAM,0.95,0.803526122186,0.906,0.234158670539,1,0.851283411912,12,low_d,0.011
4,4-QAM,0.95,0.803526122186,0.9075,0.234207469883,0.999999999999,0.850831985511,12,full_d,0.003
4,4-QAM,0.95,0.803526122186,0.908,0.234223283896,1,0.850681406056,12,low_d,0.003
4,4-QAM,0.95,0.803526122186,0.91,0.234284284688,1,0.850078569744,12,low_d,0.028
4,4-QAM,0.95,0.803526122186,0.912,0.234341689641,1,0.849474906463,12,low_d,0.003
4,4-QAM,0.95,0.803526122186,0.9125,0.234355481008,1,0.849323861839,12,full_d,0.040
4,4-QAM,0.95,0.803526122186,0.914,0.234395515682,1,0.84887041971,12,low_d,0.004
4,4-QAM,0.95,0.803526122186,0.915,0.234421091955,1,0.848567868627,12,full_d,0.011
4,4-QAM,0.95,0.803526122186,0.916,0.23444577994,1,0.84826511299,12,low_d,0.003
4,4-QAM,0.95,0.803526122186,0.9175,0.234481151129,1,0.847810596961,12,full_d,0.004
4,4-QAM,0.95,0.803526122186,0.918,0.234492499742,0.999999999998,0.847658989818,12,low_d,0.003
4,4-QAM,0.95,0.803526122186,0.92,0.234535692614,1,0.847052053718,12,low_d,0.004
4,4-QAM,0.95,0.803526122186,0.922,0.23457537627,0.999999999999,0.846444308224,12,low_d,0.003
4,4-QAM,0.95,0.803526122186,0.9225,0.234584750964,0.999999999999,0.846292245797,12,full_d,0.047
4,4-QAM,0.95,0.803526122186,0.924,0.234611568622,1,0.845835756877,12,low_d,0.013
4,4-QAM,0.95,0.803526122186,0.925,0.234628361208,1,0.845531180118,12,full_d,0.003
4,4-QAM,0.95,0.803526122186,0.926,0.234644287768,0.999999999998,0.845226403229,12,low_d,0.003
4,4-QAM,0.95,0.803526122186,0.9275,0.23466655883,1,0.844768863624,12,full_d,0.004
4,4-QAM,0.95,0.803526122186,0.928,0.234673551994,0.999999999999,0.84461625084,12,low_d,0.003
4,4-QAM,0.95,0.803526122186,0.93,0.23469937977,0.999999999999,0.844005303281,12,low_d,0.010
4,4-QAM,0.95,0.803526122186,0.932,0.234721789749,0.999999999999,0.843393564129,12,low_d,0.003
4,4-QAM,0.95,0.803526122186,0.9325,0.234726860416,0.999999999999,0.843240506075,12,full_d,0.003
4,4-QAM,0.95,0.803526122186,0.934,0.234740800764,1,0.842781036971,12,low_d,0.011
4,4-QAM,0.95,0.803526122186,0.935,0.234749037594,0.999999999998,0.842474479014,12,full_d,0.006
4,4-QAM,0.95,0.803526122186,0.936,0.234756431825,1,0.842167725404,12,low_d,0.003
4,4-QAM,0.95,0.803526122186,0.9375,0.234765948561,0.999999999999,0.841707229127,12,full_d,0.011
4,4-QAM,0.95,0.803526122186,0.938,0.234768702118,1,0.841553633031,12,low_d,0.032
4,4-QAM,0.95,0.803526122186,0.94,0.234777631001,1,0.840938763467,12,low_d,0.003
4,4-QAM,0.95,0.803526122186,0.942,0.234783238001,1,0.840323120332,12,low_d,0.046
4,4-QAM,0.95,0.803526122186,0.9425,0.234784123012,0.999999999999,0.840169089103,12,full_d,0.003
4,4-QAM,0.95,0.803526122186,0.944,0.234785542816,1,0.839706707258,12,low_d,0.005
4,4-QAM,0.95,0.803526122186,0.945,0.234785463104,1,0.83939821313,12,full_d,0.027
4,4-QAM,0.95,0.803526122186,0.946,0.234784565306,0.999999999999,0.839089527883,12,low_d,0.003
4,4-QAM,0.95,0.803526122186,0.9475,0.234781690189,1,0.838626142661,12,full_d,0.011
4,4-QAM,0.95,0.803526122186,0.948,0.234780325496,0.999999999999,0.838471585854,12,low_d,0.003
4,4-QAM,0.95,0.803526122186,0.95,0.234772843571,0.999999999999,0.837852884828,12,low_d,0.025
4,4-QAM,0.95,0.803526122186,0.952,0.234762139872,0.999999999999,0.837233428467,12,low_d,0.112
4,4-QAM,0.95,0.803526122186,0.9525,0.234758962944,1,0.837078446786,12,full_d,0.003
4,4-QAM,0.95,0.803526122186,0.954,0.234748234896,0.999999999999,0.836613220443,12,low_d,0.003
4,4-QAM,0.95,0.803526122186,0.955,0.234740088377,1,0.836302835708,12,full_d,0.035
4,4-QAM,0.95,0.803526122186,0.956,0.234731149295,1,0.835992264437,12,low_d,0.003
4,4-QAM,0.95,0.803526122186,0.9575,0.234716260314,1,0.835526058788,12,full_d,0.003
4,4-QAM,0.95,0.803526122186,0.958,0.234710903866,0.999999999999,0.835370564137,12,low_d,0.003
4,4-QAM,0.95,0.803526122186,0.96,0.23468751956,1,0.834748123239,12,low_d,0.003
4,4-QAM,0.95,0.803526122186,0.962,0.234661017466,1,0.834124945446,12,low_d,0.003
4,4-QAM,0.95,0.803526122186,0.9625,0.234653907274,1,0.833969036293,12,full_d,0.003
4,4-QAM,0.95,0.803526122186,0.964,0.234631418821,1,0.83350103447,12,low_d,0.010
4,4-QAM,0.95,0.803526122186,0.965,0.234615464966,1,0.833188805201,12,full_d,0.017
4,4-QAM,0.95,0.803526122186,0.966,0.234598744999,0.999999999999,0.832876394031,12,low_d,0.005
4,4-QAM,0.95,0.803526122186,0.9675,0.234572234482,1,0.832407437233,12,full_d,0.003
4,4-QAM,0.95,0.803526122186,0.968,0.23456301751,1,0.832251027855,12,low_d,0.026
4,4-QAM,0.95,0.803526122186,0.97,0.234524258,0.999999999998,0.831624939677,12,low_d,0.008
4,4-QAM,0.95,0.803526122186,0.972,0.234482488248,1,0.830998133239,12,low_d,0.004
4,4-QAM,0.95,0.803526122186,0.9725,0.234471578024,1,0.830841319841,12,full_d,0.066
4,4-QAM,0.95,0.803526122186,0.974,0.234437730159,1,0.830370612291,12,low_d,0.011
4,4-QAM,0.95,0.803526122186,0.975,0.234414237368,1,0.830056585048,12,full_d,0.003
4,4-QAM,0.95,0.803526122186,0.976,0.234390005765,1,0.829742380588,12,low_d,0.003
4,4-QAM,0.95,0.803526122186,0.9775,0.234352279157,1,0.829270742642,12,full_d,0.003
4,4-QAM,0.95,0.803526122186,0.978,0.234339337225,1,0.829113441894,12,low_d,0.021
4,4-QAM,0.95,0.803526122186,0.98,0.234285746814,0.999999999999,0.828483799982,12,low_d,0.040
4,4-QAM,0.95,0.803526122186,0.982,0.234229256929,1,0.827853458627,12,low_d,0.003
4,4-QAM,0.95,0.803526122186,0.9825,0.23421468405,1,0.827695764444,12,full_d,0.006
4,4-QAM,0.95,0.803526122186,0.984,0.23416989008,1,0.827222421616,12,low_d,0.003
4,4-QAM,0.95,0.803526122186,0.985,0.234139134861,1,0.826906643424,12,full_d,0.059
4,4-QAM,0.95,0.803526122186,0.986,0.234107668894,1,0.82659069274,12,low_d,0.047
4,4-QAM,0.95,0.803526122186,0.9875,0.234059143516,1,0.826116444331,12,full_d,0.015
4,4-QAM,0.95,0.803526122186,0.988,0.234042616102,1,0.825958275797,12,low_d,0.003
4,4-QAM,0.95,0.803526122186,0.99,0.233974754549,1,0.825325174592,12,low_d,0.004
4,4-QAM,0.95,0.803526122186,0.992,0.233904107179,1,0.824691392936,12,low_d,0.003
4,4-QAM,0.95,0.803526122186,0.9925,0.233886012751,1,0.824532841649,12,full_d,0.003
4,4-QAM,0.95,0.803526122186,0.994,0.233830697041,1,0.824056934648,12,low_d,0.004
4,4-QAM,0.95,0.803526122186,0.995,0.233792963163,1,0.823739452962,12,full_d,0.003
4,4-QAM,0.95,0.803526122186,0.996,0.233754547282,1,0.823421803553,12,low_d,0.003
4,4-QAM,0.95,0.803526122186,0.9975,0.233695651067,1,0.822945016005,12,full_d,0.050
4,4-QAM,0.95,0.803526122186,0.998,0.233675681147,1,0.822786003479,12,low_d,0.003
4,4-QAM,0.95,0.803526122186,1,0.233594121973,1,0.822149538265,12,low_d,0.029
4,4-QAM,0.95,0.803526122186,1.002,0.233509893188,0.999999999999,0.821512411753,12,low_d,0.003
4,4-QAM,0.95,0.803526122186,1.0025,0.233488421619,0.999999999999,0.821353027248,12,full_d,0.003
4,4-QAM,0.95,0.803526122186,1.004,0.233423018309,1,0.820874627791,12,low_d,0.003
4,4-QAM,0.95,0.803526122186,1.005,0.233378595957,1,0.820555490471,12,full_d,0.003
4,4-QAM,0.95,0.803526122186,1.006,0.233333520938,1,0.820236190234,12,low_d,0.004
4,4-QAM,0.95,0.803526122186,1.0075,0.233264691143,1,0.819756935466,12,full_d,0.003
4,4-QAM,0.95,0.803526122186,1.008,0.233241424758,1,0.819597102942,12,low_d,0.003
4,4-QAM,0.95,0.803526122186,1.01,0.233146753534,1,0.81895736978,12,low_d,0.004
4,4-QAM,0.95,0.803526122186,1.012,0.233049531107,1,0.818316994621,12,low_d,0.058
4,4-QAM,0.95,0.803526122186,1.0125,0.233024829676,1,0.818156800973,12,full_d,0.003
4,4-QAM,0.95,0.803526122186,1.014,0.232949781392,1,0.817675981341,12,low_d,0.054
4,4-QAM,0.95,0.803526122186,1.015,0.232898966294,1,0.817355236618,12,full_d,0.005
4,4-QAM,0.95,0.803526122186,1.016,0.232847528375,1,0.817034333821,12,low_d,0.026
4,4-QAM,0.95,0.803526122186,1.0175,0.232769210289,1,0.8165526843,12,full_d,0.006
4,4-QAM,0.95,0.803526122186,1.018,0.232742796112,1,0.816392055949,12,low_d,0.003
4,4-QAM,0.95,0.803526122186,1.02,0.232635608723,1,0.815749151617,12,low_d,0.003
4,4-QAM,0.95,0.803526122186,1.022,0.232525990393,1,0.815105624722,12,low_d,0.003
4,4-QAM,0.95,0.803526122186,1.0225,0.232498208816,1,0.81494464618,12,full_d,0.003
4,4-QAM,0.95,0.803526122186,1.024,0.232413965365,1,0.814461479167,12,low_d,0.004
4,4-QAM,0.95,0.803526122186,1.025,0.232357057931,1,0.814139175612,12,full_d,0.003
4,4-QAM,0.95,0.803526122186,1.026,0.232299557941,1,0.813816718857,12,low_d,0.006
4,4-QAM,0.95,0.803526122186,1.0275,0.232212203575,0.999999999999,0.813332747545,12,full_d,0.048
4,4-QAM,0.95,0.803526122186,1.028,0.232182792476,1,0.813171347705,12,low_d,0.051
4,4-QAM,0.95,0.803526122186,1.03,0.232063693379,1,0.812525369625,12,low_d,0.003
4,4-QAM,0.95,0.803526122186,1.032,0.231942285106,1,0.811878788539,12,low_d,0.004
4,4-QAM,0.95,0.803526122186,1.0325,0.2319115751,1,0.811717049507,12,full_d,0.009
4,4-QAM,0.95,0.803526122186,1.034,0.231818592161,1,0.81123160837,12,low_d,0.003
4,4-QAM,0.95,0.803526122186,1.035,0.231755896605,1,0.810907794858,12,full_d,0.003
4,4-QAM,0.95,0.803526122186,1.036,0.231692639088,1,0.810583833048,12,low_d,0.003
4,4-QAM,0.95,0.803526122186,1.0375,0.231596705865,1,0.810097613352,12,full_d,0.114
4,4-QAM,0.95,0.803526122186,1.038,0.231564450477,1,0.809935466505,12,low_d,0.003
4,4-QAM,0.95,0.803526122186,1.04,0.23143405095,1,0.809286512677,12,low_d,0.013
4,4-QAM,0.95,0.803526122186,1.042,0.231301465169,1,0.808636975504,12,low_d,0.019
4,4-QAM,0.95,0.803526122186,1.0425,0.231267980014,1,0.808474500526,12,full_d,0.056
4,4-QAM,0.95,0.803526122186,1.044,0.231166717825,1,0.807986858932,12,low_d,0.003
4,4-QAM,0.95,0.803526122186,1.045,0.231098541291,1,0.807661584605,12,full_d,0.004
4,4-QAM,0.95,0.803526122186,1.046,0.231029833639,1,0.807336166907,12,low_d,0.003
4,4-QAM,0.95,0.803526122186,1.0475,0.230925783084,1,0.806847772625,12,full_d,0.003
4,4-QAM,0.95,0.803526122186,1.048,0.23089083736,0.999999999999,0.806684903381,12,low_d,0.027
4,4-QAM,0.95,0.803526122186,1.05,0.23074975376,1,0.806033072307,12,low_d,0.003
4,4-QAM,0.95,0.803526122186,1.052,0.230606607632,0.999999999999,0.805380677644,12,low_d,0.052
4,4-QAM,0.95,0.803526122186,1.0525,0.230570501737,1,0.805217491381,12,full_d,0.003
4,4-QAM,0.95,0.803526122186,1.054,0.230461423788,1,0.804727723351,12,low_d,0.003
4,4-QAM,0.95,0.803526122186,1.055,0.23038807548,1,0.804401037583,12,full_d,0.003
4,4-QAM,0.95,0.803526122186,1.056,0.230314227054,1,0.804074213393,12,low_d,0.009
4,4-QAM,0.95,0.803526122186,1.0575,0.230202523488,1,0.803583718655,12,full_d,0.003
4,4-QAM,0.95,0.803526122186,1.058,0.230165042272,1,0.803420151736,12,low_d,0.020
4,4-QAM,0.95,0.803526122186,1.06,0.230013894291,1,0.802765542348,12,low_d,0.053
4,4-QAM,0.95,0.803526122186,1.062,0.22986080797,1,0.802110389202,12,low_d,0.003
4,4-QAM,0.95,0.803526122186,1.0625,0.229822236437,1,0.801946516419,12,full_d,0.004
4,4-QAM,0.95,0.803526122186,1.064,0.229705808169,1,0.801454696271,12,low_d,0.003
4,4-QAM,0.95,0.803526122186,1.065,0.229627598485,1,0.801126648629,12,full_d,0.003
4,4-QAM,0.95,0.803526122186,1.066,0.229548919755,1,0.800798467533,12,low_d,0.003
4,4-QAM,0.95,0.803526122186,1.0675,0.229430028998,1,0.800305946748,12,full_d,0.003
4,4-QAM,0.95,0.803526122186,1.068,0.229390167589,1,0.800141706965,12,low_d,0.086
4,4-QAM,0.95,0.803526122186,1.07,0.229229576533,1,0.799484418548,12,low_d,0.004
4,4-QAM,0.95,0.803526122186,1.072,0.22906717144,1,0.798826606265,12,low_d,0.003
4,4-QAM,0.95,0.803526122186,1.0725,0.229026289635,1,0.798662071807,12,full_d,0.010
4,4-QAM,0.95,0.803526122186,1.074,0.228902977154,1,0.798168274101,12,low_d,0.003
4,4-QAM,0.95,0.803526122186,1.075,0.228820216826,1,0.797838914309,12,full_d,0.013
4,4-QAM,0.95,0.803526122186,1.076,0.228737018511,1,0.797509426041,12,low_d,0.003
4,4-QAM,0.95,0.803526122186,1.0775,0.228611406598,1,0.797014953839,12,full_d,0.003
4,4-QAM,0.95,0.803526122186,1.078,0.228569320327,1,0.796850066074,12,low_d,0.049
4,4-QAM,0.95,0.803526122186,1.08,0.228399907407,1,0.796190198189,12,low_d,0.004
4,4-QAM,0.95,0.803526122186,1.082,0.228228804532,1,0.795529826377,12,low_d,0.003
4,4-QAM,0.95,0.803526122186,1.0825,0.22818576766,1,0.795364655153,12,full_d,0.003
4,4-QAM,0.95,0.803526122186,1.084,0.228056036463,1,0.794868954628,12,low_d,0.003
4,4-QAM,0.95,0.803526122186,1.085,0.227969035712,1,0.794538332526,12,full_d,0.022
4,4-QAM,0.95,0.803526122186,1.086,0.227881627937,1,0.794207586938,12,low_d,0.003
4,4-QAM,0.95,0.803526122186,1.0875,0.227749759856,1,0.79371123811,12,full_d,0.003
4,4-QAM,0.95,0.803526122186,1.088,0.22770560366,1,0.793545727298,12,low_d,0.003
4,4-QAM,0.95,0.803526122186,1.09,0.227527988312,1,0.792883379704,12,low_d,0.012
4,4-QAM,0.95,0.803526122186,1.092,0.227348806538,1,0.792220548152,12,low_d,0.003
4,4-QAM,0.95,0.803526122186,1.0925,0.227303769226,1,0.792054765114,12,full_d,0.023
4,4-QAM,0.95,0.803526122186,1.094,0.227168082949,1,0.791557236637,12,low_d,0.046
4,4-QAM,0.95,0.803526122186,1.095,0.227077150654,1,0.791225402143,12,full_d,0.003
4,4-QAM,0.95,0.803526122186,1.096,0.226985842116,1,0.790893449157,12,low_d,0.003
4,4-QAM,0.95,0.803526122186,1.0975,0.226848180561,1,0.790395298598,12,full_d,0.003
4,4-QAM,0.95,0.803526122186,1.098,0.226802108573,1,0.790229189707,12,low_d,0.003
4,4-QAM,0.95,0.803526122186,1.1,0.226616906809,1,0.789564462286,12,low_d,0.003
4,4-QAM,0.95,0.803526122186,1.102,0.226430261267,1,0.788899270889,12,low_d,0.003
4,4-QAM,0.95,0.803526122186,1.1025,0.226383377151,1,0.788732901013,12,full_d,0.013
4,4-QAM,0.95,0.803526122186,1.104,0.226242196344,1,0.788233619515,12,low_d,0.045
4,4-QAM,0.95,0.803526122186,1.105,0.226147639224,1,0.787900622586,12,full_d,0.004
4,4-QAM,0.95,0.803526122186,1.106,0.226052736384,1,0.787567512161,12,low_d,0.003
4,4-QAM,0.95,0.803526122186,1.1075,0.225909740538,1,0.787067634813,12,full_d,0.064
4,4-QAM,0.95,0.803526122186,1.108,0.225861905681,1,0.786900952823,12,low_d,0.003
4,4-QAM,0.95,0.803526122186,1.11,0.225669728472,1,0.786233945498,12,low_d,0.004
4,4-QAM,0.95,0.803526122186,1.112,0.225476228936,1,0.785566494182,12,low_d,0.003
4,4-QAM,0.95,0.803526122186,1.1125,0.225427650266,1,0.785399562447,12,full_d,0.020
4,4-QAM,0.95,0.803526122186,1.114,0.225281431192,1,0.784898602869,12,low_d,0.003
4,4-QAM,0.95,0.803526122186,1.115,0.225183553011,1,0.784564493463,12,full_d,0.003
4,4-QAM,0.95,0.803526122186,1.116,0.225085359295,1,0.784230275555,12,low_d,0.003
4,4-QAM,0.95,0.803526122186,1.1175,0.224937483645,1,0.783728746346,12,full_d,0.003
4,4-QAM,0.95,0.803526122186,1.118,0.224888037238,1,0.783561516233,12,low_d,0.080
4,4-QAM,0.95,0.803526122186,1.12,0.224689488943,1,0.782892328896,12,low_d,0.030
4,4-QAM,0.95,0.803526122186,1.122,0.224489738263,1,0.782222717536,12,low_d,0.003
4,4-QAM,0.95,0.803526122186,1.1225,0.224439615509,1,0.78205524891,12,full_d,0.003
4,4-QAM,0.95,0.803526122186,1.124,0.224288808981,1,0.781552686142,12,low_d,0.003
4,4-QAM,0.95,0.803526122186,1.125,0.224187909775,1,0.781217514179,12,full_d,0.004
4,4-QAM,0.95,0.803526122186,1.126,0.224086724802,1,0.780882238704,12,low_d,0.003
4,4-QAM,0.95,0.803526122186,1.1275,0.223934417984,1,0.780379132495,12,full_d,0.016
4,4-QAM,0.95,0.803526122186,1.128,0.223883509356,1,0.780211379209,12,low_d,0.003
4,4-QAM,0.95,0.803526122186,1.13,0.223679186193,1,0.779540111643,12,low_d,0.053
4,4-QAM,0.95,0.803526122186,1.132,0.223473778782,1,0.778868439991,12,low_d,0.003
4,4-QAM,0.95,0.803526122186,1.1325,0.223422260258,1,0.778700459406,12,full_d,0.003
4,4-QAM,0.95,0.803526122186,1.134,0.223267310508,1,0.778196368234,12,low_d,0.003
4,4-QAM,0.95,0.803526122186,1.135,0.223163685831,1,0.777860183561,12,full_d,0.003
4,4-QAM,0.95,0.803526122186,1.136,0.223059804668,1,0.777523900354,12,low_d,0.021
4,4-QAM,0.95,0.803526122186,1.1375,0.222903508353,1,0.777019291882,12,full_d,0.003
4,4-QAM,0.95,0.803526122186,1.138,0.222851284475,1,0.776851040329,12,low_d,0.003
4,4-QAM,0.95,0.803526122186,1.14,0.222641773046,1,0.776177792136,12,low_d,0.004
4,4-QAM,0.95,0.803526122186,1.142,0.222431293409,1,0.775504159747,12,low_d,0.003
4,4-QAM,0.95,0.803526122186,1.1425,0.222378524907,1,0.775335692085,12,full_d,0.047
4,4-QAM,0.95,0.803526122186,1.144,0.222219868496,1,0.774830147136,12,low_d,0.003
4,4-QAM,0.95,0.803526122186,1.145,0.222113808701,1,0.774492999487,12,full_d,0.003
4,4-QAM,0.95,0.803526122186,1.146,0.222007521142,1,0.774155758271,12,low_d,0.011
4,4-QAM,0.95,0.803526122186,1.1475,0.221847668956,1,0.773649722092,12,full_d,0.003
4,4-QAM,0.95,0.803526122186,1.148,0.221794274083,1,0.773480997118,12,low_d,0.003
4,4-QAM,0.95,0.803526122186,1.15,0.221580149952,1,0.772805867643,12,low_d,0.063
4,4-QAM,0.95,0.803526122186,1.152,0.22136517128,1,0.772130373805,12,low_d,0.003
4,4-QAM,0.95,0.803526122186,1.1525,0.221311295721,1,0.771961443878,12,full_d,0.009
4,4-QAM,0.95,0.803526122186,1.154,0.221149360493,1,0.771454519563,12,low_d,0.003
4,4-QAM,0.95,0.803526122186,1.155,0.221041150035,1,0.771116458526,12,full_d,0.003
4,4-QAM,0.95,0.803526122186,1.156,0.220932739908,1,0.770778308871,12,low_d,0.004
4,4-QAM,0.95,0.803526122186,1.1575,0.220769756403,1,0.770270919311,12,full_d,0.011
4,4-QAM,0.95,0.803526122186,1.158,0.220715331733,1,0.770101745683,12,low_d,0.006
4,4-QAM,0.95,0.803526122186,1.16,0.220497158064,1,0.769424833946,12,low_d,0.032
4,4-QAM,0.95,0.803526122186,1.1625,0.22022339798,1,0.768578210138,12,full_d,0.051
4,4-QAM,0.95,0.803526122186,1.165,0.219948518832,1,0.767731055586,12,full_d,0.003
4,4-QAM,0.95,0.803526122186,1.1675,0.219672563011,1,0.766883377979,12,full_d,0.011
4,4-QAM,0.95,0.803526122186,1.17,0.219395572615,1,0.766035184996,12,full_d,0.004
4,4-QAM,0.95,0.803526122186,1.1725,0.219117589442,1,0.765186484308,12,full_d,0.018
4,4-QAM,0.95,0.803526122186,1.175,0.218838654986,1,0.764337283577,12,full_d,0.012
4,4-QAM,0.95,0.803526122186,1.1775,0.218558810427,1,0.763487590453,12,full_d,0.036
4,4-QAM,0.95,0.803526122186,1.18,0.21827809663,1,0.762637412578,12,bridge,0.003
4,4-QAM,0.95,0.803526122186,1.1825,0.217996554138,1,0.761786757581,12,full_d,0.011
4,4-QAM,0.95,0.803526122186,1.185,0.217714223167,1,0.76093563308,12,full_d,0.003
4,4-QAM,0.95,0.803526122186,1.1875,0.2174311436,1,0.760084046686,12,full_d,0.009
4,4-QAM,0.95,0.803526122186,1.19,0.217147354981,1,0.759232005992,12,full_d,0.038
4,4-QAM,0.95,0.803526122186,1.1925,0.216862896515,1,0.758379518585,12,full_d,0.005
4,4-QAM,0.95,0.803526122186,1.195,0.216577807055,1,0.757526592037,12,full_d,0.022
4,4-QAM,0.95,0.803526122186,1.196,0.216463603229,1,0.757185300151,12,bridge,0.017
4,4-QAM,0.95,0.803526122186,1.1975,0.216292125104,1,0.756673233907,12,full_d,0.003
4,4-QAM,0.95,0.803526122186,1.2,0.216005888808,1,0.755819451744,12,full_d,0.003
4,4-QAM,0.95,0.803526122186,1.2025,0.215719135949,1,0.754965253081,12,full_d,0.003
4,4-QAM,0.95,0.803526122186,1.205,0.215431903946,1,0.754110645442,12,full_d,0.087
4,4-QAM,0.95,0.803526122186,1.2075,0.215144229843,1,0.753255636332,12,full_d,0.004
4,4-QAM,0.95,0.803526122186,1.21,0.214856150311,1,0.752400233248,12,full_d,0.024
4,4-QAM,0.95,0.803526122186,1.212,0.214625419178,1,0.751715632145,12,bridge,0.003
4,4-QAM,0.95,0.803526122186,1.2125,0.214567701642,1,0.751544443668,12,full_d,0.003
4,4-QAM,0.95,0.803526122186,1.215,0.214278919743,1,0.75068827506,12,full_d,0.003
4,4-QAM,0.95,0.803526122186,1.2175,0.213989840134,1,0.749831734874,12,full_d,0.023
4,4-QAM,0.95,0.803526122186,1.22,0.213700497943,1,0.748974830548,12,full_d,0.006
4,4-QAM,0.95,0.803526122186,1.2225,0.213410927903,1,0.748117569503,12,full_d,0.027
4,4-QAM,0.95,0.803526122186,1.225,0.213121164345,1,0.747259959147,12,full_d,0.003
4,4-QAM,0.95,0.803526122186,1.2275,0.212831241202,1,0.74640200687,12,full_d,0.004
4,4-QAM,0.95,0.803526122186,1.228,0.21277324038,1,0.746230376033,12,bridge,0.004
4,4-QAM,0.95,0.803526122186,1.23,0.212541191996,1,0.745543720047,12,full_d,0.026
4,4-QAM,0.95,0.803526122186,1.2325,0.212251049841,1,0.744685106039,12,full_d,0.003
4,4-QAM,0.95,0.803526122186,1.235,0.211960847438,1,0.743826172188,12,full_d,0.003
4,4-QAM,0.95,0.803526122186,1.2375,0.211670617071,1,0.742966925822,12,full_d,0.003
4,4-QAM,0.95,0.803526122186,1.24,0.211380390603,1,0.74210737425,12,full_d,0.067
4,4-QAM,0.95,0.803526122186,1.2425,0.211090199476,1,0.741247524767,12,full_d,0.004
4,4-QAM,0.95,0.803526122186,1.244,0.211112474895,1,0.740731475106,14,bridge,0.003
4,4-QAM,0.95,0.803526122186,1.245,0.21113981756,1,0.740387384647,14,full_d,0.004
4,4-QAM,0.95,0.803526122186,1.2475,0.211205471044,1,0.739526961152,14,full_d,0.032
4,4-QAM,0.95,0.803526122186,1.25,0.211267278686,1,0.738666261521,14,full_d,0.003
4,4-QAM,0.95,0.803526122186,1.2525,0.21132526072,1,0.737805292978,14,full_d,0.004
4,4-QAM,0.95,0.803526122186,1.255,0.211379437877,1,0.73694406273,14,full_d,0.003
4,4-QAM,0.95,0.803526122186,1.2575,0.211429831375,1,0.736082577963,14,full_d,0.003
4,4-QAM,0.95,0.803526122186,1.26,0.211476462908,1,0.735220845848,14,bridge,0.083
4,4-QAM,0.95,0.803526122186,1.2625,0.211519354638,1,0.734358873534,14,full_d,0.003
4,4-QAM,0.95,0.803526122186,1.265,0.211558529178,1,0.733496668153,14,full_d,0.003
4,4-QAM,0.95,0.803526122186,1.2675,0.21159400959,1,0.732634236819,14,full_d,0.013
4,4-QAM,0.95,0.803526122186,1.27,0.211625819365,1,0.731771586624,14,full_d,0.130
4,4-QAM,0.95,0.803526122186,1.2725,0.211653982419,1,0.730908724643,14,full_d,0.003
4,4-QAM,0.95,0.803526122186,1.275,0.211678523078,1,0.730045657932,14,full_d,0.013
4,4-QAM,0.95,0.803526122186,1.276,0.211687330597,1,0.729700375499,14,bridge,0.004
4,4-QAM,0.95,0.803526122186,1.2775,0.211699466069,1,0.729182393524,14,full_d,0.003
4,4-QAM,0.95,0.803526122186,1.28,0.211716836505,1,0.728318938434,14,full_d,0.008
4,4-QAM,0.95,0.803526122186,1.2825,0.21173065988,1,0.727455299658,14,full_d,0.017
4,4-QAM,0.95,0.803526122186,1.285,0.211740962051,1,0.726591484169,14,full_d,0.003
4,4-QAM,0.95,0.803526122186,1.2875,0.211747769231,1,0.725727498922,14,full_d,0.003
4,4-QAM,0.95,0.803526122186,1.29,0.211751107976,1,0.724863350851,14,full_d,0.005
4,4-QAM,0.95,0.803526122186,1.292,0.211751299755,1,0.724171919805,14,bridge,0.048
4,4-QAM,0.95,0.803526122186,1.2925,0.211751005172,1,0.723999046866,14,full_d,0.069
4,4-QAM,0.95,0.803526122186,1.295,0.211747488029,1,0.72313459386,14,full_d,0.011
4,4-QAM,0.95,0.803526122186,1.2975,0.211740584061,1,0.722269998703,14,full_d,0.004
4,4-QAM,0.95,0.803526122186,1.3,0.211730321081,1,0.721405268242,14,full_d,0.079
4,4-QAM,0.95,0.803526122186,1.3025,0.211716727189,1,0.720540409306,14,full_d,0.003
4,4-QAM,0.95,0.803526122186,1.305,0.211699830755,1,0.7196754287,14,full_d,0.004
4,4-QAM,0.95,0.803526122186,1.3075,0.211679660416,1,0.718810333206,14,full_d,0.003
4,4-QAM,0.95,0.803526122186,1.308,0.211675236018,1,0.718637300916,14,bridge,0.004
4,4-QAM,0.95,0.803526122186,1.31,0.211656245057,1,0.717945129586,14,full_d,0.003
4,4-QAM,0.95,0.803526122186,1.3125,0.211629613802,1,0.717079824578,14,full_d,0.003
4,4-QAM,0.95,0.803526122186,1.315,0.211599796004,1,0.716214424901,14,full_d,0.004
4,4-QAM,0.95,0.803526122186,1.3175,0.211566821233,1,0.715348937246,14,full_d,0.004
4,4-QAM,0.95,0.803526122186,1.32,0.21153071926,1,0.714483368286,14,full_d,0.004
4,4-QAM,0.95,0.803526122186,1.3225,0.211491520055,1,0.713617724668,14,full_d,0.003
4,4-QAM,0.95,0.803526122186,1.324,0.211466526396,1,0.713098305419,14,bridge,0.003
4,4-QAM,0.95,0.803526122186,1.325,0.211449253767,1,0.712752013018,14,full_d,0.003
4,4-QAM,0.95,0.803526122186,1.3275,0.211403950716,1,0.711886239937,14,full_d,0.004
4,4-QAM,0.95,0.803526122186,1.33,0.211355641381,1,0.711020412004,14,full_d,0.004
4,4-QAM,0.95,0.803526122186,1.3325,0.211304356392,1,0.710154535774,14,full_d,0.004
4,4-QAM,0.95,0.803526122186,1.335,0.211250126514,1,0.709288617777,14,full_d,0.004
4,4-QAM,0.95,0.803526122186,1.3375,0.21119298264,1,0.708422664522,14,full_d,0.023
4,4-QAM,0.95,0.803526122186,1.34,0.211132955776,1,0.707556682491,14,bridge,0.078
4,4-QAM,0.95,0.803526122186,1.3425,0.211070077036,1,0.706690678143,14,full_d,0.004
4,4-QAM,0.95,0.803526122186,1.345,0.211004377623,1,0.705824657913,14,full_d,0.003
4,4-QAM,0.95,0.803526122186,1.3475,0.210935888829,1,0.704958628211,14,full_d,0.003
4,4-QAM,0.95,0.803526122186,1.35,0.210864642012,1,0.704092595424,14,full_d,0.003
4,4-QAM,0.95,0.803526122186,1.3525,0.210790668597,1,0.70322656591,14,full_d,0.068
4,4-QAM,0.95,0.803526122186,1.355,0.210714000057,1,0.702360546008,14,full_d,0.009
4,4-QAM,0.95,0.803526122186,1.356,0.210682585065,1,0.702014142152,14,bridge,0.003
4,4-QAM,0.95,0.803526122186,1.3575,0.210634667909,1,0.701494542026,14,full_d,0.014
4,4-QAM,0.95,0.803526122186,1.36,0.210552703698,1,0.700628560252,14,full_d,0.007
4,4-QAM,0.95,0.803526122186,1.3625,0.210468138993,1,0.699762606945,14,full_d,0.026
4,4-QAM,0.95,0.803526122186,1.365,0.210381005371,1,0.69889668834,14,full_d,0.005
4,4-QAM,0.95,0.803526122186,1.3675,0.210291334412,1,0.698030810646,14,full_d,0.050
4,4-QAM,0.95,0.803526122186,1.37,0.210199157688,1,0.697164980046,14,full_d,0.003
4,4-QAM,0.95,0.803526122186,1.372,0.21012363336,1,0.696472353614,14,bridge,0.004
4,4-QAM,0.95,0.803526122186,1.3725,0.210104506749,1,0.696299202699,14,full_d,0.003
4,4-QAM,0.95,0.803526122186,1.375,0.210007413122,1,0.695433484735,14,full_d,0.003
4,4-QAM,0.95,0.803526122186,1.3775,0.209907908295,1,0.69456783226,14,full_d,0.004
4,4-QAM,0.95,0.803526122186,1.38,0.209806023708,1,0.693702251353,14,full_d,0.003
4,4-QAM,0.95,0.803526122186,1.3825,0.209701790748,1,0.692836748066,14,full_d,0.016
4,4-QAM,0.95,0.803526122186,1.385,0.209595240738,1,0.691971328426,14,full_d,0.003
4,4-QAM,0.95,0.803526122186,1.3875,0.209486404925,1,0.691105998432,14,full_d,0.003
4,4-QAM,0.95,0.803526122186,1.388,0.209464366211,1,0.690932943717,14,bridge,0.003
4,4-QAM,0.95,0.803526122186,1.39,0.209375314479,1,0.690240764056,14,full_d,0.004
4,4-QAM,0.95,0.803526122186,1.3925,0.209262000476,1,0.689375631244,14,full_d,0.029
4,4-QAM,0.95,0.803526122186,1.395,0.209146493895,1,0.688510605915,14,full_d,0.003
4,4-QAM,0.95,0.803526122186,1.3975,0.209028825608,1,0.68764569396,14,full_d,0.003
4,4-QAM,0.95,0.803526122186,1.4,0.208909026372,1,0.686780901243,14,full_d,0.059
4,4-QAM,0.95,0.803526122186,1.4025,0.208787126822,1,0.685916233601,14,full_d,0.013
4,4-QAM,0.95,0.803526122186,1.404,0.208712991637,1,0.685397495469,14,bridge,0.003
4,4-QAM,0.95,0.803526122186,1.405,0.208663157462,1,0.685051696843,14,full_d,0.006
4,4-QAM,0.95,0.803526122186,1.4075,0.208537148659,1,0.684187296751,14,full_d,0.013
4,4-QAM,0.95,0.803526122186,1.41,0.208409130634,1,0.683323039078,14,full_d,0.083
4,4-QAM,0.95,0.803526122186,1.4125,0.208279133453,1,0.682458929552,14,full_d,0.004
4,4-QAM,0.95,0.803526122186,1.415,0.208147187027,1,0.681594973869,14,full_d,0.029
4,4-QAM,0.95,0.803526122186,1.4175,0.208013321096,1,0.6807311777,14,full_d,0.003
4,4-QAM,0.95,0.803526122186,1.42,0.207877565228,1,0.679867546687,14,bridge,0.003
4,4-QAM,0.95,0.803526122186,1.4225,0.20773994881,1,0.679004086444,14,full_d,0.003
4,4-QAM,0.95,0.803526122186,1.425,0.207600501044,1,0.678140802555,14,full_d,0.003
4,4-QAM,0.95,0.803526122186,1.4275,0.207459250938,1,0.677277700579,14,full_d,0.005
4,4-QAM,0.95,0.803526122186,1.43,0.207316227298,1,0.676414786042,14,full_d,0.004
4,4-QAM,0.95,0.803526122186,1.4325,0.20717145873,1,0.675552064446,14,full_d,0.043
4,4-QAM,0.95,0.803526122186,1.435,0.207024973624,1,0.67468954126,14,full_d,0.006
4,4-QAM,0.95,0.803526122186,1.436,0.20696590527,1,0.674344588761,14,bridge,0.003
4,4-QAM,0.95,0.803526122186,1.4375,0.206876800156,1,0.673827221928,14,full_d,0.008
4,4-QAM,0.95,0.803526122186,1.44,0.206726966278,1,0.672965111862,14,full_d,0.003
4,4-QAM,0.95,0.803526122186,1.4425,0.206575499716,1,0.672103216448,14,full_d,0.022
4,4-QAM,0.95,0.803526122186,1.445,0.206422427962,1,0.671241541041,14,full_d,0.003
4,4-QAM,0.95,0.803526122186,1.4475,0.20626777827,1,0.670380090967,14,full_d,0.004
4,4-QAM,0.95,0.803526122186,1.45,0.206111577652,1,0.669518871523,14,full_d,0.010
4,4-QAM,0.95,0.803526122186,1.452,0.205985518483,1,0.668830065563,14,bridge,0.004
4,4-QAM,0.95,0.803526122186,1.4525,0.205953852869,1,0.668657887978,14,full_d,0.014
4,4-QAM,0.95,0.803526122186,1.455,0.205794630435,1,0.66779714557,14,full_d,0.021
4,4-QAM,0.95,0.803526122186,1.4575,0.205633936603,1,0.666936649508,14,full_d,0.014
4,4-QAM,0.95,0.803526122186,1.46,0.205471797367,1,0.666076404974,14,full_d,0.033
4,4-QAM,0.95,0.803526122186,1.4625,0.205308238456,1,0.665216417116,14,full_d,0.014
4,4-QAM,0.95,0.803526122186,1.465,0.20514328533,1,0.664356691057,14,full_d,0.008
4,4-QAM,0.95,0.803526122186,1.4675,0.204976963174,1,0.663497231888,14,full_d,0.074
4,4-QAM,0.95,0.803526122186,1.468,0.204943536657,1,0.663325372527,14,bridge,0.003
4,4-QAM,0.95,0.803526122186,1.47,0.2048092969,1,0.66263804467,14,full_d,0.031
4,4-QAM,0.95,0.803526122186,1.4725,0.204640311138,1,0.661779134437,14,full_d,0.003
4,4-QAM,0.95,0.803526122186,1.475,0.204470030234,1,0.66092050619,14,full_d,0.003
4,4-QAM,0.95,0.803526122186,1.4775,0.204298478248,1,0.660062164903,14,full_d,0.004
4,4-QAM,0.95,0.803526122186,1.48,0.204125678952,1,0.659204115519,14,full_d,0.012
4,4-QAM,0.95,0.803526122186,1.4825,0.203951655823,1,0.658346362951,14,full_d,0.003
4,4-QAM,0.95,0.803526122186,1.484,0.203846664162,1,0.657831855915,14,bridge,0.019
4,4-QAM,0.95,0.803526122186,1.485,0.203776432044,1,0.657488912084,14,full_d,0.006
4,4-QAM,0.95,0.803526122186,1.4875,0.204021066024,1,0.65663176777,16,full_d,0.068
4,4-QAM,0.95,0.803526122186,1.49,0.204347211717,1,0.655774934835,16,full_d,0.027
4,4-QAM,0.95,0.803526122186,1.4925,0.204669915977,1,0.654918418072,16,full_d,0.003
4,4-QAM,0.95,0.803526122186,1.495,0.204989168891,1,0.654062222247,16,full_d,0.003
4,4-QAM,0.95,0.803526122186,1.4975,0.205304960611,1,0.653206352093,16,full_d,0.003
4,4-QAM,0.95,0.803526122186,1.5,0.205617281358,1,0.652350812316,16,bridge,0.003
4,4-QAM,0.95,0.803526122186,1.5025,0.205926121426,1,0.651495607591,16,full_d,0.004
4,4-QAM,0.95,0.803526122186,1.505,0.206231471184,1,0.650640742562,16,full_d,0.004
4,4-QAM,0.95,0.803526122186,1.5075,0.20653332108,1,0.649786221847,16,full_d,0.003
4,4-QAM,0.95,0.803526122186,1.51,0.206831661642,1,0.64893205003,16,full_d,0.079
4,4-QAM,0.95,0.803526122186,1.5125,0.207126483483,1,0.648078231667,16,full_d,0.003
4,4-QAM,0.95,0.803526122186,1.515,0.207417777305,1,0.647224771285,16,full_d,0.004
4,4-QAM,0.95,0.803526122186,1.5175,0.207705533899,1,0.64637167338,16,full_d,0.020
4,4-QAM,0.95,0.803526122186,1.52,0.207989744149,1,0.64551894242,16,high_d,0.003
4,4-QAM,0.95,0.803526122186,1.522,0.208214552918,1,0.644837024834,16,high_d,0.004
4,4-QAM,0.95,0.803526122186,1.5225,0.208270399038,1,0.644666582841,16,full_d,0.003
4,4-QAM,0.95,0.803526122186,1.524,0.208437081683,1,0.644155347192,16,high_d,0.014
4,4-QAM,0.95,0.803526122186,1.525,0.208547489646,1,0.643814599052,16,full_d,0.003
4,4-QAM,0.95,0.803526122186,1.526,0.208657325913,1,0.64347391174,16,high_d,0.003
4,4-QAM,0.95,0.803526122186,1.5275,0.208821007158,1,0.642962995432,16,full_d,0.004
4,4-QAM,0.95,0.803526122186,1.528,0.20887528112,1,0.642792720711,16,high_d,0.003
4,4-QAM,0.95,0.803526122186,1.53,0.209090942864,1,0.642111776328,16,high_d,0.024
4,4-QAM,0.95,0.803526122186,1.532,0.209304306743,1,0.641431080801,16,high_d,0.026
4,4-QAM,0.95,0.803526122186,1.5325,0.209357288161,1,0.641260946061,16,full_d,0.004
4,4-QAM,0.95,0.803526122186,1.534,0.209515368407,1,0.640750636328,16,high_d,0.003
4,4-QAM,0.95,0.803526122186,1.535,0.20962003456,1,0.64041050892,16,full_d,0.018
4,4-QAM,0.95,0.803526122186,1.536,0.209724123548,1,0.640070445095,16,high_d,0.003
4,4-QAM,0.95,0.803526122186,1.5375,0.209879173685,1,0.639560469167,16,full_d,0.004
4,4-QAM,0.95,0.803526122186,1.538,0.209930567908,1,0.639390509276,16,high_d,0.054
4,4-QAM,0.95,0.803526122186,1.54,0.210134697277,1,0.638710831034,16,high_d,0.034
4,4-QAM,0.95,0.803526122186,1.542,0.210336507495,1,0.638031412518,16,high_d,0.003
4,4-QAM,0.95,0.803526122186,1.5425,0.210386597199,1,0.637861598723,16,full_d,0.003
4,4-QAM,0.95,0.803526122186,1.544,0.21053599445,1,0.637352255868,16,high_d,0.071
4,4-QAM,0.95,0.803526122186,1.545,0.210634865434,1,0.637012776407,16,full_d,0.013
4,4-QAM,0.95,0.803526122186,1.546,0.210733154085,1,0.636673363209,16,high_d,0.003
4,4-QAM,0.95,0.803526122186,1.5475,0.210879494093,1,0.636164368232,16,full_d,0.016
4,4-QAM,0.95,0.803526122186,1.548,0.21092798239,1,0.635994736656,16,high_d,0.003
4,4-QAM,0.95,0.803526122186,1.55,0.211120475413,1,0.635316378313,16,high_d,0.003
4,4-QAM,0.95,0.803526122186,1.552,0.211310629253,1,0.63463829027,16,high_d,0.003
4,4-QAM,0.95,0.803526122186,1.5525,0.211357801764,1,0.634468810737,16,full_d,0.040
4,4-QAM,0.95,0.803526122186,1.554,0.211498440064,1,0.633960474606,16,high_d,0.007
4,4-QAM,0.95,0.803526122186,1.555,0.211591465647,1,0.633621669563,16,full_d,0.016
4,4-QAM,0.95,0.803526122186,1.556,0.211683904055,1,0.63328293339,16,high_d,0.025
4,4-QAM,0.95,0.803526122186,1.5575,0.2118214597,1,0.632774958821,16,full_d,0.004
4,4-QAM,0.95,0.803526122186,1.558,0.211867017493,1,0.632605668677,16,high_d,0.007
4,4-QAM,0.95,0.803526122186,1.56,0.2120477767,1,0.631928682512,16,high_d,0.024
4,4-QAM,0.95,0.803526122186,1.562,0.212226178057,1,0.631251976927,16,high_d,0.048
4,4-QAM,0.95,0.803526122186,1.5625,0.212270409563,1,0.631082844608,16,full_d,0.003
4,4-QAM,0.95,0.803526122186,1.564,0.212402218002,1,0.630575553943,16,high_d,0.009
4,4-QAM,0.95,0.803526122186,1.565,0.212489351349,1,0.630237449056,16,full_d,0.019
4,4-QAM,0.95,0.803526122186,1.566,0.212575893034,1,0.629899415571,16,high_d,0.070
4,4-QAM,0.95,0.803526122186,1.5675,0.212704595261,1,0.629392499771,16,full_d,0.003
4,4-QAM,0.95,0.803526122186,1.568,0.212747199711,1,0.629223563808,16,high_d,0.004
4,4-QAM,0.95,0.803526122186,1.57,0.212916134653,1,0.628548000642,16,high_d,0.003
4,4-QAM,0.95,0.803526122186,1.572,0.213082694538,1,0.627872728047,16,high_d,0.003
4,4-QAM,0.95,0.803526122186,1.5725,0.213123963023,1,0.62770395553,16,full_d,0.003
4,4-QAM,0.95,0.803526122186,1.574,0.213246876109,1,0.627197747988,16,high_d,0.047
4,4-QAM,0.95,0.803526122186,1.575,0.213328074026,1,0.626860368269,16,full_d,0.014
4,4-QAM,0.95,0.803526122186,1.576,0.213408676171,1,0.626523062416,16,high_d,0.004
4,4-QAM,0.95,0.803526122186,1.5775,0.213528461465,1,0.626017242664,16,full_d,0.011
4,4-QAM,0.95,0.803526122186,1.578,0.213568091591,1,0.625848673275,16,high_d,0.003
4,4-QAM,0.95,0.803526122186,1.58,0.213725119301,1,0.625174582494,16,high_d,0.003
4,4-QAM,0.95,0.803526122186,1.582,0.213879756297,1,0.624500791991,16,high_d,0.003
4,4-QAM,0.95,0.803526122186,1.5825,0.213918041651,1,0.624332391508,16,full_d,0.014
4,4-QAM,0.95,0.803526122186,1.584,0.21403199964,1,0.623827303676,16,high_d,0.044
4,4-QAM,0.95,0.803526122186,1.585,0.214107222791,1,0.623490673431,16,full_d,0.034
4,4-QAM,0.95,0.803526122186,1.586,0.214181846456,1,0.623154119444,16,high_d,0.003
4,4-QAM,0.95,0.803526122186,1.5875,0.214292657155,1,0.62264943196,16,full_d,0.014
4,4-QAM,0.95,0.803526122186,1.588,0.214329293936,1,0.622481241182,16,high_d,0.003
4,4-QAM,0.95,0.803526122186,1.59,0.21447433934,1,0.621808670765,16,high_d,0.003
4,4-QAM,0.95,0.803526122186,1.592,0.214616979993,1,0.621136410056,16,high_d,0.003
4,4-QAM,0.95,0.803526122186,1.5925,0.214652264107,1,0.620968393488,16,full_d,0.011
4,4-QAM,0.95,0.803526122186,1.594,0.214757213287,1,0.620464460909,16,high_d,0.003
4,4-QAM,0.95,0.803526122186,1.595,0.214826426379,1,0.620128603747,16,full_d,0.061
4,4-QAM,0.95,0.803526122186,1.596,0.214895036683,1,0.619792825166,16,high_d,0.004
4,4-QAM,0.95,0.803526122186,1.5975,0.214996821245,1,0.619289305132,16,full_d,0.013
4,4-QAM,0.95,0.803526122186,1.598,0.215030447709,1,0.619121504658,16,high_d,0.003
4,4-QAM,0.95,0.803526122186,1.6,0.215163443963,1,0.618450501207,16,high_d,0.065
4,4-QAM,0.95,0.803526122186,1.602,0.215294023108,1,0.617779816624,16,high_d,0.003
4,4-QAM,0.95,0.803526122186,1.6025,0.215326289955,1,0.617612195512,16,full_d,0.003
4,4-QAM,0.95,0.803526122186,1.604,0.215422182881,1,0.617109452706,16,high_d,0.064
4,4-QAM,0.95,0.803526122186,1.605,0.215485354814,1,0.616774391557,16,full_d,0.003
4,4-QAM,0.95,0.803526122186,1.606,0.215547921086,1,0.616439411245,16,high_d,0.003
4,4-QAM,0.95,0.803526122186,1.6075,0.215640634303,1,0.615937092831,16,full_d,0.028
4,4-QAM,0.95,0.803526122186,1.608,0.215671235596,1,0.615769694018,16,high_d,0.028
4,4-QAM,0.95,0.803526122186,1.61,0.215792124355,1,0.615100302795,16,high_d,0.003
4,4-QAM,0.95,0.803526122186,1.612,0.215910585378,1,0.614431239332,16,high_d,0.003
4,4-QAM,0.95,0.803526122186,1.6125,0.215939821074,1,0.614264024884,16,full_d,0.003
4,4-QAM,0.95,0.803526122186,1.614,0.216026616748,1,0.613762505379,16,high_d,0.003
4,4-QAM,0.95,0.803526122186,1.615,0.216083720735,1,0.613428262512,16,full_d,0.003
4,4-QAM,0.95,0.803526122186,1.616,0.216140216621,1,0.613094102672,16,high_d,0.004
4,4-QAM,0.95,0.803526122186,1.6175,0.216223819786,1,0.612593019062,16,full_d,0.011
4,4-QAM,0.95,0.803526122186,1.618,0.216251383223,1,0.61242603294,16,high_d,0.003
4,4-QAM,0.95,0.803526122186,1.62,0.21636011485,1,0.611758297899,16,high_d,0.003
4,4-QAM,0.95,0.803526122186,1.622,0.216466409869,1,0.611090899257,16,high_d,0.003
4,4-QAM,0.95,0.803526122186,1.6225,0.21649260272,1,0.610924102359,16,full_d,0.003
4,4-QAM,0.95,0.803526122186,1.624,0.21657026672,1,0.610423838713,16,high_d,0.009
4,4-QAM,0.95,0.803526122186,1.625,0.216621280364,1,0.610090435754,16,full_d,0.043
4,4-QAM,0.95,0.803526122186,1.626,0.216671683913,1,0.609757117952,16,high_d,0.016
4,4-QAM,0.95,0.803526122186,1.6275,0.216746144925,1,0.609257301376,16,full_d,0.012
4,4-QAM,0.95,0.803526122186,1.628,0.216770660028,1,0.609090738655,16,high_d,0.003
4,4-QAM,0.95,0.803526122186,1.63,0.216867193718,1,0.608424702488,16,high_d,0.003
4,4-QAM,0.95,0.803526122186,1.632,0.216961283707,1,0.60775901111,16,high_d,0.019
4,4-QAM,0.95,0.803526122186,1.6325,0.216984424233,1,0.607592642333,16,full_d,0.003
4,4-QAM,0.95,0.803526122186,1.634,0.21705292879,1,0.607093666171,16,high_d,0.003
4,4-QAM,0.95,0.803526122186,1.635,0.217097834135,1,0.606761124129,16,full_d,0.040
4,4-QAM,0.95,0.803526122186,1.636,0.217142127833,1,0.606428669311,16,high_d,0.068
4,4-QAM,0.95,0.803526122186,1.6375,0.21720742126,1,0.605930151072,16,full_d,0.004
4,4-QAM,0.95,0.803526122186,1.638,0.217228879774,1,0.605764022158,16,high_d,0.003
4,4-QAM,0.95,0.803526122186,1.64,0.21731318362,1,0.605099726334,16,high_d,0.030
4,4-QAM,0.95,0.803526122186,1.642,0.217395038453,1,0.604435783452,16,high_d,0.003
4,4-QAM,0.95,0.803526122186,1.6425,0.217415119402,1,0.604269853066,16,full_d,0.003
4,4-QAM,0.95,0.803526122186,1.644,0.217474443422,1,0.603772195112,16,high_d,0.027
4,4-QAM,0.95,0.803526122186,1.645,0.217513226962,1,0.603440534394,16,full_d,0.004
4,4-QAM,0.95,0.803526122186,1.646,0.21755139775,1,0.603108962909,16,high_d,0.003
4,4-QAM,0.95,0.803526122186,1.6475,0.217607504832,1,0.602611773424,16,full_d,0.003
4,4-QAM,0.95,0.803526122186,1.648,0.217625900727,1,0.602446088426,16,high_d,0.003
4,4-QAM,0.95,0.803526122186,1.65,0.217697951716,1,0.60178357324,16,high_d,0.004
4,4-QAM,0.95,0.803526122186,1.652,0.217767550152,1,0.601121418915,16,high_d,0.008
4,4-QAM,0.95,0.803526122186,1.6525,0.217784566489,1,0.600955936902,16,full_d,0.083
4,4-QAM,0.95,0.803526122186,1.654,0.217834695535,1,0.600459627011,16,high_d,0.033
4,4-QAM,0.95,0.803526122186,1.655,0.217867348197,1,0.600128867451,16,full_d,0.004
4,4-QAM,0.95,0.803526122186,1.656,0.21789938744,1,0.599798199076,16,high_d,0.019
4,4-QAM,0.95,0.803526122186,1.6575,0.217946296057,1,0.599302367907,16,full_d,0.014
4,4-QAM,0.95,0.803526122186,1.658,0.21796162551,1,0.599137136651,16,high_d,0.003
4,4-QAM,0.95,0.803526122186,1.66,0.218021409455,1,0.598476441266,16,high_d,0.003
4,4-QAM,0.95,0.803526122186,1.662,0.218078739058,1,0.597816114446,16,high_d,0.003
4,4-QAM,0.95,0.803526122186,1.6625,0.218092687949,1,0.597651090507,16,full_d,0.003
4,4-QAM,0.95,0.803526122186,1.664,0.218133614169,1,0.597156157705,16,high_d,0.004
4,4-QAM,0.95,0.803526122186,1.665,0.218160131261,1,0.596826318586,16,full_d,0.004
4,4-QAM,0.95,0.803526122186,1.666,0.218186034706,1,0.59649657255,16,high_d,0.008
4,4-QAM,0.95,0.803526122186,1.6675,0.218223739284,1,0.596002128439,16,full_d,0.022
4,4-QAM,0.95,0.803526122186,1.668,0.218236000655,1,0.59583736048,16,high_d,0.071
4,4-QAM,0.95,0.803526122186,1.67,0.218283512073,1,0.595178522983,16,high_d,0.003
4,4-QAM,0.95,0.803526122186,1.672,0.218328569082,1,0.594520061544,16,high_d,0.089
4,4-QAM,0.95,0.803526122186,1.6725,0.218339449854,1,0.594355505116,16,full_d,0.047
4,4-QAM,0.95,0.803526122186,1.674,0.218371171871,1,0.593861977636,16,high_d,0.011
4,4-QAM,0.95,0.803526122186,1.675,0.218391553011,1,0.593533077714,16,full_d,0.003
4,4-QAM,0.95,0.803526122186,1.676,0.218411320697,1,0.593204272725,16,high_d,0.003
4,4-QAM,0.95,0.803526122186,1.6775,0.218439822096,1,0.592711243636,16,full_d,0.003
4,4-QAM,0.95,0.803526122186,1.678,0.218449015884,1,0.59254694827,16,high_d,0.026
4,4-QAM,0.95,0.803526122186,1.68,0.218484257821,1,0.591890005721,16,high_d,0.003
4,4-QAM,0.95,0.803526122186,1.682,0.218517046962,1,0.591233446523,16,high_d,0.003
4,4-QAM,0.95,0.803526122186,1.6825,0.218524861058,1,0.59106936679,16,full_d,0.003
4,4-QAM,0.95,0.803526122186,1.684,0.218547383829,1,0.59057727211,16,high_d,0.003
4,4-QAM,0.95,0.803526122186,1.685,0.218561632839,1,0.590249329645,16,full_d,0.004
4,4-QAM,0.95,0.803526122186,1.686,0.218575269006,1,0.589921483911,16,high_d,0.003
4,4-QAM,0.95,0.803526122186,1.6875,0.218594574356,1,0.589429897069,16,full_d,0.010
4,4-QAM,0.95,0.803526122186,1.688,0.218600703144,1,0.589266083347,16,high_d,0.051
4,4-QAM,0.95,0.803526122186,1.69,0.218623686955,1,0.58861107183,16,high_d,0.004
4,4-QAM,0.95,0.803526122186,1.692,0.218644221219,1,0.587956450769,16,high_d,0.003
4,4-QAM,0.95,0.803526122186,1.6925,0.21864897214,1,0.587792856676,16,full_d,0.003
4,4-QAM,0.95,0.803526122186,1.694,0.218662306775,1,0.587302221561,16,high_d,0.003
4,4-QAM,0.95,0.803526122186,1.695,0.218670431567,1,0.586975254338,16,full_d,0.010
4,4-QAM,0.95,0.803526122186,1.696,0.218677944526,1,0.5866483856,16,high_d,0.003
4,4-QAM,0.95,0.803526122186,1.6975,0.218688067046,1,0.58615826753,16,full_d,0.007
4,4-QAM,0.95,0.803526122186,1.698,0.218691135438,1,0.58599494427,16,high_d,0.003
4,4-QAM,0.95,0.803526122186,1.7,0.218701880537,1,0.58534189895,16,high_d,0.004
4,4-QAM,0.95,0.803526122186,1.702,0.218710180913,1,0.584689251012,16,high_d,0.003
4,4-QAM,0.95,0.803526122186,1.7025,0.218711874152,1,0.584526151278,16,full_d,0.022
4,4-QAM,0.95,0.803526122186,1.704,0.218716037714,1,0.58403700182,16,high_d,0.003
4,4-QAM,0.95,0.803526122186,1.705,0.218718050149,1,0.583711027179,16,full_d,0.003
4,4-QAM,0.95,0.803526122186,1.706,0.218719452148,1,0.583385152734,16,high_d,0.014
4,4-QAM,0.95,0.803526122186,1.7075,0.218720410933,1,0.582896529302,16,full_d,0.003
4,4-QAM,0.95,0.803526122186,1.708,0.218720425486,1,0.582733705105,16,high_d,0.003
4,4-QAM,0.95,0.803526122186,1.71,0.218718959055,1,0.582082660279,16,high_d,0.003
4,4-QAM,0.95,0.803526122186,1.712,0.218715054241,1,0.581432019595,16,high_d,0.004
4,4-QAM,0.95,0.803526122186,1.7125,0.218713697209,1,0.581269422727,16,full_d,0.003
4,4-QAM,0.95,0.803526122186,1.714,0.218708712491,1,0.580781784386,16,high_d,0.007
4,4-QAM,0.95,0.803526122186,1.715,0.218704628231,1,0.580456819249,16,full_d,0.015
4,4-QAM,0.95,0.803526122186,1.716,0.218699935305,1,0.580131955979,16,high_d,0.065
4,4-QAM,0.95,0.803526122186,1.7175,0.218691755098,1,0.579644852432,16,full_d,0.004
4,4-QAM,0.95,0.803526122186,1.718,0.218688724244,1,0.579482535695,16,high_d,0.027
4,4-QAM,0.95,0.803526122186,1.72,0.218675080925,1,0.578833524849,16,high_d,0.003
4,4-QAM,0.95,0.803526122186,1.722,0.218659007018,1,0.57818492475,16,high_d,0.037
4,4-QAM,0.95,0.803526122186,1.7225,0.218654608963,1,0.578022839057,16,full_d,0.037
4,4-QAM,0.95,0.803526122186,1.724,0.218640504252,1,0.5775367367,16,high_d,0.003
4,4-QAM,0.95,0.803526122186,1.725,0.218630342602,1,0.5772127976,16,full_d,0.012
4,4-QAM,0.95,0.803526122186,1.726,0.21861957441,1,0.576888961999,16,high_d,0.003
4,4-QAM,0.95,0.803526122186,1.7275,0.218602285362,1,0.57640340301,16,full_d,0.063
4,4-QAM,0.95,0.803526122186,1.728,0.218596219328,1,0.576241601937,16,high_d,0.003
4,4-QAM,0.95,0.803526122186,1.73,0.218570440898,1,0.575594657802,16,high_d,0.017
4,4-QAM,0.95,0.803526122186,1.732,0.218542241063,1,0.574948130873,16,high_d,0.003
4,4-QAM,0.95,0.803526122186,1.7325,0.218534812993,1,0.574786564479,16,full_d,0.033
4,4-QAM,0.95,0.803526122186,1.734,0.218511621821,1,0.574302022427,16,high_d,0.003
4,4-QAM,0.95,0.803526122186,1.735,0.218495405561,1,0.573979125532,16,full_d,0.004
4,4-QAM,0.95,0.803526122186,1.736,0.218478585222,1,0.573656333734,16,high_d,0.003
4,4-QAM,0.95,0.803526122186,1.7375,0.218452222643,1,0.573172343439,16,full_d,0.003
4,4-QAM,0.95,0.803526122186,1.738,0.218443133366,1,0.57301106606,16,high_d,0.030
4,4-QAM,0.95,0.803526122186,1.74,0.218405268405,1,0.572366220664,16,high_d,0.003
4,4-QAM,0.95,0.803526122186,1.742,0.218364992542,1,0.571721798802,16,high_d,0.014
4,4-QAM,0.95,0.803526122186,1.7425,0.218354547136,1,0.57156075966,16,full_d,0.003
4,4-QAM,0.95,0.803526122186,1.744,0.21832230803,1,0.571077801723,16,high_d,0.003
4,4-QAM,0.95,0.803526122186,1.745,0.218300063248,1,0.570755962867,16,full_d,0.003
4,4-QAM,0.95,0.803526122186,1.746,0.218277217172,1,0.570434230674,16,high_d,0.003
4,4-QAM,0.95,0.803526122186,1.7475,0.218241821276,1,0.569951832715,16,full_d,0.004
4,4-QAM,0.95,0.803526122186,1.748,0.218229722319,1,0.569791086895,16,high_d,0.003
4,4-QAM,0.95,0.803526122186,1.75,0.21817982587,1,0.569148371622,16,high_d,0.023
4,4-QAM,0.95,0.803526122186,1.752,0.218127530275,1,0.568506086086,16,high_d,0.003
4,4-QAM,0.95,0.803526122186,1.7525,0.218114081801,1,0.568345581992,16,full_d,0.030
4,4-QAM,0.95,0.803526122186,1.754,0.218072838027,1,0.567864231515,16,high_d,0.024
4,4-QAM,0.95,0.803526122186,1.755,0.218044593952,1,0.567543466223,16,full_d,0.014
4,4-QAM,0.95,0.803526122186,1.756,0.21801575167,1,0.56722280913,16,high_d,0.016
4,4-QAM,0.95,0.803526122186,1.7575,0.217971367323,1,0.566742026698,16,full_d,0.053
4,4-QAM,0.95,0.803526122186,1.758,0.217956273791,1,0.566581820151,16,high_d,0.003
4,4-QAM,0.95,0.803526122186,1.76,0.217894407026,1,0.565941265791,16,high_d,0.003
4,4-QAM,0.95,0.803526122186,1.7625,0.217813718283,1,0.565141185868,16,full_d,0.004
4,4-QAM,0.95,0.803526122186,1.765,0.217729306427,1,0.564341789281,16,full_d,0.003
4,4-QAM,0.95,0.803526122186,1.7675,0.217641176897,1,0.563543078376,16,full_d,0.023
4,4-QAM,0.95,0.803526122186,1.77,0.217549335238,1,0.562745055487,16,full_d,0.051
4,4-QAM,0.95,0.803526122186,1.7725,0.217453787103,1,0.561947722941,16,full_d,0.004
4,4-QAM,0.95,0.803526122186,1.775,0.217354538243,1,0.561151083055,16,full_d,0.003
4,4-QAM,0.95,0.803526122186,1.7775,0.217251594516,1,0.560355138136,16,full_d,0.006
4,4-QAM,0.95,0.803526122186,1.78,0.217144961875,1,0.559559890484,16,full_d,0.025
4,4-QAM,0.95,0.803526122186,1.7825,0.217034646375,1,0.558765342393,16,full_d,0.003
4,4-QAM,0.95,0.803526122186,1.785,0.216920654168,1,0.557971496144,16,full_d,0.018
4,4-QAM,0.95,0.803526122186,1.7875,0.2168029915,1,0.557178354015,16,full_d,0.013
4,4-QAM,0.95,0.803526122186,1.79,0.216681664711,1,0.556385918273,16,full_d,0.017
4,4-QAM,0.95,0.803526122186,1.7925,0.216556680236,1,0.555594191181,16,full_d,0.022
4,4-QAM,0.95,0.803526122186,1.795,0.216428044599,1,0.554803174992,16,full_d,0.037
4,4-QAM,0.95,0.803526122186,1.7975,0.216295764415,1,0.554012871955,16,full_d,0.015
4,4-QAM,0.95,0.803526122186,1.8,0.216159846387,1,0.553223284309,16,full_d,0.028
4,4-QAM,0.95,0.803526122186,1.8025,0.216020297304,1,0.55243441429,16,full_d,0.014
4,4-QAM,0.95,0.803526122186,1.805,0.215877124042,1,0.551646264127,16,full_d,0.015
4,4-QAM,0.95,0.803526122186,1.8075,0.21573033356,1,0.550858836041,16,full_d,0.067
4,4-QAM,0.95,0.803526122186,1.81,0.2155799329,1,0.550072132251,16,full_d,0.023
4,4-QAM,0.95,0.803526122186,1.8125,0.215425929185,1,0.549286154967,16,full_d,0.006
4,4-QAM,0.95,0.803526122186,1.815,0.215268329618,1,0.548500906396,16,full_d,0.152
4,4-QAM,0.95,0.803526122186,1.8175,0.215107141479,1,0.54771638874,16,full_d,0.003
4,4-QAM,0.95,0.803526122186,1.82,0.214942372127,1,0.546932604194,16,full_d,0.003
4,4-QAM,0.95,0.803526122186,1.8225,0.214774028993,1,0.546149554951,16,full_d,0.004
4,4-QAM,0.95,0.803526122186,1.825,0.214602119585,1,0.545367243197,16,full_d,0.020
4,4-QAM,0.95,0.803526122186,1.8275,0.214426651482,1,0.544585671117,16,full_d,0.003
4,4-QAM,0.95,0.803526122186,1.83,0.214247632332,1,0.543804840889,16,full_d,0.003
4,4-QAM,0.95,0.803526122186,1.8325,0.214065069853,1,0.543024754689,16,full_d,0.003
4,4-QAM,0.95,0.803526122186,1.835,0.213878971832,1,0.542245414688,16,full_d,0.004
4,4-QAM,0.95,0.803526122186,1.8375,0.213689346118,1,0.541466823054,16,full_d,0.044
4,4-QAM,0.95,0.803526122186,1.84,0.213496200628,1,0.540688981953,16,full_d,0.004
4,4-QAM,0.95,0.803526122186,1.8425,0.213299543337,1,0.539911893547,16,full_d,0.004
4,4-QAM,0.95,0.803526122186,1.845,0.213099382282,1,0.539135559994,16,full_d,0.003
4,4-QAM,0.95,0.803526122186,1.8475,0.212895725558,1,0.53835998345,16,full_d,0.004
4,4-QAM,0.95,0.803526122186,1.85,0.212688581316,1,0.53758516607,16,full_d,0.004
4,4-QAM,0.95,0.803526122186,1.8525,0.212477957759,1,0.536811110004,16,full_d,0.003
4,4-QAM,0.95,0.803526122186,1.855,0.212263863144,1,0.536037817402,16,full_d,0.010
4,4-QAM,0.95,0.803526122186,1.8575,0.212046305775,1,0.535265290411,16,full_d,0.008
4,4-QAM,0.95,0.803526122186,1.86,0.211825294003,1,0.534493531175,16,full_d,0.046
4,4-QAM,0.95,0.803526122186,1.8625,0.211600836222,1,0.533722541838,16,full_d,0.003
4,4-QAM,0.95,0.803526122186,1.865,0.211372940868,1,0.532952324541,16,full_d,0.017
4,4-QAM,0.95,0.803526122186,1.8675,0.211141616412,1,0.532182881426,16,full_d,0.003
4,4-QAM,0.95,0.803526122186,1.87,0.210906871362,1,0.53141421463,16,full_d,0.004
4,4-QAM,0.95,0.803526122186,1.8725,0.210668714253,1,0.530646326292,16,full_d,0.003
4,4-QAM,0.95,0.803526122186,1.875,0.21042715365,1,0.529879218549,16,full_d,0.063
4,4-QAM,0.95,0.803526122186,1.8775,0.210182198138,1,0.529112893536,16,full_d,0.003
4,4-QAM,0.95,0.803526122186,1.88,0.209933856319,1,0.528347353389,16,full_d,0.003
4,4-QAM,0.95,0.803526122186,1.8825,0.209682136809,1,0.527582600242,16,full_d,0.004
4,4-QAM,0.95,0.803526122186,1.885,0.209427048231,1,0.526818636229,16,full_d,0.004
4,4-QAM,0.95,0.803526122186,1.8875,0.209168599208,1,0.526055463485,16,full_d,0.003
4,4-QAM,0.95,0.803526122186,1.89,0.208906798359,1,0.525293084141,16,full_d,0.004
4,4-QAM,0.95,0.803526122186,1.8925,0.208641654289,1,0.524531500333,16,full_d,0.040
4,4-QAM,0.95,0.803526122186,1.895,0.208373175583,1,0.523770714193,16,full_d,0.004
4,4-QAM,0.95,0.803526122186,1.8975,0.208101370798,1,0.523010727855,16,full_d,0.003
4,4-QAM,0.95,0.803526122186,1.9,0.20782624845,1,0.522251543453,16,full_d,0.003
4,4-QAM,0.95,0.803526122186,1.9025,0.207547817009,1,0.52149316312,16,full_d,0.003
4,4-QAM,0.95,0.803526122186,1.905,0.207266084881,1,0.52073558899,16,full_d,0.003
4,4-QAM,0.95,0.803526122186,1.9075,0.206981060397,1,0.5199788232,16,full_d,0.004
4,4-QAM,0.95,0.803526122186,1.91,0.206692751802,1,0.519222867884,16,full_d,0.020
4,4-QAM,0.95,0.803526122186,1.9125,0.206401167234,1,0.518467725178,16,full_d,0.030
4,4-QAM,0.95,0.803526122186,1.915,0.206106314705,1,0.51771339722,16,full_d,0.014
4,4-QAM,0.95,0.803526122186,1.9175,0.205808202085,1,0.516959886147,16,full_d,0.023
4,4-QAM,0.95,0.803526122186,1.92,0.205506837072,1,0.516207194099,16,full_d,0.003
4,4-QAM,0.95,0.803526122186,1.9225,0.205202227169,1,0.515455323215,16,full_d,0.010
4,4-QAM,0.95,0.803526122186,1.925,0.20489437965,1,0.514704275636,16,full_d,0.008
4,4-QAM,0.95,0.803526122186,1.9275,0.20458330153,1,0.513954053504,16,full_d,0.019
4,4-QAM,0.95,0.803526122186,1.93,0.204268999513,1,0.513204658963,16,full_d,0.062
4,4-QAM,0.95,0.803526122186,1.9325,0.203951479954,1,0.512456094157,16,full_d,0.008
4,4-QAM,0.95,0.803526122186,1.935,0.203630748798,1,0.511708361233,16,full_d,0.045
4,4-QAM,0.95,0.803526122186,1.9375,0.203306811511,1,0.510961462337,16,full_d,0.077
4,4-QAM,0.95,0.803526122186,1.94,0.202979673005,1,0.510215399618,16,full_d,0.003
4,4-QAM,0.95,0.803526122186,1.9425,0.202649337535,1,0.509470175228,16,full_d,0.003
4,4-QAM,0.95,0.803526122186,1.945,0.202315808589,1,0.508725791318,16,full_d,0.003
4,4-QAM,0.95,0.803526122186,1.9475,0.201979088742,1,0.507982250041,16,full_d,0.004
4,4-QAM,0.95,0.803526122186,1.95,0.20163917947,1,0.507239553553,16,full_d,0.003
4,4-QAM,0.95,0.803526122186,1.9525,0.201296080927,1,0.506497704011,16,full_d,0.003
4,4-QAM,0.95,0.803526122186,1.955,0.200949791645,1,0.505756703573,16,full_d,0.003
4,4-QAM,0.95,0.803526122186,1.9575,0.200600308138,1,0.505016554399,16,full_d,0.003
4,4-QAM,0.95,0.803526122186,1.96,0.200247624363,1,0.504277258653,16,full_d,0.004
4,4-QAM,0.95,0.803526122186,1.9625,0.199891730949,1,0.503538818497,16,full_d,0.003
4,4-QAM,0.95,0.803526122186,1.965,0.19953261407,1,0.502801236097,16,full_d,0.012
4,4-QAM,0.95,0.803526122186,1.9675,0.199170253645,1,0.502064513622,16,full_d,0.003
4,4-QAM,0.95,0.803526122186,1.97,0.198804620282,1,0.50132865324,16,full_d,0.010
4,4-QAM,0.95,0.803526122186,1.9725,0.198435669309,1,0.500593657123,16,full_d,0.009
4,4-QAM,0.95,0.803526122186,1.975,0.198063326351,1,0.499859527443,16,full_d,0.013
4,4-QAM,0.95,0.803526122186,1.9775,0.197687421153,1,0.499126266376,16,full_d,0.014
4,4-QAM,0.95,0.803526122186,1.98,0.19730769671,1,0.498393876099,16,full_d,0.023
4,4-QAM,0.95,0.803526122186,1.9825,0.19692451005,1,0.49766235879,16,full_d,0.031
4,4-QAM,0.95,0.803526122186,1.985,0.196538051983,1,0.49693171663,16,full_d,0.003
4,4-QAM,0.95,0.803526122186,1.9875,0.196148439636,1,0.4962019518,16,full_d,0.024
4,4-QAM,0.95,0.803526122186,1.99,0.195755763084,1,0.495473066487,16,full_d,0.004
4,4-QAM,0.95,0.803526122186,1.9925,0.195360097871,1,0.494745062874,16,full_d,0.020
4,4-QAM,0.95,0.803526122186,1.995,0.194961510436,1,0.49401794315,16,full_d,0.005
4,4-QAM,0.95,0.803526122186,1.9975,0.194560060987,1,0.493291709505,16,full_d,0.003
4,4-QAM,0.95,0.803526122186,2,0.194155805201,1,0.49256636413,16,full_d,0.004
8,8-QAM,0.9,0.812830516164,0.4,0.184411426689,0.99999912762,0.915575784427,56,full_d,0.207
8,8-QAM,0.9,0.812830516164,0.405,0.186242556144,0.999996740195,0.913589360042,56,full_d,0.203
8,8-QAM,0.9,0.812830516164,0.41,0.188009699854,0.9999990538,0.911584888855,56,full_d,0.197
8,8-QAM,0.9,0.812830516164,0.415,0.189710314827,0.999995103002,0.909562594479,56,full_d,0.194
8,8-QAM,0.9,0.812830516164,0.42,0.191346733324,0.999999125078,0.907522701878,56,full_d,0.117
8,8-QAM,0.9,0.812830516164,0.425,0.192916178051,0.999997947424,0.905465437346,56,full_d,0.110
8,8-QAM,0.9,0.812830516164,0.43,0.194418917382,0.999994046336,0.903391028479,56,full_d,0.109
8,8-QAM,0.9,0.812830516164,0.435,0.195856320367,0.999994995372,0.901299704132,56,full_d,0.107
8,8-QAM,0.9,0.812830516164,0.44,0.197227375788,0.99999565846,0.899191694409,56,full_d,0.102
8,8-QAM,0.9,0.812830516164,0.445,0.198532850361,0.999999577492,0.897067230617,56,full_d,0.096
8,8-QAM,0.9,0.812830516164,0.45,0.199771395562,0.9999992045,0.894926545239,56,full_d,0.101
8,8-QAM,0.9,0.812830516164,0.455,0.200944170161,0.999999246874,0.892769871901,56,full_d,0.091
8,8-QAM,0.9,0.812830516164,0.46,0.202050558861,0.999995658251,0.890597445636,56,low_d,0.115
8,8-QAM,0.9,0.812830516164,0.462,0.202475268667,0.999996130866,0.889724116914,56,low_d,0.118
8,8-QAM,0.9,0.812830516164,0.464,0.202889599806,0.999996696637,0.888848320534,56,low_d,0.124
8,8-QAM,0.9,0.812830516164,0.465,0.203092795085,0.999996582831,0.88840950171,56,full_d,0.099
8,8-QAM,0.9,0.812830516164,0.466,0.203293788931,0.999998370905,0.88797007166,56,low_d,0.110
8,8-QAM,0.9,0.812830516164,0.468,0.20368721648,0.999997947938,0.887089385482,56,low_d,0.102
8,8-QAM,0.9,0.812830516164,0.47,0.204069984357,0.99999577274,0.886206277215,56,low_d,0.101
8,8-QAM,0.9,0.812830516164,0.472,0.204442587779,0.999994101732,0.8853207621,56,low_d,0.101
8,8-QAM,0.9,0.812830516164,0.474,0.204805905088,0.999997036386,0.8844328554,56,low_d,0.094
8,8-QAM,0.9,0.812830516164,0.475,0.204983875859,0.99999916035,0.883988009983,56,full_d,0.087
8,8-QAM,0.9,0.812830516164,0.476,0.205158576694,0.999997732937,0.883542572405,56,low_d,0.084
8,8-QAM,0.9,0.812830516164,0.478,0.205500884048,0.999997371503,0.882649928426,56,low_d,0.104
8,8-QAM,0.9,0.812830516164,0.48,0.205833505596,0.999999043813,0.881754938797,56,low_d,0.097
8,8-QAM,0.9,0.812830516164,0.482,0.206155044648,0.99999574768,0.880857618875,56,low_d,0.097
8,8-QAM,0.9,0.812830516164,0.484,0.206467731875,0.99999808413,0.879957984038,56,low_d,0.095
8,8-QAM,0.9,0.812830516164,0.485,0.206620024646,0.999997744046,0.879507303338,56,full_d,0.104
8,8-QAM,0.9,0.812830516164,0.486,0.206770000769,0.999998218328,0.879056049685,56,low_d,0.086
8,8-QAM,0.9,0.812830516164,0.488,0.207062481285,0.99999896096,0.878151831237,56,low_d,0.107
8,8-QAM,0.9,0.812830516164,0.49,0.207344821652,0.999998364177,0.877245344134,56,low_d,0.095
8,8-QAM,0.9,0.812830516164,0.492,0.207614279187,0.999982938353,0.876336603859,56,low_d,0.099
8,8-QAM,0.9,0.812830516164,0.494,0.207879726514,0.999995212313,0.875425625844,56,low_d,0.093
8,8-QAM,0.9,0.812830516164,0.495,0.208007399749,0.999994559562,0.874969302534,56,full_d,0.094
8,8-QAM,0.9,0.812830516164,0.496,0.208133373194,0.999997355742,0.874512425608,56,low_d,0.106
8,8-QAM,0.9,0.812830516164,0.498,0.208376861169,0.999997007972,0.873597018664,56,low_d,0.090
8,8-QAM,0.9,0.812830516164,0.5,0.208609926396,0.999992627695,0.872679420542,56,low_d,0.103
8,8-QAM,0.9,0.812830516164,0.502,0.208835352085,0.999997264239,0.871759646788,56,low_d,0.090
8,8-QAM,0.9,0.812830516164,0.504,0.209050460758,0.999997784128,0.870837712964,56,low_d,0.099
8,8-QAM,0.9,0.812830516164,0.505,0.209154586472,0.999998514661,0.870375940893,56,full_d,0.100
8,8-QAM,0.9,0.812830516164,0.506,0.209255940826,0.999997186407,0.869913634645,56,low_d,0.101
8,8-QAM,0.9,0.812830516164,0.508,0.209452395572,0.999998044958,0.868987427421,56,low_d,0.094
8,8-QAM,0.9,0.812830516164,0.51,0.209639500861,0.999998494192,0.868059106893,56,low_d,0.110
8,8-QAM,0.9,0.812830516164,0.512,0.20981719413,0.999997915905,0.867128688676,56,low_d,0.105
8,8-QAM,0.9,0.812830516164,0.514,0.20998585566,0.999997796882,0.866196188393,56,low_d,0.112
8,8-QAM,0.9,0.812830516164,0.515,0.210066815432,0.999997881393,0.865729162363,56,full_d,0.108
8,8-QAM,0.9,0.812830516164,0.516,0.21014565061,0.999998589892,0.86526162168,56,low_d,0.103
8,8-QAM,0.9,0.812830516164,0.518,0.21029632175,0.999998732524,0.864325004182,56,low_d,0.089
8,8-QAM,0.9,0.812830516164,0.52,0.2104380286,0.999998640552,0.863386351547,56,low_d,0.091
8,8-QAM,0.9,0.812830516164,0.522,0.210570667798,0.999997479441,0.862445679441,56,low_d,0.104
8,8-QAM,0.9,0.812830516164,0.524,0.210695072895,0.999998854224,0.861503003527,56,low_d,0.094
8,8-QAM,0.9,0.812830516164,0.525,0.210753201303,0.999995699961,0.861030919039,56,full_d,0.092
8,8-QAM,0.9,0.812830516164,0.526,0.210810452172,0.999998648928,0.860558339476,56,low_d,0.101
8,8-QAM,0.9,0.812830516164,0.528,0.210917300184,0.9999988506,0.859611702963,56,low_d,0.099
8,8-QAM,0.9,0.812830516164,0.53,0.211015700545,0.999999490476,0.858663109665,56,low_d,0.107
8,8-QAM,0.9,0.812830516164,0.532,0.211105319997,0.999998621133,0.857712575263,56,low_d,0.092
8,8-QAM,0.9,0.812830516164,0.534,0.211186758437,0.999998713026,0.856760115438,56,low_d,0.090
8,8-QAM,0.9,0.812830516164,0.535,0.211223667413,0.99999548727,0.856283168392,56,full_d,0.097
8,8-QAM,0.9,0.812830516164,0.536,0.2112590679,0.999994902327,0.855805745869,56,low_d,0.095
8,8-QAM,0.9,0.812830516164,0.538,0.211324310269,0.999996570763,0.854849482236,56,low_d,0.111
8,8-QAM,0.9,0.812830516164,0.54,0.211381574849,0.999999023164,0.853891340214,56,low_d,0.089
8,8-QAM,0.9,0.812830516164,0.542,0.211429408562,0.999995001575,0.852931335474,56,low_d,0.124
8,8-QAM,0.9,0.812830516164,0.544,0.211471066926,0.999999516824,0.851969483684,56,low_d,0.106
8,8-QAM,0.9,0.812830516164,0.545,0.211488306982,0.999998831399,0.851487870038,56,full_d,0.088
8,8-QAM,0.9,0.812830516164,0.546,0.21150377511,0.999999054535,0.851005800501,56,low_d,0.113
8,8-QAM,0.9,0.812830516164,0.548,0.211528827936,0.999999345275,0.850040301578,56,low_d,0.113
8,8-QAM,0.9,0.812830516164,0.55,0.211546160092,0.999999684869,0.849073002557,56,low_d,0.119
8,8-QAM,0.9,0.812830516164,0.552,0.211555652208,0.999999111869,0.848103919069,56,low_d,0.163
8,8-QAM,0.9,0.812830516164,0.554,0.211557801971,0.999999579198,0.847133066733,56,low_d,0.161
8,8-QAM,0.9,0.812830516164,0.555,0.211555624349,0.999997718468,0.846646982125,56,full_d,0.144
8,8-QAM,0.9,0.812830516164,0.556,0.2115523748,0.999999577026,0.846160461155,56,low_d,0.151
8,8-QAM,0.9,0.812830516164,0.558,0.211539386418,0.999998776802,0.845186117926,56,low_d,0.144
8,8-QAM,0.9,0.812830516164,0.56,0.211519402697,0.999999449241,0.844210052619,56,low_d,0.157
8,8-QAM,0.9,0.812830516164,0.562,0.211492123567,0.999999770338,0.843232280791,56,low_d,0.142
8,8-QAM,0.9,0.812830516164,0.564,0.211457605905,0.999999602054,0.842252817979,56,low_d,0.143
8,8-QAM,0.9,0.812830516164,0.565,0.211437618115,0.999999138248,0.841762457304,56,full_d,0.139
8,8-QAM,0.9,0.812830516164,0.566,0.211416107107,0.999999753643,0.841271679699,56,low_d,0.131
8,8-QAM,0.9,0.812830516164,0.568,0.211367576964,0.999999578852,0.840288881445,56,low_d,0.157
8,8-QAM,0.9,0.812830516164,0.57,0.211312090481,0.999999193728,0.839304438711,56,low_d,0.154
8,8-QAM,0.9,0.812830516164,0.572,0.211249283489,0.999996178765,0.838318367266,56,low_d,0.139
8,8-QAM,0.9,0.812830516164,0.574,0.211180910772,0.999998495564,0.837330681826,56,low_d,0.157
8,8-QAM,0.9,0.812830516164,0.575,0.211143946836,0.999998274775,0.836836238801,56,full_d,0.136
8,8-QAM,0.9,0.812830516164,0.576,0.211105101838,0.999996926286,0.836341398134,56,low_d,0.132
8,8-QAM,0.9,0.812830516164,0.578,0.211023441145,0.999998563372,0.83535053155,56,low_d,0.156
8,8-QAM,0.9,0.812830516164,0.58,0.210935234271,0.999999706697,0.834358097399,56,low_d,0.150
8,8-QAM,0.9,0.812830516164,0.582,0.210839563538,0.99999559135,0.833364110977,56,low_d,0.127
8,8-QAM,0.9,0.812830516164,0.584,0.21073890202,0.999997533093,0.832368587544,56,low_d,0.129
8,8-QAM,0.9,0.812830516164,0.585,0.210686016478,0.999997406532,0.831870254207,56,full_d,0.123
8,8-QAM,0.9,0.812830516164,0.586,0.210632097473,0.999999658618,0.831371542324,56,low_d,0.126
8,8-QAM,0.9,0.812830516164,0.588,0.210518455398,0.999998257742,0.830372990503,56,low_d,0.138
8,8-QAM,0.9,0.812830516164,0.59,0.210399186694,0.999998668605,0.829372947229,56,low_d,0.119
8,8-QAM,0.9,0.812830516164,0.592,0.210273672885,0.999997542075,0.828371427608,56,low_d,0.138
8,8-QAM,0.9,0.812830516164,0.594,0.210142593312,0.999997697576,0.827368446705,56,low_d,0.136
8,8-QAM,0.9,0.812830516164,0.595,0.210075107089,0.999998798631,0.826866412969,56,full_d,0.134
8,8-QAM,0.9,0.812830516164,0.596,0.210005949117,0.999998733082,0.826364019543,56,low_d,0.119
8,8-QAM,0.9,0.812830516164,0.598,0.209863424898,0.999998738139,0.825358161095,56,low_d,0.130
8,8-QAM,0.9,0.812830516164,0.6,0.209715479769,0.99999949132,0.824350886294,56,low_d,0.141
8,8-QAM,0.9,0.812830516164,0.602,0.209561577461,0.999998027417,0.823342210023,56,low_d,0.129
8,8-QAM,0.9,0.812830516164,0.604,0.209402712604,0.999998684243,0.822332147114,56,low_d,0.127
8,8-QAM,0.9,0.812830516164,0.605,0.209321336033,0.99999928511,0.821826600292,56,full_d,0.132
8,8-QAM,0.9,0.812830516164,0.606,0.209238290837,0.999998219951,0.821320712351,56,low_d,0.143
8,8-QAM,0.9,0.812830516164,0.608,0.209068942141,0.999999239943,0.820307920467,56,low_d,0.147
8,8-QAM,0.9,0.812830516164,0.61,0.20889406338,0.999998456442,0.819293786142,56,low_d,0.134
8,8-QAM,0.9,0.812830516164,0.612,0.208714475754,0.999999396271,0.818278324002,56,low_d,0.132
8,8-QAM,0.9,0.812830516164,0.614,0.208529723355,0.999999475628,0.817261548618,56,low_d,0.136
8,8-QAM,0.9,0.812830516164,0.615,0.208435430205,0.999999161785,0.816752672997,56,full_d,0.125
8,8-QAM,0.9,0.812830516164,0.616,0.208340045681,0.999999440823,0.816243474504,56,low_d,0.131
8,8-QAM,0.9,0.812830516164,0.618,0.208145528675,0.999999304745,0.815224116121,56,low_d,0.140
8,8-QAM,0.9,0.812830516164,0.62,0.207946374496,0.999999640748,0.814203487868,56,low_d,0.129
8,8-QAM,0.9,0.812830516164,0.625,0.207428155407,0.999999726812,0.811646455532,56,full_d,0.138
8,8-QAM,0.9,0.812830516164,0.63,0.206882110796,0.999999698404,0.809081798448,56,full_d,0.132
8,8-QAM,0.9,0.812830516164,0.635,0.206309553438,0.999999785426,0.806509736694,56,full_d,0.138
8,8-QAM,0.9,0.812830516164,0.64,0.205711657436,0.999999620259,0.803930487921,56,full_d,0.141
8,8-QAM,0.9,0.812830516164,0.645,0.205088909491,0.999995192558,0.801344267344,56,full_d,0.126
8,8-QAM,0.9,0.812830516164,0.65,0.204443311348,0.999990975329,0.798751287674,56,full_d,0.132
8,8-QAM,0.9,0.812830516164,0.655,0.203777146833,0.999991964118,0.796151759235,56,full_d,0.134
8,8-QAM,0.9,0.812830516164,0.66,0.20309183779,0.999999385855,0.793545889946,56,bridge,0.131
8,8-QAM,0.9,0.812830516164,0.665,0.202385821339,0.99999983,0.790933885399,56,full_d,0.121
8,8-QAM,0.9,0.812830516164,0.67,0.201661578648,0.999999843909,0.788315948955,56,full_d,0.119
8,8-QAM,0.9,0.812830516164,0.675,0.200920332895,0.999999903906,0.785692281856,56,full_d,0.134
8,8-QAM,0.9,0.812830516164,0.68,0.200163038369,0.999999251075,0.783063083361,56,full_d,0.136
8,8-QAM,0.9,0.812830516164,0.684,0.199546606551,0.999999356889,0.780955874691,56,bridge,0.146
8,8-QAM,0.9,0.812830516164,0.685,0.199390489743,0.999996419414,0.780428550902,56,full_d,0.123
8,8-QAM,0.9,0.812830516164,0.69,0.198605408457,0.999999730312,0.777788880258,56,full_d,0.120
8,8-QAM,0.9,0.812830516164,0.695,0.197806861224,0.999999276021,0.775144265747,56,full_d,0.129
8,8-QAM,0.9,0.812830516164,0.7,0.196996823167,0.999999869434,0.772494900422,56,full_d,0.124
8,8-QAM,0.9,0.812830516164,0.705,0.19617594027,0.999999748793,0.769840976283,56,full_d,0.125
8,8-QAM,0.9,0.812830516164,0.708,0.195678654792,0.999999561489,0.768246513118,56,bridge,0.135
8,8-QAM,0.9,0.812830516164,0.71,0.195345313527,0.999999576565,0.767182684486,56,full_d,0.130
8,8-QAM,0.9,0.812830516164,0.715,0.194505929971,0.999999567654,0.764520215557,56,full_d,0.121
8,8-QAM,0.9,0.812830516164,0.72,0.193658551041,0.999998904558,0.761853759593,56,full_d,0.142
8,8-QAM,0.9,0.812830516164,0.725,0.192804505098,0.999999825011,0.75918350646,56,full_d,0.130
8,8-QAM,0.9,0.812830516164,0.73,0.191944177711,0.999999823524,0.756509645969,56,full_d,0.115
8,8-QAM,0.9,0.812830516164,0.732,0.191598502596,0.999999688631,0.755439134247,56,bridge,0.130
8,8-QAM,0.9,0.812830516164,0.735,0.191078620057,0.999999959484,0.753832368036,56,full_d,0.117
8,8-QAM,0.9,0.812830516164,0.74,0.190208538657,0.999999622628,0.751151862811,56,full_d,0.137
8,8-QAM,0.9,0.812830516164,0.745,0.189334951881,0.9999999568,0.748468320783,56,full_d,0.129
8,8-QAM,0.9,0.812830516164,0.75,0.188458435367,0.999999889883,0.745781932851,56,full_d,0.133
8,8-QAM,0.9,0.812830516164,0.755,0.187579561985,0.999998762792,0.743092894537,56,full_d,0.137
8,8-QAM,0.9,0.812830516164,0.756,0.187403877312,0.999999943846,0.742554784458,56,bridge,0.116
8,8-QAM,0.9,0.812830516164,0.76,0.186699812552,0.999999856727,0.740401389769,56,full_d,0.142
8,8-QAM,0.9,0.812830516164,0.765,0.185819255601,0.999999986099,0.737707614433,56,full_d,0.144
8,8-QAM,0.9,0.812830516164,0.77,0.184938570657,0.999998963419,0.735011760996,56,full_d,0.127
8,8-QAM,0.9,0.812830516164,0.775,0.184059043857,0.999999959272,0.7323140221,56,full_d,0.118
8,8-QAM,0.9,0.812830516164,0.78,0.183180800287,0.999999922081,0.729614590385,56,bridge,0.127
8,8-QAM,0.9,0.812830516164,0.785,0.182304484433,0.999998635182,0.726913658283,56,full_d,0.119
8,8-QAM,0.9,0.812830516164,0.79,0.181431477128,0.99999997076,0.724211417768,56,full_d,0.139
8,8-QAM,0.9,0.812830516164,0.795,0.18056164993,0.999999541746,0.721508060076,56,full_d,0.142
8,8-QAM,0.9,0.812830516164,0.8,0.179713924389,0.99999998897,0.7188037754,54,full_d,0.130
8,8-QAM,0.9,0.812830516164,0.804,0.179189162267,0.999999618378,0.716639807164,54,bridge,0.138
8,8-QAM,0.9,0.812830516164,0.805,0.179058638282,0.999999970733,0.716098752547,54,full_d,0.109
8,8-QAM,0.9,0.812830516164,0.81,0.178409450622,0.99999987989,0.713393178591,54,full_d,0.128
8,8-QAM,0.9,0.812830516164,0.815,0.177766982597,0.999999791872,0.710687238494,54,full_d,0.131
8,8-QAM,0.9,0.812830516164,0.82,0.177131840157,0.999999702137,0.707981114732,54,full_d,0.134
8,8-QAM,0.9,0.812830516164,0.825,0.176504694835,0.999999979782,0.705274986908,54,full_d,0.129
8,8-QAM,0.9,0.812830516164,0.828,0.176132437943,0.999999980743,0.703651381769,54,bridge,0.137
8,8-QAM,0.9,0.812830516164,0.83,0.175886040142,0.99999998777,0.702569031364,54,full_d,0.118
8,8-QAM,0.9,0.812830516164,0.835,0.175276527881,0.999999984183,0.699863420808,54,full_d,0.129
8,8-QAM,0.9,0.812830516164,0.84,0.17467676756,0.999999991254,0.697158323941,54,full_d,0.143
8,8-QAM,0.9,0.812830516164,0.845,0.174087360654,0.999999991195,0.694453905107,54,full_d,0.129
8,8-QAM,0.9,0.812830516164,0.85,0.173667306204,0.999999912103,0.691750323961,52,full_d,0.137
8,8-QAM,0.9,0.812830516164,0.852,0.173525149995,0.999999964199,0.690669160871,52,bridge,0.129
8,8-QAM,0.9,0.812830516164,0.855,0.17331516416,0.999999976449,0.689047735151,52,full_d,0.122
8,8-QAM,0.9,0.812830516164,0.86,0.172974143963,0.99999998862,0.68634628804,52,full_d,0.117
8,8-QAM,0.9,0.812830516164,0.865,0.17264474499,0.999999984968,0.683646126443,52,full_d,0.131
8,8-QAM,0.9,0.812830516164,0.87,0.172327459338,0.99999999224,0.680947388403,52,full_d,0.127
8,8-QAM,0.9,0.812830516164,0.875,0.172022758207,0.999999958351,0.678250205992,52,full_d,0.134
8,8-QAM,0.9,0.812830516164,0.876,0.171963378791,0.999999999163,0.677710967377,52,bridge,0.120
8,8-QAM,0.9,0.812830516164,0.88,0.171731127011,0.999999967076,0.67555470515,52,full_d,0.127
8,8-QAM,0.9,0.812830516164,0.885,0.171453011213,0.999999934997,0.672861005553,52,full_d,0.136
8,8-QAM,0.9,0.812830516164,0.89,0.17118887767,0.999999980856,0.670169220518,52,full_d,0.146
8,8-QAM,0.9,0.812830516164,0.895,0.170939134856,0.999999973286,0.667479456934,52,full_d,0.153
8,8-QAM,0.9,0.812830516164,0.9,0.170704210377,0.999999996352,0.664791815237,52,bridge,0.134
8,8-QAM,0.9,0.812830516164,0.905,0.170484488764,0.999999999667,0.662106389407,52,full_d,0.149
8,8-QAM,0.9,0.812830516164,0.91,0.170280341041,0.999999984779,0.659423267001,52,full_d,0.149
8,8-QAM,0.9,0.812830516164,0.915,0.17009212126,0.999999998679,0.656742529217,52,full_d,0.129
8,8-QAM,0.9,0.812830516164,0.92,0.169982197711,0.999999998142,0.654064250987,50,full_d,0.130
8,8-QAM,0.9,0.812830516164,0.924,0.170006618363,0.999999995018,0.651923445707,50,bridge,0.135
8,8-QAM,0.9,0.812830516164,0.925,0.170014210447,0.999999997845,0.651388501095,50,full_d,0.133
8,8-QAM,0.9,0.812830516164,0.93,0.170061123841,0.999999998369,0.648715342332,50,full_d,0.137
8,8-QAM,0.9,0.812830516164,0.935,0.170123013045,0.999999998045,0.646044831666,50,full_d,0.122
8,8-QAM,0.9,0.812830516164,0.94,0.170199919721,0.999999999279,0.64337702045,50,full_d,0.127
8,8-QAM,0.9,0.812830516164,0.945,0.170291848731,0.999999998791,0.640711954645,50,full_d,0.150
8,8-QAM,0.9,0.812830516164,0.948,0.170354205433,0.999999999142,0.639114250149,50,bridge,0.136
8,8-QAM,0.9,0.812830516164,0.95,0.17039876867,0.999999999435,0.638049675078,50,full_d,0.132
8,8-QAM,0.9,0.812830516164,0.955,0.170520608786,0.999999999633,0.635390217714,50,full_d,0.115
8,8-QAM,0.9,0.812830516164,0.96,0.170657258971,0.999999999529,0.632733613958,50,full_d,0.142
8,8-QAM,0.9,0.812830516164,0.965,0.170808568722,0.999999999816,0.630079890982,50,full_d,0.130
8,8-QAM,0.9,0.812830516164,0.97,0.170974346189,0.999999999632,0.627429072069,50,full_d,0.147
8,8-QAM,0.9,0.812830516164,0.972,0.171056587469,0.999999997268,0.626369562178,52,bridge,0.134
8,8-QAM,0.9,0.812830516164,0.975,0.171335265804,0.999999999826,0.624781176985,52,full_d,0.128
8,8-QAM,0.9,0.812830516164,0.98,0.171806121977,0.999999999726,0.622136222369,52,full_d,0.136
8,8-QAM,0.9,0.812830516164,0.985,0.172284735637,0.999999995754,0.619494222151,52,full_d,0.131
8,8-QAM,0.9,0.812830516164,0.99,0.17277080824,0.999999999897,0.616855187984,52,full_d,0.131
8,8-QAM,0.9,0.812830516164,0.995,0.17326400219,0.999999998439,0.614219129704,52,full_d,0.117
8,8-QAM,0.9,0.812830516164,0.996,0.173363464029,0.999999999679,0.61369227592,52,bridge,0.126
8,8-QAM,0.9,0.812830516164,1,0.173763949867,0.999999999919,0.611586055807,52,full_d,0.136
8,8-QAM,0.9,0.812830516164,1.005,0.174270248516,0.999999999863,0.608955973948,52,full_d,0.141
8,8-QAM,0.9,0.812830516164,1.01,0.174782464742,0.999999999793,0.606328891455,52,full_d,0.129
8,8-QAM,0.9,0.812830516164,1.015,0.175300134304,0.999999997905,0.603704815867,52,full_d,0.144
8,8-QAM,0.9,0.812830516164,1.02,0.175822765337,0.999999998229,0.60108375548,52,bridge,0.123
8,8-QAM,0.9,0.812830516164,1.025,0.176349838272,0.999999999879,0.598465719918,52,full_d,0.135
8,8-QAM,0.9,0.812830516164,1.03,0.176880808301,0.999999999801,0.595850720703,52,full_d,0.139
8,8-QAM,0.9,0.812830516164,1.035,0.17741510865,0.999999999149,0.593238771849,52,full_d,0.130
8,8-QAM,0.9,0.812830516164,1.04,0.177952152294,0.99999999991,0.590629890456,52,full_d,0.146
8,8-QAM,0.9,0.812830516164,1.044,0.178383355848,0.999999999933,0.588545007738,52,bridge,0.132
8,8-QAM,0.9,0.812830516164,1.045,0.178491333471,0.999999999701,0.588024097303,52,full_d,0.128
8,8-QAM,0.9,0.812830516164,1.05,0.179032031688,0.999999999946,0.585421417457,52,full_d,0.129
8,8-QAM,0.9,0.812830516164,1.055,0.17957361329,0.999999999704,0.582821880857,52,full_d,0.114
8,8-QAM,0.9,0.812830516164,1.06,0.180115434969,0.999999999954,0.580225522915,52,full_d,0.135
8,8-QAM,0.9,0.812830516164,1.065,0.180656845924,0.999999999936,0.577632385082,52,full_d,0.142
8,8-QAM,0.9,0.812830516164,1.068,0.180983330215,0.999999999201,0.576078067734,50,bridge,0.207
8,8-QAM,0.9,0.812830516164,1.07,0.181213023082,0.999999999716,0.575042515411,50,full_d,0.122
8,8-QAM,0.9,0.812830516164,1.075,0.181785191695,0.999999999968,0.572455969094,50,full_d,0.141
8,8-QAM,0.9,0.812830516164,1.08,0.182353896353,0.999999999858,0.569872808968,50,full_d,0.119
8,8-QAM,0.9,0.812830516164,1.085,0.182918494198,0.999999999976,0.567293105992,50,full_d,0.119
8,8-QAM,0.9,0.812830516164,1.09,0.183478347391,0.99999999999,0.564716939681,50,full_d,0.123
8,8-QAM,0.9,0.812830516164,1.092,0.1837008187,0.999999999683,0.56368748293,50,bridge,0.188
8,8-QAM,0.9,0.812830516164,1.095,0.184032826104,0.999999999978,0.562144398499,50,full_d,0.141
8,8-QAM,0.9,0.812830516164,1.1,0.184581311119,0.999999999987,0.559575580201,50,full_d,0.132
8,8-QAM,0.9,0.812830516164,1.105,0.185123196368,0.999999999801,0.557010592114,50,full_d,0.128
8,8-QAM,0.9,0.812830516164,1.11,0.185657891579,0.999999999896,0.554449551369,50,full_d,0.135
8,8-QAM,0.9,0.812830516164,1.115,0.186184824353,0.99999999999,0.551892585053,50,full_d,0.118
8,8-QAM,0.9,0.812830516164,1.116,0.186347681721,0.999999999921,0.551381692612,52,bridge,0.207
8,8-QAM,0.9,0.812830516164,1.12,0.187026844114,0.99999999984,0.549339830305,52,full_d,0.145
8,8-QAM,0.9,0.812830516164,1.125,0.187857037058,0.999999999968,0.546791434331,52,full_d,0.127
8,8-QAM,0.9,0.812830516164,1.13,0.188665939321,0.99999999996,0.544247554345,52,full_d,0.136
8,8-QAM,0.9,0.812830516164,1.135,0.189453118427,0.999999999954,0.541708357435,52,full_d,0.119
8,8-QAM,0.9,0.812830516164,1.14,0.190218190588,0.999999999995,0.539174020345,52,bridge,0.195
8,8-QAM,0.9,0.812830516164,1.145,0.190960821302,0.999999999989,0.536644729181,52,full_d,0.138
8,8-QAM,0.9,0.812830516164,1.15,0.191680725756,0.999999999993,0.534120679036,52,full_d,0.133
8,8-QAM,0.9,0.812830516164,1.155,0.192377668845,0.999999999922,0.531602073541,52,full_d,0.131
8,8-QAM,0.9,0.812830516164,1.16,0.193051465081,0.999999999959,0.529089124335,52,full_d,0.149
8,8-QAM,0.9,0.812830516164,1.164,0.193573743028,0.999999999968,0.527082984469,52,bridge,0.142
8,8-QAM,0.9,0.812830516164,1.165,0.193701978055,0.999999999994,0.526582050471,52,full_d,0.143
8,8-QAM,0.9,0.812830516164,1.17,0.194329119854,0.999999999992,0.524081077747,52,full_d,0.136
8,8-QAM,0.9,0.812830516164,1.175,0.194932850183,0.999999999985,0.521586437984,52,full_d,0.132
8,8-QAM,0.9,0.812830516164,1.18,0.195513175261,0.999999999978,0.519098368241,52,full_d,0.128
8,8-QAM,0.9,0.812830516164,1.185,0.196070146552,0.99999999999,0.516617109983,52,full_d,0.134
8,8-QAM,0.9,0.812830516164,1.188,0.196393157357,0.999999999994,0.515131726341,52,bridge,0.140
8,8-QAM,0.9,0.812830516164,1.19,0.196603859299,0.999999999968,0.51414290821,52,full_d,0.127
8,8-QAM,0.9,0.812830516164,1.195,0.197114450961,0.999999999989,0.511676010549,52,full_d,0.103
8,8-QAM,0.9,0.812830516164,1.2,0.197602099417,0.999999999983,0.509216666321,52,full_d,0.156
8,8-QAM,0.9,0.812830516164,1.205,0.198067021151,0.999999999995,0.506765125593,52,full_d,0.126
8,8-QAM,0.9,0.812830516164,1.21,0.198509469254,0.999999999984,0.504321638219,52,full_d,0.120
8,8-QAM,0.9,0.812830516164,1.212,0.198680219208,0.99999999999,0.503346553974,52,bridge,0.129
8,8-QAM,0.9,0.812830516164,1.215,0.198929731413,0.999999999987,0.501886452878,52,full_d,0.135
8,8-QAM,0.9,0.812830516164,1.22,0.199328127774,0.999999999983,0.499459816128,52,full_d,0.122
8,8-QAM,0.9,0.812830516164,1.225,0.199705008807,0.999999999982,0.497041971468,52,full_d,0.132
8,8-QAM,0.9,0.812830516164,1.23,0.200060753116,0.999999999995,0.494633158425,52,full_d,0.132
8,8-QAM,0.9,0.812830516164,1.235,0.20039576523,0.999999999983,0.49223361168,52,full_d,0.129
8,8-QAM,0.9,0.812830516164,1.236,0.200460317088,0.999999999995,0.491754834546,52,bridge,0.137
8,8-QAM,0.9,0.812830516164,1.24,0.200710473436,0.999999999999,0.489843560214,52,full_d,0.129
8,8-QAM,0.9,0.812830516164,1.245,0.201005327558,0.999999999992,0.487463226519,52,full_d,0.133
8,8-QAM,0.9,0.812830516164,1.25,0.201280796847,0.999999999998,0.485092825836,52,full_d,0.124
8,8-QAM,0.9,0.812830516164,1.255,0.201537367837,0.999999999998,0.48273256546,52,full_d,0.138
8,8-QAM,0.9,0.812830516164,1.26,0.201775542297,0.999999999985,0.480382644098,52,bridge,0.122
8,8-QAM,0.9,0.812830516164,1.265,0.201995835237,0.999999999989,0.47804325128,52,full_d,0.132
8,8-QAM,0.9,0.812830516164,1.27,0.202198772953,0.999999999999,0.47571456684,52,full_d,0.123
8,8-QAM,0.9,0.812830516164,1.275,0.20238489118,0.999999999996,0.473396760453,52,full_d,0.123
8,8-QAM,0.9,0.812830516164,1.28,0.202554733314,0.999999999999,0.47108999124,52,full_d,0.149
8,8-QAM,0.9,0.812830516164,1.284,0.202679257237,0.999999999998,0.469252622621,52,bridge,0.133
8,8-QAM,0.9,0.812830516164,1.285,0.202708848704,1,0.468794407434,52,full_d,0.143
8,8-QAM,0.9,0.812830516164,1.29,0.202996564398,0.999999999993,0.466510146105,54,full_d,0.130
8,8-QAM,0.9,0.812830516164,1.295,0.203268313159,0.999999999999,0.464237332956,54,full_d,0.140
8,8-QAM,0.9,0.812830516164,1.3,0.203520859166,0.999999999999,0.461976082169,54,full_d,0.128
8,8-QAM,0.9,0.812830516164,1.305,0.203754985756,0.999999999999,0.459726496316,54,full_d,0.126
8,8-QAM,0.9,0.812830516164,1.308,0.203886946738,0.999999999998,0.458382382279,54,bridge,0.134
8,8-QAM,0.9,0.812830516164,1.31,0.20397147739,0.999999999998,0.457488666316,54,full_d,0.135
8,8-QAM,0.9,0.812830516164,1.315,0.204171117702,0.999999999999,0.455262671457,54,full_d,0.131
8,8-QAM,0.9,0.812830516164,1.32,0.20435468766,0.999999999999,0.453048579456,54,full_d,0.124
8,8-QAM,0.9,0.812830516164,1.325,0.204522963865,0.999999999999,0.450846446574,54,full_d,0.144
8,8-QAM,0.9,0.812830516164,1.33,0.204897212345,0.999999999999,0.448656317765,56,full_d,0.119
8,8-QAM,0.9,0.812830516164,1.332,0.20504777914,0.999999999998,0.447783635331,56,bridge,0.130
8,8-QAM,0.9,0.812830516164,1.335,0.205289538138,0.999999999998,0.446478226873,58,full_d,0.120
8,8-QAM,0.9,0.812830516164,1.34,0.20570103493,0.999999999999,0.444312196861,58,full_d,0.136
8,8-QAM,0.9,0.812830516164,1.345,0.206105633351,0.999999999999,0.442158240076,58,full_d,0.128
8,8-QAM,0.9,0.812830516164,1.35,0.206503858869,0.999999999999,0.440016358541,58,full_d,0.126
8,8-QAM,0.9,0.812830516164,1.355,0.206896216096,1,0.437886544275,58,full_d,0.138
8,8-QAM,0.9,0.812830516164,1.356,0.206974026228,0.999999999999,0.437462028108,58,bridge,0.140
8,8-QAM,0.9,0.812830516164,1.36,0.207283187871,1,0.435768779639,58,full_d,0.130
8,8-QAM,0.9,0.812830516164,1.365,0.207665234467,1,0.433663037701,58,full_d,0.133
8,8-QAM,0.9,0.812830516164,1.37,0.208042792879,1,0.431569282626,58,full_d,0.125
8,8-QAM,0.9,0.812830516164,1.375,0.208416276233,1,0.429487470071,58,full_d,0.125
8,8-QAM,0.9,0.812830516164,1.38,0.208786073279,1,0.42741754761,58,bridge,0.131
8,8-QAM,0.9,0.812830516164,1.385,0.209152547986,1,0.425359455159,58,full_d,0.135
8,8-QAM,0.9,0.812830516164,1.39,0.209516039229,1,0.423313125418,58,full_d,0.143
8,8-QAM,0.9,0.812830516164,1.395,0.209876860569,1,0.421278484327,58,full_d,0.124
8,8-QAM,0.9,0.812830516164,1.4,0.210235300121,1,0.419255451517,58,full_d,0.127
8,8-QAM,0.9,0.812830516164,1.404,0.210520514214,1,0.417645325486,58,bridge,0.130
8,8-QAM,0.9,0.812830516164,1.405,0.210591620508,1,0.417243940784,58,full_d,0.133
8,8-QAM,0.9,0.812830516164,1.41,0.210946058903,1,0.415243860559,58,full_d,0.147
8,8-QAM,0.9,0.812830516164,1.415,0.211298827151,1,0.413255114386,58,full_d,0.134
8,8-QAM,0.9,0.812830516164,1.42,0.21165011198,1,0.411277601403,58,full_d,0.123
8,8-QAM,0.9,0.812830516164,1.425,0.212000075282,1,0.409311216828,58,full_d,0.139
8,8-QAM,0.9,0.812830516164,1.428,0.212209477101,1,0.40813668283,58,bridge,0.125
8,8-QAM,0.9,0.812830516164,1.43,0.212348854474,1,0.407355852447,58,full_d,0.134
8,8-QAM,0.9,0.812830516164,1.435,0.212696562944,1,0.405411397101,58,full_d,0.132
8,8-QAM,0.9,0.812830516164,1.44,0.213043290554,1,0.403477737176,58,full_d,0.134
8,8-QAM,0.9,0.812830516164,1.445,0.213389104224,1,0.401554757091,58,full_d,0.134
8,8-QAM,0.9,0.812830516164,1.45,0.213988159321,0.999999999999,0.399642339786,60,full_d,0.125
8,8-QAM,0.9,0.812830516164,1.452,0.214256075518,1,0.398880304019,60,bridge,0.130
8,8-QAM,0.9,0.812830516164,1.455,0.214657735959,1,0.397740367201,60,full_d,0.137
8,8-QAM,0.9,0.812830516164,1.46,0.215326428454,1,0.39584872076,60,full_d,0.133
8,8-QAM,0.9,0.812830516164,1.465,0.215993901693,1,0.393967281842,60,full_d,0.113
8,8-QAM,0.9,0.812830516164,1.47,0.21665980032,1,0.392095932246,60,full_d,0.141
8,8-QAM,0.9,0.812830516164,1.475,0.217323750429,1,0.390234554649,60,full_d,0.131
8,8-QAM,0.9,0.812830516164,1.476,0.217456272524,1,0.389863465532,60,bridge,0.126
8,8-QAM,0.9,0.812830516164,1.48,0.217985361335,1,0.388383033047,60,full_d,0.120
8,8-QAM,0.9,0.812830516164,1.485,0.218700099051,1,0.386541253192,62,full_d,0.131
8,8-QAM,0.9,0.812830516164,1.49,0.219540448361,1,0.384709103009,62,full_d,0.131
8,8-QAM,0.9,0.812830516164,1.495,0.220383005189,1,0.382886472991,64,full_d,0.134
8,8-QAM,0.9,0.812830516164,1.5,0.22139745026,1,0.381073256582,64,bridge,0.133
8,8-QAM,0.9,0.812830516164,1.505,0.222404809205,1,0.379269350536,64,full_d,0.121
8,8-QAM,0.9,0.812830516164,1.51,0.223404502126,1,0.377474655251,64,full_d,0.131
8,8-QAM,0.9,0.812830516164,1.515,0.224395954056,1,0.375689075077,64,full_d,0.129
8,8-QAM,0.9,0.812830516164,1.52,0.225378597196,1,0.373912518599,64,full_d,0.132
8,8-QAM,0.9,0.812830516164,1.524,0.226157994104,1,0.372497711903,64,bridge,0.130
8,8-QAM,0.9,0.812830516164,1.525,0.22635187366,1,0.372144898885,64,full_d,0.133
8,8-QAM,0.9,0.812830516164,1.53,0.227315236771,1,0.370386133704,64,full_d,0.143
8,8-QAM,0.9,0.812830516164,1.535,0.228268151701,1,0.368636145717,64,full_d,0.129
8,8-QAM,0.9,0.812830516164,1.54,0.229210096864,1,0.366894862624,64,full_d,0.143
8,8-QAM,0.9,0.812830516164,1.545,0.230140565307,1,0.365162217279,64,full_d,0.142
8,8-QAM,0.9,0.812830516164,1.548,0.230693132591,1,0.364126750217,64,bridge,0.151
8,8-QAM,0.9,0.812830516164,1.55,0.231059066039,1,0.363438147772,64,full_d,0.145
8,8-QAM,0.9,0.812830516164,1.555,0.231965125361,1,0.361722597469,64,full_d,0.185
8,8-QAM,0.9,0.812830516164,1.56,0.232858288243,1,0.360015515017,64,full_d,0.180
8,8-QAM,0.9,0.812830516164,1.565,0.233738119894,1,0.358316854315,64,full_d,0.173
8,8-QAM,0.9,0.812830516164,1.57,0.234604207789,1,0.356626574441,64,full_d,0.197
8,8-QAM,0.9,0.812830516164,1.572,0.234946707016,1,0.355952800927,64,bridge,0.108
8,8-QAM,0.9,0.812830516164,1.575,0.235456164927,1,0.354944639553,64,full_d,0.170
8,8-QAM,0.9,0.812830516164,1.58,0.236293635898,1,0.353271018751,64,full_d,0.142
8,8-QAM,0.9,0.812830516164,1.585,0.237116298651,1,0.351605685904,64,full_d,0.179
8,8-QAM,0.9,0.812830516164,1.59,0.237923862131,1,0.349948619452,64,full_d,0.124
8,8-QAM,0.9,0.812830516164,1.595,0.238716067694,1,0.348299802175,64,full_d,0.119
8,8-QAM,0.9,0.812830516164,1.596,0.238872645425,1,0.347971027396,64,bridge,0.134
8,8-QAM,0.9,0.812830516164,1.6,0.23949268941,1,0.346659220936,64,full_d,0.141
8,8-QAM,0.9,0.812830516164,1.605,0.240253532064,1,0.345026866405,64,full_d,0.142
8,8-QAM,0.9,0.812830516164,1.61,0.240998429809,1,0.343402732755,64,full_d,0.141
8,8-QAM,0.9,0.812830516164,1.615,0.241727244852,1,0.341786817345,64,full_d,0.123
8,8-QAM,0.9,0.812830516164,1.62,0.242439865978,1,0.340179120388,64,bridge,0.130
8,8-QAM,0.9,0.812830516164,1.625,0.243136206904,1,0.338579644602,64,full_d,0.150
8,8-QAM,0.9,0.812830516164,1.63,0.243816204498,1,0.336988394861,64,full_d,0.133
8,8-QAM,0.9,0.812830516164,1.635,0.244479816907,1,0.335405377832,64,full_d,0.123
8,8-QAM,0.9,0.812830516164,1.64,0.245127021596,1,0.333830601614,64,full_d,0.133
8,8-QAM,0.9,0.812830516164,1.645,0.245757813341,1,0.332264075373,64,full_d,0.150
8,8-QAM,0.9,0.812830516164,1.65,0.246372202186,1,0.33070580899,64,full_d,0.129
8,8-QAM,0.9,0.812830516164,1.655,0.246970211387,1,0.3291558127,64,full_d,0.132
8,8-QAM,0.9,0.812830516164,1.66,0.247551875357,1,0.327614096755,64,full_d,0.127
8,8-QAM,0.9,0.812830516164,1.665,0.248117237635,1,0.326080671086,64,full_d,0.146
8,8-QAM,0.9,0.812830516164,1.67,0.248666348883,1,0.324555544982,64,full_d,0.131
8,8-QAM,0.9,0.812830516164,1.675,0.249199264938,1,0.323038726791,64,full_d,0.137
8,8-QAM,0.9,0.812830516164,1.68,0.249716044917,1,0.321530223623,64,high_d,0.134
8,8-QAM,0.9,0.812830516164,1.683,0.250018392779,1,0.320629115336,64,high_d,0.152
8,8-QAM,0.9,0.812830516164,1.685,0.250216749392,1,0.320030041086,64,full_d,0.206
8,8-QAM,0.9,0.812830516164,1.686,0.250314966554,1,0.319731003428,64,high_d,0.130
8,8-QAM,0.9,0.812830516164,1.689,0.250605779164,1,0.318835888568,64,high_d,0.129
8,8-QAM,0.9,0.812830516164,1.69,0.250701438634,1,0.318538183037,64,full_d,0.198
8,8-QAM,0.9,0.812830516164,1.692,0.250890843229,1,0.317943771165,64,high_d,0.130
8,8-QAM,0.9,0.812830516164,1.695,0.25117017095,1,0.317054651349,64,high_d,0.127
8,8-QAM,0.9,0.812830516164,1.698,0.251443773991,1,0.316168528955,64,high_d,0.138
8,8-QAM,0.9,0.812830516164,1.7,0.251623001109,1,0.315579445707,64,full_d,0.186
8,8-QAM,0.9,0.812830516164,1.701,0.251711663364,1,0.315285403511,64,high_d,0.140
8,8-QAM,0.9,0.812830516164,1.704,0.251973849317,1,0.314405274224,64,high_d,0.134
8,8-QAM,0.9,0.812830516164,1.705,0.252059978858,1,0.314112563423,64,full_d,0.183
8,8-QAM,0.9,0.812830516164,1.707,0.252230341237,0.999999999999,0.313528139969,64,high_d,0.139
8,8-QAM,0.9,0.812830516164,1.71,0.252481147544,1,0.312653999279,64,high_d,0.128
8,8-QAM,0.9,0.812830516164,1.713,0.252726275601,1,0.311782850332,64,high_d,0.133
8,8-QAM,0.9,0.812830516164,1.715,0.252886542843,1,0.311203745386,64,full_d,0.134
8,8-QAM,0.9,0.812830516164,1.716,0.252965731625,1,0.310914690948,64,high_d,0.132
8,8-QAM,0.9,0.812830516164,1.719,0.253199520598,1,0.310049518579,64,high_d,0.133
8,8-QAM,0.9,0.812830516164,1.72,0.253276191586,1,0.309761791076,64,full_d,0.133
8,8-QAM,0.9,0.812830516164,1.722,0.253427646194,1,0.309187330302,64,high_d,0.137
8,8-QAM,0.9,0.812830516164,1.725,0.253650110697,1,0.308328122815,64,high_d,0.135
8,8-QAM,0.9,0.812830516164,1.728,0.253866914942,1,0.307471892434,64,high_d,0.135
8,8-QAM,0.9,0.812830516164,1.73,0.254008306241,1,0.306902724135,64,full_d,0.129
8,8-QAM,0.9,0.812830516164,1.731,0.25407805824,1,0.306618635091,64,high_d,0.118
8,8-QAM,0.9,0.812830516164,1.734,0.254283538328,1,0.30576834633,64,high_d,0.136
8,8-QAM,0.9,0.812830516164,1.735,0.254350772574,1,0.305485575601,64,full_d,0.139
8,8-QAM,0.9,0.812830516164,1.737,0.254483351311,1,0.304921021307,64,high_d,0.131
8,8-QAM,0.9,0.812830516164,1.74,0.254677491615,1,0.304076654792,64,high_d,0.127
8,8-QAM,0.9,0.812830516164,1.743,0.254865951943,1,0.303235241172,64,high_d,0.130
8,8-QAM,0.9,0.812830516164,1.745,0.254988432219,1,0.302675936309,64,full_d,0.134
8,8-QAM,0.9,0.812830516164,1.746,0.255048723235,1,0.302396774449,64,high_d,0.145
8,8-QAM,0.9,0.812830516164,1.749,0.255225794636,1,0.301561248248,64,high_d,0.136
8,8-QAM,0.9,0.812830516164,1.75,0.255283549656,1,0.301283391808,64,full_d,0.144
8,8-QAM,0.9,0.812830516164,1.752,0.255397153468,1,0.300728655821,64,high_d,0.145
8,8-QAM,0.9,0.812830516164,1.755,0.255562785204,1,0.299898990052,64,high_d,0.136
8,8-QAM,0.9,0.812830516164,1.758,0.25572267345,1,0.299072243463,64,high_d,0.126
8,8-QAM,0.9,0.812830516164,1.76,0.255826065839,1,0.298522696984,64,full_d,0.118
8,8-QAM,0.9,0.812830516164,1.761,0.255876799931,1,0.298248408223,64,high_d,0.138
8,8-QAM,0.9,0.812830516164,1.764,0.256025144481,1,0.297427476157,64,high_d,0.144
8,8-QAM,0.9,0.812830516164,1.765,0.256073304033,1,0.297154475823,64,full_d,0.133
8,8-QAM,0.9,0.812830516164,1.767,0.25616768504,1,0.296609438754,64,high_d,0.134
8,8-QAM,0.9,0.812830516164,1.77,0.256304397649,1,0.295794287178,64,high_d,0.132
8,8-QAM,0.9,0.812830516164,1.773,0.25643525646,1,0.294982012278,64,high_d,0.132
8,8-QAM,0.9,0.812830516164,1.775,0.256519229938,1,0.294442089175,64,full_d,0.132
8,8-QAM,0.9,0.812830516164,1.776,0.256560233739,1,0.294172604601,64,high_d,0.126
8,8-QAM,0.9,0.812830516164,1.779,0.256679299881,1,0.293366054406,64,high_d,0.140
8,8-QAM,0.9,0.812830516164,1.78,0.256717669625,1,0.293097837614,64,full_d,0.123
8,8-QAM,0.9,0.812830516164,1.782,0.256792423429,1,0.292562351674,64,high_d,0.126
8,8-QAM,0.9,0.812830516164,1.785,0.256899571091,1,0.291761486123,64,high_d,0.132
8,8-QAM,0.9,0.812830516164,1.788,0.257000707768,1,0.290963447224,64,high_d,0.135
8,8-QAM,0.9,0.812830516164,1.79,0.257064774643,1,0.290432986347,64,full_d,0.128
8,8-QAM,0.9,0.812830516164,1.791,0.257095796581,1,0.290168224212,64,high_d,0.119
8,8-QAM,0.9,0.812830516164,1.794,0.257184798905,1,0.289375806109,64,high_d,0.140
8,8-QAM,0.9,0.812830516164,1.795,0.257213106871,1,0.289112288126,64,full_d,0.148
8,8-QAM,0.9,0.812830516164,1.797,0.257267674406,1,0.28858618173,64,high_d,0.144
8,8-QAM,0.9,0.812830516164,1.8,0.25734438108,1,0.287799339708,64,high_d,0.127
8,8-QAM,0.9,0.812830516164,1.803,0.257414875293,1,0.287015268507,64,high_d,0.123
8,8-QAM,0.9,0.812830516164,1.805,0.257458397806,1,0.286494087952,64,full_d,0.128
8,8-QAM,0.9,0.812830516164,1.806,0.257479111836,1,0.286233956439,64,high_d,0.133
8,8-QAM,0.9,0.812830516164,1.809,0.257537043968,1,0.285455391682,64,high_d,0.139
8,8-QAM,0.9,0.812830516164,1.81,0.257554945406,1,0.28519647855,64,full_d,0.153
8,8-QAM,0.9,0.812830516164,1.812,0.257588623472,1,0.284679562297,64,high_d,0.136
8,8-QAM,0.9,0.812830516164,1.815,0.257633800709,1,0.283906456247,64,high_d,0.148
8,8-QAM,0.9,0.812830516164,1.818,0.25767252468,1,0.283136061412,64,high_d,0.126
8,8-QAM,0.9,0.812830516164,1.82,0.257694729738,1,0.282623965073,64,full_d,0.138
8,8-QAM,0.9,0.812830516164,1.821,0.257704743087,1,0.282368365612,64,high_d,0.129
8,8-QAM,0.9,0.812830516164,1.824,0.257730402394,1,0.281603356618,64,high_d,0.140
8,8-QAM,0.9,0.812830516164,1.825,0.257737488495,1,0.281348948571,64,full_d,0.134
8,8-QAM,0.9,0.812830516164,1.827,0.257749447896,1,0.280841022178,64,high_d,0.127
8,8-QAM,0.9,0.812830516164,1.83,0.257761823791,1,0.280081350025,64,high_d,0.134
8,8-QAM,0.9,0.812830516164,1.833,0.257767473243,1,0.279324327905,64,high_d,0.122
8,8-QAM,0.9,0.812830516164,1.835,0.257767474131,1,0.27882111269,64,full_d,0.137
8,8-QAM,0.9,0.812830516164,1.836,0.257766338463,1,0.278569943586,64,high_d,0.134
8,8-QAM,0.9,0.812830516164,1.839,0.25775836078,1,0.277818184881,64,high_d,0.122
8,8-QAM,0.9,0.812830516164,1.84,0.257754170649,1,0.277568180017,64,full_d,0.139
8,8-QAM,0.9,0.812830516164,1.842,0.257743480717,1,0.27706903966,64,high_d,0.138
8,8-QAM,0.9,0.812830516164,1.845,0.257721638072,1,0.276322495871,64,high_d,0.146
8,8-QAM,0.9,0.812830516164,1.848,0.257692771993,1,0.275578541552,64,high_d,0.134
8,8-QAM,0.9,0.812830516164,1.85,0.257669595724,1,0.275084004744,64,full_d,0.148
8,8-QAM,0.9,0.812830516164,1.851,0.257656821063,1,0.274837164852,64,high_d,0.153
8,8-QAM,0.9,0.812830516164,1.854,0.257613723379,1,0.27409835404,64,high_d,0.119
8,8-QAM,0.9,0.812830516164,1.855,0.257597758557,1,0.273852651959,64,full_d,0.136
8,8-QAM,0.9,0.812830516164,1.857,0.257563416633,1,0.273362097524,64,high_d,0.128
8,8-QAM,0.9,0.812830516164,1.86,0.257505838201,1,0.272628383864,64,high_d,0.141
8,8-QAM,0.9,0.812830516164,1.863,0.257440925218,1,0.271897201784,64,high_d,0.124
8,8-QAM,0.9,0.812830516164,1.865,0.257393544032,1,0.27141114801,64,full_d,0.148
8,8-QAM,0.9,0.812830516164,1.866,0.257368614671,1,0.271168540188,64,high_d,0.143
8,8-QAM,0.9,0.812830516164,1.869,0.257288843475,1,0.270442388171,64,high_d,0.130
8,8-QAM,0.9,0.812830516164,1.87,0.257260584252,1,0.270200893327,64,full_d,0.150
8,8-QAM,0.9,0.812830516164,1.872,0.257201548563,1,0.269718735028,64,high_d,0.138
8,8-QAM,0.9,0.812830516164,1.875,0.257106666966,1,0.268997570269,64,high_d,0.142
8,8-QAM,0.9,0.812830516164,1.878,0.257004135898,1,0.268278883625,64,high_d,0.137
8,8-QAM,0.9,0.812830516164,1.88,0.256931501259,1,0.267801130961,64,full_d,0.140
8,8-QAM,0.9,0.812830516164,1.881,0.256893892839,1,0.267562665061,64,high_d,0.128
8,8-QAM,0.9,0.812830516164,1.884,0.256775875615,1,0.266848904783,64,high_d,0.125
8,8-QAM,0.9,0.812830516164,1.885,0.256734798262,1,0.266611529319,64,full_d,0.153
8,8-QAM,0.9,0.812830516164,1.887,0.25665002248,1,0.266137593245,64,high_d,0.141
8,8-QAM,0.9,0.812830516164,1.89,0.256516272194,1,0.265428721156,64,high_d,0.157
8,8-QAM,0.9,0.812830516164,1.893,0.2563745641,1,0.264722279488,64,high_d,0.132
8,8-QAM,0.9,0.812830516164,1.895,0.256275641375,1,0.264252664272,64,full_d,0.134
8,8-QAM,0.9,0.812830516164,1.896,0.2562248382,1,0.264018259479,64,high_d,0.132
8,8-QAM,0.9,0.812830516164,1.899,0.256067035228,1,0.263316652638,64,high_d,0.144
8,8-QAM,0.9,0.812830516164,1.9,0.256012629203,1,0.263083318523,64,full_d,0.148
8,8-QAM,0.9,0.812830516164,1.902,0.255901096717,1,0.262617450751,64,high_d,0.128
8,8-QAM,0.9,0.812830516164,1.905,0.255726965065,1,0.261920645879,64,high_d,0.134
8,8-QAM,0.9,0.812830516164,1.908,0.255544583596,1,0.261226230363,64,high_d,0.134
8,8-QAM,0.9,0.812830516164,1.91,0.255418385175,1,0.260764610452,64,full_d,0.145
8,8-QAM,0.9,0.812830516164,1.911,0.255353896619,1,0.260534196828,64,high_d,0.145
8,8-QAM,0.9,0.812830516164,1.914,0.255154849468,1,0.259844538175,64,high_d,0.132
8,8-QAM,0.9,0.812830516164,1.915,0.255086633307,1,0.259615178523,64,full_d,0.154
8,8-QAM,0.9,0.812830516164,1.917,0.254947388552,1,0.25915724759,64,high_d,0.123
8,8-QAM,0.9,0.812830516164,1.92,0.254731461378,1,0.258472318536,64,high_d,0.138
8,8-QAM,0.9,0.812830516164,1.923,0.254507016569,1,0.257789744753,64,high_d,0.156
8,8-QAM,0.9,0.812830516164,1.925,0.254352629811,1,0.257336001083,64,full_d,0.148
8,8-QAM,0.9,0.812830516164,1.926,0.254274003863,1,0.257109520259,64,high_d,0.170
8,8-QAM,0.9,0.812830516164,1.929,0.254032374089,1,0.256431639338,64,high_d,0.164
8,8-QAM,0.9,0.812830516164,1.93,0.253949907579,1,0.256206198876,64,full_d,0.133
8,8-QAM,0.9,0.812830516164,1.932,0.253782079113,1,0.255756096545,64,high_d,0.168
8,8-QAM,0.9,0.812830516164,1.935,0.253523071742,1,0.255082886696,64,high_d,0.138
8,8-QAM,0.9,0.812830516164,1.938,0.253255305573,1,0.254412004864,64,high_d,0.149
8,8-QAM,0.9,0.812830516164,1.94,0.253071906138,1,0.253966041333,64,full_d,0.134
8,8-QAM,0.9,0.812830516164,1.941,0.252978734753,1,0.253743446373,64,high_d,0.139
8,8-QAM,0.9,0.812830516164,1.944,0.252693313628,1,0.253077206793,64,high_d,0.135
8,8-QAM,0.9,0.812830516164,1.945,0.252596198593,1,0.252855641514,64,full_d,0.141
8,8-QAM,0.9,0.812830516164,1.947,0.252398996202,1,0.252413281928,64,high_d,0.143
8,8-QAM,0.9,0.812830516164,1.95,0.252095735301,1,0.251751667815,64,high_d,0.138
8,8-QAM,0.9,0.812830516164,1.953,0.251783481259,1,0.251092360713,64,high_d,0.128
8,8-QAM,0.9,0.812830516164,1.955,0.251570289154,1,0.250654102566,64,full_d,0.143
8,8-QAM,0.9,0.812830516164,1.956,0.251462179709,1,0.250435357092,64,high_d,0.127
8,8-QAM,0.9,0.812830516164,1.959,0.251131767645,1,0.24978065363,64,high_d,0.133
8,8-QAM,0.9,0.812830516164,1.96,0.251019592712,1,0.249562929743,64,full_d,0.130
8,8-QAM,0.9,0.812830516164,1.962,0.250792165406,1,0.2491282472,64,high_d,0.144
8,8-QAM,0.9,0.812830516164,1.965,0.250443254612,1,0.248478134861,64,high_d,0.132
8,8-QAM,0.9,0.812830516164,1.968,0.250084803827,1,0.247830313849,64,high_d,0.136
8,8-QAM,0.9,0.812830516164,1.97,0.249840593124,1,0.247399704846,64,full_d,0.140
8,8-QAM,0.9,0.812830516164,1.971,0.2497169513,1,0.247184781569,64,high_d,0.126
8,8-QAM,0.9,0.812830516164,1.974,0.249339974094,1,0.246541535581,64,high_d,0.138
8,8-QAM,0.9,0.812830516164,1.975,0.249212320454,1,0.246327627917,64,full_d,0.130
8,8-QAM,0.9,0.812830516164,1.977,0.248954058666,1,0.245900573596,64,high_d,0.146
8,8-QAM,0.9,0.812830516164,1.98,0.248559366433,1,0.245261893458,64,high_d,0.193
8,8-QAM,0.9,0.812830516164,1.985,0.247882446724,1,0.244202491884,64,full_d,0.147
8,8-QAM,0.9,0.812830516164,1.99,0.247182225852,1,0.243149414513,64,full_d,0.136
8,8-QAM,0.9,0.812830516164,1.995,0.246459352766,1,0.242102653437,64,full_d,0.140
8,8-QAM,0.9,0.812830516164,2,0.245714473764,1,0.24106220139,64,full_d,0.134
8,8-QAM,0.9,0.812830516164,2.005,0.244948237331,1,0.240028051627,64,full_d,0.136
8,8-QAM,0.9,0.812830516164,2.01,0.244161295467,1,0.2390001978,64,full_d,0.120
8,8-QAM,0.9,0.812830516164,2.015,0.243354303354,1,0.237978633844,64,full_d,0.137
8,8-QAM,0.9,0.812830516164,2.02,0.242527918179,1,0.236963353866,64,full_d,0.139
8,8-QAM,0.9,0.812830516164,2.025,0.241682797555,1,0.235954352039,64,full_d,0.150
8,8-QAM,0.9,0.812830516164,2.03,0.240819597775,1,0.234951622511,64,full_d,0.141
8,8-QAM,0.9,0.812830516164,2.035,0.239938972019,1,0.233955159314,64,full_d,0.150
8,8-QAM,0.9,0.812830516164,2.04,0.239041568607,1,0.232964956284,64,full_d,0.139
8,8-QAM,0.9,0.812830516164,2.045,0.23812802932,1,0.231981006991,64,full_d,0.127
8,8-QAM,0.9,0.812830516164,2.05,0.237198987831,1,0.231003304678,64,full_d,0.145
8,8-QAM,0.9,0.812830516164,2.055,0.236255068253,1,0.230031842207,64,full_d,0.137
8,8-QAM,0.9,0.812830516164,2.06,0.235296883812,1,0.229066612017,64,full_d,0.134
8,8-QAM,0.9,0.812830516164,2.065,0.23432503564,1,0.228107606085,64,full_d,0.132
8,8-QAM,0.9,0.812830516164,2.07,0.233340111698,1,0.227154815906,64,full_d,0.133
8,8-QAM,0.9,0.812830516164,2.075,0.232342685809,1,0.226208232473,64,full_d,0.126
8,8-QAM,0.9,0.812830516164,2.08,0.231333316818,1,0.225267846267,64,full_d,0.148
8,8-QAM,0.9,0.812830516164,2.085,0.230312547856,1,0.224333647256,64,full_d,0.131
8,8-QAM,0.9,0.812830516164,2.09,0.229280905707,1,0.223405624904,64,full_d,0.138
8,8-QAM,0.9,0.812830516164,2.095,0.228238900284,1,0.222483768179,64,full_d,0.148
8,8-QAM,0.9,0.812830516164,2.1,0.227187024191,1,0.221568065578,64,full_d,0.174
8,8-QAM,0.95,0.803526122186,0.4,0.177424774398,0.9999982573,0.911643511471,54,full_d,0.079
8,8-QAM,0.95,0.803526122186,0.405,0.178943458085,0.999991073226,0.909571276435,54,full_d,0.085
8,8-QAM,0.95,0.803526122186,0.41,0.180397112184,0.999995178926,0.90748054021,54,full_d,0.089
8,8-QAM,0.95,0.803526122186,0.415,0.181782931254,0.999996356202,0.905371545428,54,full_d,0.099
8,8-QAM,0.95,0.803526122186,0.42,0.18315431186,0.999998415764,0.90324453608,56,full_d,0.098
8,8-QAM,0.95,0.803526122186,0.425,0.184546517766,0.999995397467,0.901099757492,56,full_d,0.103
8,8-QAM,0.95,0.803526122186,0.43,0.185871206754,0.999990463835,0.89893745629,56,full_d,0.094
8,8-QAM,0.95,0.803526122186,0.435,0.18713113225,0.999998795253,0.896757880353,56,full_d,0.100
8,8-QAM,0.95,0.803526122186,0.44,0.188322330786,0.999999079461,0.894561278795,56,full_d,0.103
8,8-QAM,0.95,0.803526122186,0.445,0.189446414923,0.999999537102,0.892347901918,56,full_d,0.112
8,8-QAM,0.95,0.803526122186,0.45,0.190503445989,0.999999621077,0.890118001178,56,full_d,0.097
8,8-QAM,0.95,0.803526122186,0.455,0.191493605769,0.999999007644,0.887871829146,56,full_d,0.107
8,8-QAM,0.95,0.803526122186,0.46,0.192417557532,0.999999472394,0.885609639472,56,low_d,0.062
8,8-QAM,0.95,0.803526122186,0.462,0.192767882307,0.999995781771,0.884700335784,56,low_d,0.076
8,8-QAM,0.95,0.803526122186,0.464,0.193108625873,0.999997600564,0.883788526497,56,low_d,0.092
8,8-QAM,0.95,0.803526122186,0.465,0.193273821848,0.999991847472,0.883331687206,56,full_d,0.108
8,8-QAM,0.95,0.803526122186,0.466,0.19343748181,0.999991717062,0.882874227621,56,low_d,0.091
8,8-QAM,0.95,0.803526122186,0.468,0.193757588906,0.999994737677,0.881957455773,56,low_d,0.101
8,8-QAM,0.95,0.803526122186,0.47,0.194067359323,0.999998258089,0.881038227371,56,low_d,0.103
8,8-QAM,0.95,0.803526122186,0.472,0.194365662054,0.999996269453,0.880116558857,56,low_d,0.087
8,8-QAM,0.95,0.803526122186,0.474,0.194653236562,0.999992398359,0.879192466697,56,low_d,0.096
8,8-QAM,0.95,0.803526122186,0.475,0.194794751498,0.999998682981,0.878729516901,56,full_d,0.111
8,8-QAM,0.95,0.803526122186,0.476,0.19493183182,0.999995418545,0.878265967378,56,low_d,0.116
8,8-QAM,0.95,0.803526122186,0.478,0.195199896876,0.999997140438,0.87733707741,56,low_d,0.110
8,8-QAM,0.95,0.803526122186,0.48,0.195457243903,0.999996384946,0.876405813324,56,low_d,0.085
8,8-QAM,0.95,0.803526122186,0.482,0.195704717793,0.999997246513,0.875472191673,56,low_d,0.102
8,8-QAM,0.95,0.803526122186,0.484,0.195941810205,0.999996883891,0.874536229028,56,low_d,0.084
8,8-QAM,0.95,0.803526122186,0.485,0.196056840001,0.999998088488,0.874067375018,56,full_d,0.099
8,8-QAM,0.95,0.803526122186,0.486,0.196169397876,0.999999521744,0.873597941982,56,low_d,0.094
8,8-QAM,0.95,0.803526122186,0.488,0.196386206697,0.999998404993,0.872657347146,56,low_d,0.106
8,8-QAM,0.95,0.803526122186,0.49,0.196593203729,0.999998199729,0.871714461148,56,low_d,0.091
8,8-QAM,0.95,0.803526122186,0.492,0.196790540227,0.999999398593,0.870769300637,56,low_d,0.088
8,8-QAM,0.95,0.803526122186,0.494,0.196977326529,0.999997171002,0.869821882301,56,low_d,0.116
8,8-QAM,0.95,0.803526122186,0.495,0.197066792668,0.999994858762,0.86934733164,56,full_d,0.098
8,8-QAM,0.95,0.803526122186,0.496,0.197152726706,0.999987054529,0.868872222773,56,low_d,0.103
8,8-QAM,0.95,0.803526122186,0.498,0.197321689618,0.999993825991,0.867920338772,56,low_d,0.090
8,8-QAM,0.95,0.803526122186,0.5,0.197478887868,0.999990163763,0.866966247009,56,low_d,0.098
8,8-QAM,0.95,0.803526122186,0.502,0.197628658597,0.999997728202,0.866009964207,56,low_d,0.094
8,8-QAM,0.95,0.803526122186,0.504,0.197766421726,0.999993019577,0.865051507107,56,low_d,0.102
8,8-QAM,0.95,0.803526122186,0.505,0.197832799586,0.999996075179,0.864571468429,56,full_d,0.109
8,8-QAM,0.95,0.803526122186,0.506,0.197896520191,0.999997684945,0.864090892459,56,low_d,0.089
8,8-QAM,0.95,0.803526122186,0.508,0.198016084926,0.999996887642,0.863128137025,56,low_d,0.090
8,8-QAM,0.95,0.803526122186,0.51,0.198126163313,0.999995587476,0.862163257577,56,low_d,0.098
8,8-QAM,0.95,0.803526122186,0.512,0.198227690093,0.999998158053,0.861196270898,56,low_d,0.099
8,8-QAM,0.95,0.803526122186,0.514,0.198318933608,0.999995513644,0.86022719378,56,low_d,0.119
8,8-QAM,0.95,0.803526122186,0.515,0.198362103159,0.999999205541,0.859741876556,56,full_d,0.101
8,8-QAM,0.95,0.803526122186,0.516,0.198402086008,0.999998355743,0.859256043023,56,low_d,0.109
8,8-QAM,0.95,0.803526122186,0.518,0.198475751682,0.999999286255,0.858282835432,56,low_d,0.099
8,8-QAM,0.95,0.803526122186,0.52,0.198540234667,0.999999473322,0.85730758782,56,low_d,0.096
8,8-QAM,0.95,0.803526122186,0.522,0.19859554507,0.999998597829,0.856330317004,56,low_d,0.085
8,8-QAM,0.95,0.803526122186,0.524,0.198641706478,0.999996401874,0.855351039802,56,low_d,0.100
8,8-QAM,0.95,0.803526122186,0.525,0.198662265065,0.999999265852,0.854860654065,56,full_d,0.093
8,8-QAM,0.95,0.803526122186,0.526,0.198680128007,0.999999600812,0.854369773042,56,low_d,0.100
8,8-QAM,0.95,0.803526122186,0.528,0.198708749415,0.999997436897,0.853386533549,56,low_d,0.102
8,8-QAM,0.95,0.803526122186,0.53,0.19872944166,0.999998936772,0.852401338146,56,low_d,0.099
8,8-QAM,0.95,0.803526122186,0.532,0.1987410276,0.999997782174,0.85141420366,56,low_d,0.097
8,8-QAM,0.95,0.803526122186,0.534,0.198744686657,0.999999509264,0.850425146912,56,low_d,0.098
8,8-QAM,0.95,0.803526122186,0.535,0.198743146146,0.999999327931,0.849929902946,56,full_d,0.084
8,8-QAM,0.95,0.803526122186,0.536,0.198738808021,0.999995610444,0.849434184722,56,low_d,0.096
8,8-QAM,0.95,0.803526122186,0.538,0.198725776572,0.999997679371,0.848441333906,56,low_d,0.089
8,8-QAM,0.95,0.803526122186,0.54,0.198704374357,0.999999178228,0.847446611272,56,low_d,0.156
8,8-QAM,0.95,0.803526122186,0.542,0.198674508553,0.999999226179,0.846450033623,56,low_d,0.140
8,8-QAM,0.95,0.803526122186,0.544,0.198636553602,0.999999291185,0.845451617752,56,low_d,0.125
8,8-QAM,0.95,0.803526122186,0.545,0.198614366962,0.999998314249,0.844951725729,56,full_d,0.139
8,8-QAM,0.95,0.803526122186,0.546,0.198590529785,0.999999055676,0.844451380443,56,low_d,0.124
8,8-QAM,0.95,0.803526122186,0.548,0.198536511574,0.999998471986,0.84344933847,56,low_d,0.133
8,8-QAM,0.95,0.803526122186,0.55,0.198474776923,0.999998514902,0.842445508592,56,low_d,0.116
8,8-QAM,0.95,0.803526122186,0.552,0.198405334023,0.999998798468,0.841439907555,56,low_d,0.133
8,8-QAM,0.95,0.803526122186,0.554,0.198328234257,0.999999151831,0.840432552088,56,low_d,0.141
8,8-QAM,0.95,0.803526122186,0.555,0.198286844178,0.999999376689,0.839928221668,56,full_d,0.137
8,8-QAM,0.95,0.803526122186,0.556,0.198243575116,0.999999634483,0.839423458907,56,low_d,0.115
8,8-QAM,0.95,0.803526122186,0.558,0.198151279613,0.999999423664,0.838412644704,56,low_d,0.128
8,8-QAM,0.95,0.803526122186,0.56,0.198051580892,0.999999259221,0.837400126156,56,low_d,0.133
8,8-QAM,0.95,0.803526122186,0.562,0.197944604249,0.999999336154,0.836385919914,56,low_d,0.137
8,8-QAM,0.95,0.803526122186,0.564,0.197830136654,0.999998138405,0.835370042608,56,low_d,0.132
8,8-QAM,0.95,0.803526122186,0.565,0.197770569702,0.999999329654,0.834861482496,56,full_d,0.143
8,8-QAM,0.95,0.803526122186,0.566,0.197709015936,0.999999460295,0.834352510843,56,low_d,0.146
8,8-QAM,0.95,0.803526122186,0.568,0.197580452128,0.999998866131,0.833333341199,56,low_d,0.127
8,8-QAM,0.95,0.803526122186,0.57,0.197445182021,0.999999640318,0.832312550224,56,low_d,0.127
8,8-QAM,0.95,0.803526122186,0.572,0.197302810765,0.999999340137,0.83129015444,56,low_d,0.133
8,8-QAM,0.95,0.803526122186,0.574,0.197153402828,0.999998074804,0.830266170762,56,low_d,0.125
8,8-QAM,0.95,0.803526122186,0.575,0.19707570453,0.999994939263,0.829753588245,56,full_d,0.126
8,8-QAM,0.95,0.803526122186,0.576,0.196997582226,0.999998112731,0.829240614817,56,low_d,0.129
8,8-QAM,0.95,0.803526122186,0.578,0.196834558722,0.99999521731,0.828213503433,56,low_d,0.141
8,8-QAM,0.95,0.803526122186,0.58,0.196666163809,0.999998246716,0.827184852994,56,low_d,0.146
8,8-QAM,0.95,0.803526122186,0.582,0.196490293638,0.999996062112,0.826154679848,56,low_d,0.137
8,8-QAM,0.95,0.803526122186,0.584,0.196307918408,0.999993144073,0.825123000305,56,low_d,0.145
8,8-QAM,0.95,0.803526122186,0.585,0.196215932604,0.999999633779,0.824606600719,56,full_d,0.128
8,8-QAM,0.95,0.803526122186,0.586,0.196121066109,0.999999383209,0.824089830632,56,low_d,0.139
8,8-QAM,0.95,0.803526122186,0.588,0.195926668041,0.999998696339,0.823055187053,56,low_d,0.138
8,8-QAM,0.95,0.803526122186,0.59,0.195726245901,0.999998390005,0.822019085749,56,low_d,0.138
8,8-QAM,0.95,0.803526122186,0.592,0.195519928969,0.999998679223,0.820981542853,56,low_d,0.127
8,8-QAM,0.95,0.803526122186,0.594,0.195307574848,0.999998389881,0.819942574455,56,low_d,0.133
8,8-QAM,0.95,0.803526122186,0.595,0.19519938718,0.999999185978,0.819422560705,56,full_d,0.128
8,8-QAM,0.95,0.803526122186,0.596,0.195088664682,0.999994413895,0.81890219659,56,low_d,0.139
8,8-QAM,0.95,0.803526122186,0.598,0.194865708286,0.999999172197,0.817860425246,56,low_d,0.128
8,8-QAM,0.95,0.803526122186,0.6,0.19463595759,0.999998130753,0.816817276359,56,low_d,0.134
8,8-QAM,0.95,0.803526122186,0.602,0.194400816853,0.999998047586,0.81577276581,56,low_d,0.131
8,8-QAM,0.95,0.803526122186,0.604,0.194160105539,0.99999755212,0.814726909424,56,low_d,0.128
8,8-QAM,0.95,0.803526122186,0.605,0.194037876793,0.999998123335,0.814203481473,56,full_d,0.126
8,8-QAM,0.95,0.803526122186,0.606,0.193914417036,0.999999259476,0.813679722972,56,low_d,0.133
8,8-QAM,0.95,0.803526122186,0.608,0.193663078147,0.999999259516,0.812631222167,56,low_d,0.129
8,8-QAM,0.95,0.803526122186,0.61,0.193406599438,0.999999743772,0.81158142266,56,low_d,0.129
8,8-QAM,0.95,0.803526122186,0.612,0.193144792648,0.999999298848,0.810530340044,56,low_d,0.139
8,8-QAM,0.95,0.803526122186,0.614,0.192878048301,0.999999506041,0.80947798985,56,low_d,0.125
8,8-QAM,0.95,0.803526122186,0.615,0.192742826009,0.999999725611,0.808951344247,56,full_d,0.125
8,8-QAM,0.95,0.803526122186,0.616,0.192606299637,0.999999582895,0.808424387545,56,low_d,0.143
8,8-QAM,0.95,0.803526122186,0.618,0.192329640797,0.99999958093,0.807369548534,56,low_d,0.138
8,8-QAM,0.95,0.803526122186,0.62,0.192048144496,0.999999442151,0.806313488153,56,low_d,0.131
8,8-QAM,0.95,0.803526122186,0.625,0.191323952043,0.999999358569,0.803668093775,56,full_d,0.140
8,8-QAM,0.95,0.803526122186,0.63,0.190571588458,0.999999721627,0.801015397892,56,full_d,0.150
8,8-QAM,0.95,0.803526122186,0.635,0.189792146366,0.999999559996,0.798355634588,56,full_d,0.151
8,8-QAM,0.95,0.803526122186,0.64,0.188987067892,0.99999981954,0.79568903519,56,full_d,0.139
8,8-QAM,0.95,0.803526122186,0.645,0.188157482152,0.999999534037,0.79301582825,56,full_d,0.120
8,8-QAM,0.95,0.803526122186,0.65,0.187304262376,0.999997456634,0.790336239449,56,full_d,0.142
8,8-QAM,0.95,0.803526122186,0.655,0.186429805047,0.999999609256,0.787650491723,56,full_d,0.117
8,8-QAM,0.95,0.803526122186,0.66,0.185534070964,0.999999410561,0.784958805213,56,bridge,0.123
8,8-QAM,0.95,0.803526122186,0.665,0.184618718342,0.999999445901,0.782261397346,56,full_d,0.150
8,8-QAM,0.95,0.803526122186,0.67,0.183684279557,0.99999632614,0.779558482917,56,full_d,0.138
8,8-QAM,0.95,0.803526122186,0.675,0.182733380837,0.99999815713,0.776850274195,56,full_d,0.153
8,8-QAM,0.95,0.803526122186,0.68,0.181766058405,0.999999077087,0.774136981056,56,full_d,0.127
8,8-QAM,0.95,0.803526122186,0.684,0.180980690928,0.999996820342,0.771962825367,56,bridge,0.121
8,8-QAM,0.95,0.803526122186,0.685,0.180783524331,0.99999971791,0.771418811137,56,full_d,0.129
8,8-QAM,0.95,0.803526122186,0.69,0.179786704701,0.999999252755,0.768695970013,56,full_d,0.118
8,8-QAM,0.95,0.803526122186,0.695,0.178777013378,0.999999686874,0.765968661389,56,full_d,0.135
8,8-QAM,0.95,0.803526122186,0.7,0.177755210935,0.999999522592,0.763237087309,56,full_d,0.123
8,8-QAM,0.95,0.803526122186,0.705,0.176722354376,0.999999035597,0.760501448374,56,full_d,0.127
8,8-QAM,0.95,0.803526122186,0.708,0.176097968969,0.999999861796,0.758858196872,56,bridge,0.133
8,8-QAM,0.95,0.803526122186,0.71,0.175679689688,0.999999717971,0.757761943972,56,full_d,0.149
8,8-QAM,0.95,0.803526122186,0.715,0.174627854142,0.999999749337,0.755018772501,56,full_d,0.130
8,8-QAM,0.95,0.803526122186,0.72,0.173567809656,0.999999275612,0.752272131603,56,full_d,0.133
8,8-QAM,0.95,0.803526122186,0.725,0.172500742762,0.999999889734,0.749522218374,56,full_d,0.123
8,8-QAM,0.95,0.803526122186,0.73,0.171427203679,0.999999654428,0.746769229576,56,full_d,0.130
8,8-QAM,0.95,0.803526122186,0.732,0.170996226712,0.99999965247,0.74566721694,56,bridge,0.139
8,8-QAM,0.95,0.803526122186,0.735,0.170348256952,0.999999743826,0.744013361823,56,full_d,0.123
8,8-QAM,0.95,0.803526122186,0.74,0.169264700828,0.999999927318,0.741254811745,56,full_d,0.137
8,8-QAM,0.95,0.803526122186,0.745,0.168177313021,0.999999981154,0.738493776123,56,full_d,0.126
8,8-QAM,0.95,0.803526122186,0.75,0.167086880651,0.999999861559,0.735730451997,56,full_d,0.133
8,8-QAM,0.95,0.803526122186,0.755,0.165994242353,0.999999956737,0.732965036729,56,full_d,0.133
8,8-QAM,0.95,0.803526122186,0.756,0.165775511275,0.999999969116,0.732411720131,56,bridge,0.139
8,8-QAM,0.95,0.803526122186,0.76,0.164900031728,0.999999902211,0.730197732719,56,full_d,0.136
8,8-QAM,0.95,0.803526122186,0.765,0.163804734823,0.999997452917,0.727428729238,56,full_d,0.123
8,8-QAM,0.95,0.803526122186,0.77,0.16271018485,0.999999733359,0.724658228795,56,full_d,0.141
8,8-QAM,0.95,0.803526122186,0.775,0.161615862114,0.999999241432,0.721886429922,56,full_d,0.124
8,8-QAM,0.95,0.803526122186,0.78,0.160648764761,0.999999242233,0.719113531191,54,bridge,0.123
8,8-QAM,0.95,0.803526122186,0.785,0.159767531205,0.999999959638,0.716339731026,54,full_d,0.137
8,8-QAM,0.95,0.803526122186,0.79,0.158889731472,0.999999995028,0.713565227477,54,full_d,0.121
8,8-QAM,0.95,0.803526122186,0.795,0.158016074338,0.999999870493,0.710790217953,54,full_d,0.137
8,8-QAM,0.95,0.803526122186,0.8,0.157147103598,0.999999113969,0.708014898922,54,full_d,0.141
8,8-QAM,0.95,0.803526122186,0.804,0.156455936591,0.999999477444,0.705794552074,54,bridge,0.122
8,8-QAM,0.95,0.803526122186,0.805,0.156283733023,0.999999644755,0.705239465578,54,full_d,0.137
8,8-QAM,0.95,0.803526122186,0.81,0.15542633761,0.999999984188,0.702464111489,54,full_d,0.123
8,8-QAM,0.95,0.803526122186,0.815,0.154575482365,0.999999868676,0.699689028218,54,full_d,0.142
8,8-QAM,0.95,0.803526122186,0.82,0.153731876442,0.999999979427,0.69691440493,54,full_d,0.120
8,8-QAM,0.95,0.803526122186,0.825,0.153102236145,0.99999992155,0.694140427996,52,full_d,0.123
8,8-QAM,0.95,0.803526122186,0.828,0.152740161569,0.999999989453,0.692476428428,52,bridge,0.134
8,8-QAM,0.95,0.803526122186,0.83,0.15250040142,0.999999871986,0.691367280582,52,full_d,0.137
8,8-QAM,0.95,0.803526122186,0.835,0.151907062449,0.999999985041,0.688595142255,52,full_d,0.118
8,8-QAM,0.95,0.803526122186,0.84,0.151322673358,0.99999997344,0.685824188581,52,full_d,0.142
8,8-QAM,0.95,0.803526122186,0.845,0.15074773405,0.999999848554,0.683054590746,52,full_d,0.128
8,8-QAM,0.95,0.803526122186,0.85,0.150182798287,0.999999983226,0.680286515189,52,full_d,0.119
8,8-QAM,0.95,0.803526122186,0.852,0.149959718821,0.999999994262,0.679179747525,52,bridge,0.125
8,8-QAM,0.95,0.803526122186,0.855,0.149628304779,0.999999994348,0.677520123261,52,full_d,0.127
8,8-QAM,0.95,0.803526122186,0.86,0.149084761991,0.999999974686,0.674755570898,52,full_d,0.114
8,8-QAM,0.95,0.803526122186,0.865,0.14855267001,0.999999983479,0.671993008337,52,full_d,0.139
8,8-QAM,0.95,0.803526122186,0.87,0.148032505708,0.999999954507,0.669232579848,52,full_d,0.136
8,8-QAM,0.95,0.803526122186,0.875,0.147524761199,0.999999964819,0.666474423509,52,full_d,0.124
8,8-QAM,0.95,0.803526122186,0.876,0.147424745167,0.999999976485,0.665923076601,52,bridge,0.152
8,8-QAM,0.95,0.803526122186,0.88,0.147029906452,0.999999994259,0.663718671004,52,full_d,0.131
8,8-QAM,0.95,0.803526122186,0.885,0.146568612663,0.999999995708,0.66096544747,50,full_d,0.141
8,8-QAM,0.95,0.803526122186,0.89,0.146300611794,0.999999985554,0.658214871363,48,full_d,0.115
8,8-QAM,0.95,0.803526122186,0.895,0.146138770602,0.999999996037,0.655467054373,48,full_d,0.134
8,8-QAM,0.95,0.803526122186,0.9,0.145987086609,0.999999998734,0.652722101363,48,bridge,0.121
8,8-QAM,0.95,0.803526122186,0.905,0.145845768671,0.999999989471,0.649980110353,48,full_d,0.142
8,8-QAM,0.95,0.803526122186,0.91,0.145715014407,0.999999999219,0.647241172527,48,full_d,0.111
8,8-QAM,0.95,0.803526122186,0.915,0.145594994146,0.999999999319,0.644505372283,48,full_d,0.129
8,8-QAM,0.95,0.803526122186,0.92,0.145485862444,0.999999995601,0.641772787309,48,full_d,0.141
8,8-QAM,0.95,0.803526122186,0.924,0.145406486692,0.999999997997,0.639589082312,48,bridge,0.131
8,8-QAM,0.95,0.803526122186,0.925,0.145387750105,0.999999988686,0.63904348869,48,full_d,0.134
8,8-QAM,0.95,0.803526122186,0.93,0.145300763551,0.99999998436,0.636317541047,48,full_d,0.145
8,8-QAM,0.95,0.803526122186,0.935,0.14522498353,0.999999998735,0.633595002706,48,full_d,0.133
8,8-QAM,0.95,0.803526122186,0.94,0.145160453336,0.999999990638,0.630875925891,48,full_d,0.107
8,8-QAM,0.95,0.803526122186,0.945,0.145107195923,0.999999991874,0.628160356945,48,full_d,0.135
8,8-QAM,0.95,0.803526122186,0.948,0.145080648182,0.999999999237,0.626532716516,48,bridge,0.117
8,8-QAM,0.95,0.803526122186,0.95,0.145065195403,0.999999991381,0.62544833658,48,full_d,0.135
8,8-QAM,0.95,0.803526122186,0.955,0.145034404371,0.999999995954,0.622739900149,48,full_d,0.129
8,8-QAM,0.95,0.803526122186,0.96,0.145049079864,0.999999996783,0.620035077946,46,full_d,0.125
8,8-QAM,0.95,0.803526122186,0.965,0.145108937865,0.999999997729,0.617333895525,46,full_d,0.133
8,8-QAM,0.95,0.803526122186,0.97,0.145178079351,0.999999999747,0.614636374047,46,full_d,0.132
8,8-QAM,0.95,0.803526122186,0.972,0.145208299479,0.99999999127,0.613558394485,46,bridge,0.152
8,8-QAM,0.95,0.803526122186,0.975,0.145256344022,0.999999998131,0.611942530648,46,full_d,0.148
8,8-QAM,0.95,0.803526122186,0.98,0.145369307818,0.999999998844,0.609252378832,44,full_d,0.121
8,8-QAM,0.95,0.803526122186,0.985,0.145502736389,0.999999999149,0.606565928885,44,full_d,0.127
8,8-QAM,0.95,0.803526122186,0.99,0.145641088922,0.999999998615,0.603883188307,44,full_d,0.137
8,8-QAM,0.95,0.803526122186,0.995,0.145784031887,0.999999999795,0.601204162274,44,full_d,0.125
8,8-QAM,0.95,0.803526122186,0.996,0.145813138934,0.999999997282,0.600668803132,44,bridge,0.140
8,8-QAM,0.95,0.803526122186,1,0.145931194416,0.999999999906,0.598528854112,44,full_d,0.124
8,8-QAM,0.95,0.803526122186,1.005,0.146082170411,0.999999998911,0.595857265799,44,full_d,0.144
8,8-QAM,0.95,0.803526122186,1.01,0.146236519485,0.999999997815,0.593189398482,44,full_d,0.129
8,8-QAM,0.95,0.803526122186,1.015,0.146393768589,0.99999999986,0.590525253009,44,full_d,0.132
8,8-QAM,0.95,0.803526122186,1.02,0.146636239619,0.99999999984,0.58786483049,46,bridge,0.130
8,8-QAM,0.95,0.803526122186,1.025,0.14702724789,0.999999999876,0.58520813286,46,full_d,0.119
8,8-QAM,0.95,0.803526122186,1.03,0.147414263576,0.999999999938,0.582555163465,46,full_d,0.142
8,8-QAM,0.95,0.803526122186,1.035,0.147796795856,0.999999999886,0.579905927657,46,full_d,0.131
8,8-QAM,0.95,0.803526122186,1.04,0.148174335507,0.999999999684,0.577260433398,46,full_d,0.124
8,8-QAM,0.95,0.803526122186,1.044,0.148472420093,0.999999999518,0.575146739297,46,bridge,0.136
8,8-QAM,0.95,0.803526122186,1.045,0.148546357368,0.999999999543,0.574618691871,46,full_d,0.120
8,8-QAM,0.95,0.803526122186,1.05,0.148912322932,0.999999999967,0.571980718097,46,full_d,0.156
8,8-QAM,0.95,0.803526122186,1.055,0.149271682736,0.999999999586,0.569346531545,46,full_d,0.133
8,8-QAM,0.95,0.803526122186,1.06,0.149623879831,0.999999999441,0.566716156747,46,full_d,0.148
8,8-QAM,0.95,0.803526122186,1.065,0.149968352243,0.999999999936,0.564089623897,46,full_d,0.149
8,8-QAM,0.95,0.803526122186,1.068,0.150171093133,0.999999999942,0.562515563207,46,bridge,0.130
8,8-QAM,0.95,0.803526122186,1.07,0.150304535839,0.999999999954,0.561466969443,46,full_d,0.132
8,8-QAM,0.95,0.803526122186,1.075,0.150631867817,0.999999999937,0.558848236656,46,full_d,0.121
8,8-QAM,0.95,0.803526122186,1.08,0.150949789434,0.999999999718,0.556233476179,46,full_d,0.126
8,8-QAM,0.95,0.803526122186,1.085,0.151257749295,0.999999999981,0.553622746549,46,full_d,0.141
8,8-QAM,0.95,0.803526122186,1.09,0.151555206005,0.999999999719,0.551016114679,46,full_d,0.136
8,8-QAM,0.95,0.803526122186,1.092,0.151671129102,0.999999999954,0.549974625964,46,bridge,0.142
8,8-QAM,0.95,0.803526122186,1.095,0.151846124616,0.999999999686,0.548413656308,48,full_d,0.129
8,8-QAM,0.95,0.803526122186,1.1,0.152163872972,0.999999999954,0.545815456399,48,full_d,0.118
8,8-QAM,0.95,0.803526122186,1.105,0.152472795758,0.999999999952,0.54322160949,48,full_d,0.126
8,8-QAM,0.95,0.803526122186,1.11,0.152772365438,0.999999999882,0.540632219985,48,full_d,0.123
8,8-QAM,0.95,0.803526122186,1.115,0.15306207447,0.999999999978,0.53804740239,48,full_d,0.133
8,8-QAM,0.95,0.803526122186,1.116,0.153118789865,0.999999999885,0.537530998299,48,bridge,0.143
8,8-QAM,0.95,0.803526122186,1.12,0.153341437678,0.999999999986,0.535467281478,48,full_d,0.141
8,8-QAM,0.95,0.803526122186,1.125,0.153615976892,0.999999999988,0.532891992382,50,full_d,0.125
8,8-QAM,0.95,0.803526122186,1.13,0.153965902721,0.99999999992,0.530321680619,50,full_d,0.116
8,8-QAM,0.95,0.803526122186,1.135,0.154307324658,0.999999999994,0.527756502034,50,full_d,0.132
8,8-QAM,0.95,0.803526122186,1.14,0.154639784181,0.999999999991,0.525196622667,50,bridge,0.125
8,8-QAM,0.95,0.803526122186,1.145,0.154969894851,0.999999999978,0.522642218536,48,full_d,0.141
8,8-QAM,0.95,0.803526122186,1.15,0.155352349098,0.999999999981,0.520093475344,50,full_d,0.131
8,8-QAM,0.95,0.803526122186,1.155,0.155960651991,0.999999999976,0.517550588102,50,full_d,0.127
8,8-QAM,0.95,0.803526122186,1.16,0.156546013807,0.99999999998,0.51501376067,50,full_d,0.143
8,8-QAM,0.95,0.803526122186,1.164,0.156997642662,0.999999999978,0.512988804113,50,bridge,0.134
8,8-QAM,0.95,0.803526122186,1.165,0.157108224104,0.999999999982,0.512483205235,50,full_d,0.123
8,8-QAM,0.95,0.803526122186,1.17,0.157647120073,0.999999999987,0.509959141695,50,full_d,0.134
8,8-QAM,0.95,0.803526122186,1.175,0.158162585941,0.999999999996,0.507441796995,50,full_d,0.139
8,8-QAM,0.95,0.803526122186,1.18,0.158654552151,0.99999999999,0.504931404384,50,full_d,0.141
8,8-QAM,0.95,0.803526122186,1.185,0.159122994362,0.99999999998,0.502428202621,50,full_d,0.149
8,8-QAM,0.95,0.803526122186,1.188,0.159392774569,0.999999999978,0.500929834268,50,bridge,0.143
8,8-QAM,0.95,0.803526122186,1.19,0.159567932268,0.999999999991,0.499932435132,50,full_d,0.123
8,8-QAM,0.95,0.803526122186,1.195,0.159989428238,0.999999999997,0.49744434912,50,full_d,0.122
8,8-QAM,0.95,0.803526122186,1.2,0.160387585835,0.999999999972,0.494964194636,50,full_d,0.142
8,8-QAM,0.95,0.803526122186,1.205,0.160762548216,0.999999999993,0.492492223632,50,full_d,0.120
8,8-QAM,0.95,0.803526122186,1.21,0.16111449637,0.999999999993,0.490028688988,50,full_d,0.131
8,8-QAM,0.95,0.803526122186,1.212,0.161248879098,0.999999999998,0.489045693969,50,bridge,0.127
8,8-QAM,0.95,0.803526122186,1.215,0.161443647339,0.999999999991,0.48757384353,50,full_d,0.126
8,8-QAM,0.95,0.803526122186,1.22,0.161750252315,0.999999999996,0.485127939044,50,full_d,0.137
8,8-QAM,0.95,0.803526122186,1.225,0.162034594697,0.999999999987,0.482691225308,50,full_d,0.133
8,8-QAM,0.95,0.803526122186,1.23,0.162296988121,0.999999999995,0.480263949119,50,full_d,0.125
8,8-QAM,0.95,0.803526122186,1.235,0.162537774444,0.999999999999,0.477846353363,50,full_d,0.136
8,8-QAM,0.95,0.803526122186,1.236,0.162583370808,0.999999999998,0.477364016909,50,bridge,0.137
8,8-QAM,0.95,0.803526122186,1.24,0.162757321743,0.999999999998,0.475438676104,50,full_d,0.136
8,8-QAM,0.95,0.803526122186,1.245,0.162956022308,0.999999999997,0.473041149711,50,full_d,0.123
8,8-QAM,0.95,0.803526122186,1.25,0.163134290661,0.999999999991,0.47065400003,50,full_d,0.141
8,8-QAM,0.95,0.803526122186,1.255,0.163292561607,0.999999999998,0.468277445603,50,full_d,0.129
8,8-QAM,0.95,0.803526122186,1.26,0.163431288313,0.999999999998,0.465911696943,50,bridge,0.124
8,8-QAM,0.95,0.803526122186,1.265,0.163550940463,0.999999999998,0.463556955861,50,full_d,0.112
8,8-QAM,0.95,0.803526122186,1.27,0.163652002456,0.999999999997,0.46121341486,50,full_d,0.136
8,8-QAM,0.95,0.803526122186,1.275,0.163734971672,0.999999999999,0.458881256582,50,full_d,0.129
8,8-QAM,0.95,0.803526122186,1.28,0.163800356813,0.999999999997,0.456560653328,50,full_d,0.142
8,8-QAM,0.95,0.803526122186,1.284,0.163840352498,0.999999999999,0.454712599267,50,bridge,0.138
8,8-QAM,0.95,0.803526122186,1.285,0.163848676323,0.999999999996,0.454251766637,50,full_d,0.134
8,8-QAM,0.95,0.803526122186,1.29,0.16388045688,0.999999999997,0.451954746935,50,full_d,0.122
8,8-QAM,0.95,0.803526122186,1.295,0.163896231973,0.999999999999,0.449669733242,50,full_d,0.136
8,8-QAM,0.95,0.803526122186,1.3,0.163896540559,0.999999999995,0.447396852948,50,full_d,0.130
8,8-QAM,0.95,0.803526122186,1.305,0.163881925809,0.999999999998,0.445136221649,50,full_d,0.141
8,8-QAM,0.95,0.803526122186,1.308,0.163866220883,0.999999999999,0.44378576602,50,bridge,0.137
8,8-QAM,0.95,0.803526122186,1.31,0.163852933919,0.999999999998,0.442887943039,50,full_d,0.146
8,8-QAM,0.95,0.803526122186,1.315,0.163810113016,0.999999999999,0.440652108865,50,full_d,0.138
8,8-QAM,0.95,0.803526122186,1.32,0.163754012129,0.999999999999,0.438428798935,50,full_d,0.142
8,8-QAM,0.95,0.803526122186,1.325,0.163685180241,0.999999999999,0.436218081173,50,full_d,0.137
8,8-QAM,0.95,0.803526122186,1.33,0.163604165403,0.999999999999,0.434020011726,50,full_d,0.144
8,8-QAM,0.95,0.803526122186,1.332,0.163568470691,0.999999999999,0.433144335835,50,bridge,0.147
8,8-QAM,0.95,0.803526122186,1.335,0.163511513924,0.999999999999,0.431834635117,50,full_d,0.134
8,8-QAM,0.95,0.803526122186,1.34,0.163407769612,0.999999999999,0.429661984435,50,full_d,0.129
8,8-QAM,0.95,0.803526122186,1.345,0.163293473082,0.999999999999,0.427502081568,50,full_d,0.132
8,8-QAM,0.95,0.803526122186,1.35,0.163169161112,1,0.425354937466,50,full_d,0.125
8,8-QAM,0.95,0.803526122186,1.355,0.163055347751,1,0.423220552439,52,full_d,0.136
8,8-QAM,0.95,0.803526122186,1.356,0.163047764044,0.999999999998,0.42279520582,52,bridge,0.130
8,8-QAM,0.95,0.803526122186,1.36,0.163012872607,0.999999999999,0.421098916481,52,full_d,0.139
8,8-QAM,0.95,0.803526122186,1.365,0.16295944551,0.999999999999,0.418990009621,52,full_d,0.133
8,8-QAM,0.95,0.803526122186,1.37,0.162895792112,0.999999999999,0.416893802295,52,full_d,0.127
8,8-QAM,0.95,0.803526122186,1.375,0.163022131188,0.999999999999,0.414810255739,54,full_d,0.132
8,8-QAM,0.95,0.803526122186,1.38,0.163195020113,0.999999999999,0.412739322396,54,bridge,0.131
8,8-QAM,0.95,0.803526122186,1.385,0.163361861806,1,0.410680946346,54,full_d,0.133
8,8-QAM,0.95,0.803526122186,1.39,0.163523110817,1,0.408635063739,54,full_d,0.142
8,8-QAM,0.95,0.803526122186,1.395,0.163679203921,1,0.406601603249,54,full_d,0.119
8,8-QAM,0.95,0.803526122186,1.4,0.16383055975,1,0.404580486528,54,full_d,0.121
8,8-QAM,0.95,0.803526122186,1.404,0.163948503122,1,0.402972423821,54,bridge,0.140
8,8-QAM,0.95,0.803526122186,1.405,0.163977578483,1,0.402571628678,54,full_d,0.133
8,8-QAM,0.95,0.803526122186,1.41,0.164120641599,1,0.400574938723,54,full_d,0.134
8,8-QAM,0.95,0.803526122186,1.415,0.164280517348,1,0.398590320092,56,full_d,0.131
8,8-QAM,0.95,0.803526122186,1.42,0.164471729187,1,0.396617671098,56,full_d,0.143
8,8-QAM,0.95,0.803526122186,1.425,0.164661822699,1,0.394656885435,56,full_d,0.122
8,8-QAM,0.95,0.803526122186,1.428,0.16477544902,1,0.393486062649,56,bridge,0.135
8,8-QAM,0.95,0.803526122186,1.43,0.16485105295,1,0.392707852662,56,full_d,0.133
8,8-QAM,0.95,0.803526122186,1.435,0.165039653337,1,0.390770458702,56,full_d,0.132
8,8-QAM,0.95,0.803526122186,1.44,0.165227835796,1,0.388844586335,56,full_d,0.135
8,8-QAM,0.95,0.803526122186,1.445,0.165415791075,1,0.38693011569,56,full_d,0.132
8,8-QAM,0.95,0.803526122186,1.45,0.165603689066,1,0.385026924746,56,full_d,0.138
8,8-QAM,0.95,0.803526122186,1.452,0.165678866373,1,0.384268779023,56,bridge,0.135
8,8-QAM,0.95,0.803526122186,1.455,0.165791679202,1,0.383134889816,56,full_d,0.148
8,8-QAM,0.95,0.803526122186,1.46,0.1659798909,1,0.381253886042,56,full_d,0.132
8,8-QAM,0.95,0.803526122186,1.465,0.166216073816,1,0.379383787877,58,full_d,0.136
8,8-QAM,0.95,0.803526122186,1.47,0.166489828006,1,0.377524469565,58,full_d,0.140
8,8-QAM,0.95,0.803526122186,1.475,0.166764998808,1,0.375675805613,58,full_d,0.129
8,8-QAM,0.95,0.803526122186,1.476,0.166820201392,1,0.375307340349,58,bridge,0.124
8,8-QAM,0.95,0.803526122186,1.48,0.1671072352,1,0.373837671256,60,full_d,0.124
8,8-QAM,0.95,0.803526122186,1.485,0.167708478715,1,0.372009942906,60,full_d,0.123
8,8-QAM,0.95,0.803526122186,1.49,0.168309617492,1,0.370192498596,60,full_d,0.144
8,8-QAM,0.95,0.803526122186,1.495,0.168910262597,1,0.368385218406,60,full_d,0.121
8,8-QAM,0.95,0.803526122186,1.5,0.169510012245,1,0.366587984871,60,bridge,0.135
8,8-QAM,0.95,0.803526122186,1.505,0.170108453612,1,0.364800683374,60,full_d,0.132
8,8-QAM,0.95,0.803526122186,1.51,0.170705164678,1,0.363023202517,60,full_d,0.146
8,8-QAM,0.95,0.803526122186,1.515,0.171299716074,1,0.361255434468,60,full_d,0.134
8,8-QAM,0.95,0.803526122186,1.52,0.171891672916,1,0.359497275285,60,full_d,0.139
8,8-QAM,0.95,0.803526122186,1.524,0.172363075559,1,0.358097599141,60,bridge,0.139
8,8-QAM,0.95,0.803526122186,1.525,0.172480596493,1,0.357748625216,60,full_d,0.130
8,8-QAM,0.95,0.803526122186,1.53,0.173066047413,1,0.35600938896,60,full_d,0.126
8,8-QAM,0.95,0.803526122186,1.535,0.173647588411,1,0.35427947591,60,full_d,0.127
8,8-QAM,0.95,0.803526122186,1.54,0.174336415871,1,0.352558800354,62,full_d,0.139
8,8-QAM,0.95,0.803526122186,1.545,0.175081849996,1,0.350847281649,62,full_d,0.136
8,8-QAM,0.95,0.803526122186,1.548,0.175525815218,1,0.349824734113,62,bridge,0.145
8,8-QAM,0.95,0.803526122186,1.55,0.175820358476,1,0.349144844357,62,full_d,0.129
8,8-QAM,0.95,0.803526122186,1.555,0.176724861157,1,0.347451418341,64,full_d,0.132
8,8-QAM,0.95,0.803526122186,1.56,0.177621645077,1,0.345766938833,64,full_d,0.146
8,8-QAM,0.95,0.803526122186,1.565,0.17850852346,1,0.344091346462,64,full_d,0.140
8,8-QAM,0.95,0.803526122186,1.57,0.179385057583,1,0.342424587238,64,full_d,0.159
8,8-QAM,0.95,0.803526122186,1.572,0.179732680211,1,0.341760345754,64,bridge,0.126
8,8-QAM,0.95,0.803526122186,1.575,0.180250828117,1,0.340766612511,64,full_d,0.134
8,8-QAM,0.95,0.803526122186,1.58,0.181105437504,1,0.339117378887,64,full_d,0.155
8,8-QAM,0.95,0.803526122186,1.585,0.181948514401,1,0.337476848107,64,full_d,0.144
8,8-QAM,0.95,0.803526122186,1.59,0.18277972167,1,0.335844986903,64,full_d,0.147
8,8-QAM,0.95,0.803526122186,1.595,0.183598756243,1,0.334221766807,64,full_d,0.135
8,8-QAM,0.95,0.803526122186,1.596,0.183761077929,1,0.333898157542,64,bridge,0.132
8,8-QAM,0.95,0.803526122186,1.6,0.184405346303,1,0.332607163945,64,full_d,0.130
8,8-QAM,0.95,0.803526122186,1.605,0.185199253819,1,0.331001158791,64,full_d,0.140
8,8-QAM,0.95,0.803526122186,1.61,0.185980274049,1,0.329403735904,64,full_d,0.143
8,8-QAM,0.95,0.803526122186,1.615,0.186748232742,1,0.327814883636,64,full_d,0.133
8,8-QAM,0.95,0.803526122186,1.62,0.187502984585,1,0.326234593826,64,bridge,0.121
8,8-QAM,0.95,0.803526122186,1.625,0.188244411671,1,0.324662861474,64,full_d,0.142
8,8-QAM,0.95,0.803526122186,1.63,0.188972421829,1,0.323099684396,64,full_d,0.133
8,8-QAM,0.95,0.803526122186,1.635,0.189686946802,1,0.321545062879,64,full_d,0.144
8,8-QAM,0.95,0.803526122186,1.64,0.190387940303,1,0.31999899932,64,full_d,0.136
8,8-QAM,0.95,0.803526122186,1.645,0.191075375999,1,0.318461497858,64,full_d,0.132
8,8-QAM,0.95,0.803526122186,1.65,0.191749245435,1,0.316932564017,64,full_d,0.140
8,8-QAM,0.95,0.803526122186,1.655,0.192409555917,1,0.315412204334,64,full_d,0.129
8,8-QAM,0.95,0.803526122186,1.66,0.19305632838,1,0.313900426002,64,full_d,0.140
8,8-QAM,0.95,0.803526122186,1.665,0.193689595254,1,0.312397236515,64,full_d,0.158
8,8-QAM,0.95,0.803526122186,1.67,0.194309398355,1,0.310902643327,64,full_d,0.129
8,8-QAM,0.95,0.803526122186,1.675,0.1949157868,1,0.309416653512,64,full_d,0.147
8,8-QAM,0.95,0.803526122186,1.68,0.195508814977,1,0.30793927345,64,high_d,0.138
8,8-QAM,0.95,0.803526122186,1.683,0.195858242868,1,0.307056980385,64,high_d,0.123
8,8-QAM,0.95,0.803526122186,1.685,0.196088540563,1,0.306470508525,64,full_d,0.124
8,8-QAM,0.95,0.803526122186,1.686,0.196202894563,1,0.306177789742,64,high_d,0.127
8,8-QAM,0.95,0.803526122186,1.689,0.196542782859,1,0.305301702284,64,high_d,0.145
8,8-QAM,0.95,0.803526122186,1.69,0.196655022623,1,0.30501036283,64,full_d,0.131
8,8-QAM,0.95,0.803526122186,1.692,0.196877920447,1,0.304428718564,64,high_d,0.140
8,8-QAM,0.95,0.803526122186,1.695,0.197208319778,1,0.303558838908,64,high_d,0.145
8,8-QAM,0.95,0.803526122186,1.698,0.197533992929,1,0.302692063397,64,high_d,0.126
8,8-QAM,0.95,0.803526122186,1.7,0.197748488449,1,0.302115937503,64,full_d,0.139
8,8-QAM,0.95,0.803526122186,1.701,0.197854951477,1,0.301828391848,64,high_d,0.143
8,8-QAM,0.95,0.803526122186,1.704,0.198171206375,1,0.3009678238,64,high_d,0.129
8,8-QAM,0.95,0.803526122186,1.705,0.198275581207,1,0.300681657329,64,full_d,0.130
8,8-QAM,0.95,0.803526122186,1.707,0.198482767834,1,0.300110358497,64,high_d,0.135
8,8-QAM,0.95,0.803526122186,1.71,0.19878964521,1,0.299255994875,64,high_d,0.125
8,8-QAM,0.95,0.803526122186,1.713,0.199091846895,1,0.29840473155,64,high_d,0.137
8,8-QAM,0.95,0.803526122186,1.715,0.199290720745,1,0.297838944219,64,full_d,0.152
8,8-QAM,0.95,0.803526122186,1.716,0.199389380216,1,0.297556566803,64,high_d,0.143
8,8-QAM,0.95,0.803526122186,1.719,0.19968225133,1,0.296711498574,64,high_d,0.143
8,8-QAM,0.95,0.803526122186,1.72,0.199778839874,1,0.296430496872,64,full_d,0.144
8,8-QAM,0.95,0.803526122186,1.722,0.199970465137,1,0.295869524448,64,high_d,0.142
8,8-QAM,0.95,0.803526122186,1.725,0.200254025189,1,0.295030641651,64,high_d,0.122
8,8-QAM,0.95,0.803526122186,1.728,0.200532933609,1,0.294194847037,64,high_d,0.124
8,8-QAM,0.95,0.803526122186,1.73,0.200716288681,1,0.293639364563,64,full_d,0.199
8,8-QAM,0.95,0.803526122186,1.731,0.200807191007,1,0.293362137088,64,high_d,0.138
8,8-QAM,0.95,0.803526122186,1.734,0.20107679641,1,0.292532507905,64,high_d,0.128
8,8-QAM,0.95,0.803526122186,1.735,0.201165630697,1,0.29225664873,64,full_d,0.200
8,8-QAM,0.95,0.803526122186,1.737,0.201341747197,1,0.291705955207,64,high_d,0.139
8,8-QAM,0.95,0.803526122186,1.74,0.20160203903,1,0.290882474324,64,high_d,0.147
8,8-QAM,0.95,0.803526122186,1.743,0.201857665802,1,0.2900620602,64,high_d,0.154
8,8-QAM,0.95,0.803526122186,1.745,0.202025488109,1,0.289516818533,64,full_d,0.210
8,8-QAM,0.95,0.803526122186,1.746,0.202108619581,1,0.289244707391,64,high_d,0.150
8,8-QAM,0.95,0.803526122186,1.749,0.202354890564,1,0.288430410066,64,high_d,0.141
8,8-QAM,0.95,0.803526122186,1.75,0.202435938301,1,0.288159655556,64,full_d,0.178
8,8-QAM,0.95,0.803526122186,1.752,0.202596467034,1,0.287619162004,64,high_d,0.128
8,8-QAM,0.95,0.803526122186,1.755,0.202833335325,1,0.286810956606,64,high_d,0.125
8,8-QAM,0.95,0.803526122186,1.758,0.203065479785,1,0.286005786891,64,high_d,0.148
8,8-QAM,0.95,0.803526122186,1.76,0.203217609769,1,0.285470689953,64,full_d,0.160
8,8-QAM,0.95,0.803526122186,1.761,0.203292882752,1,0.285203645501,64,high_d,0.145
8,8-QAM,0.95,0.803526122186,1.764,0.203515524531,1,0.284404524713,64,high_d,0.147
8,8-QAM,0.95,0.803526122186,1.765,0.203588676717,1,0.284138820975,64,full_d,0.155
8,8-QAM,0.95,0.803526122186,1.767,0.203733383375,1,0.28360841644,64,high_d,0.140
8,8-QAM,0.95,0.803526122186,1.77,0.203946435473,1,0.28281531224,64,high_d,0.137
8,8-QAM,0.95,0.803526122186,1.773,0.204154654939,1,0.282025203325,64,high_d,0.140
8,8-QAM,0.95,0.803526122186,1.775,0.204290769397,1,0.281500123603,64,full_d,0.154
8,8-QAM,0.95,0.803526122186,1.776,0.204358013811,1,0.28123808057,64,high_d,0.140
8,8-QAM,0.95,0.803526122186,1.779,0.204556482051,1,0.280453934526,64,high_d,0.151
8,8-QAM,0.95,0.803526122186,1.78,0.204621545834,1,0.280193212323,64,full_d,0.165
8,8-QAM,0.95,0.803526122186,1.782,0.20475002755,1,0.279672755426,64,high_d,0.133
8,8-QAM,0.95,0.803526122186,1.785,0.204938616135,1,0.278894533199,64,high_d,0.156
8,8-QAM,0.95,0.803526122186,1.788,0.205122211586,1,0.278119257487,64,high_d,0.129
8,8-QAM,0.95,0.803526122186,1.79,0.205241815782,1,0.277604038721,64,full_d,0.124
8,8-QAM,0.95,0.803526122186,1.791,0.20530077565,1,0.277346917648,64,high_d,0.133
8,8-QAM,0.95,0.803526122186,1.794,0.205474268069,1,0.276577502783,64,high_d,0.125
8,8-QAM,0.95,0.803526122186,1.795,0.205530964598,1,0.276321679234,64,full_d,0.163
8,8-QAM,0.95,0.803526122186,1.797,0.205642646597,1,0.275811001738,64,high_d,0.138
8,8-QAM,0.95,0.803526122186,1.8,0.205805867039,1,0.275047403127,64,high_d,0.136
8,8-QAM,0.95,0.803526122186,1.803,0.205963883278,1,0.274286695345,64,high_d,0.138
8,8-QAM,0.95,0.803526122186,1.805,0.206066312585,1,0.273781157017,64,full_d,0.143
8,8-QAM,0.95,0.803526122186,1.806,0.206116647312,1,0.273528866585,64,high_d,0.135
8,8-QAM,0.95,0.803526122186,1.809,0.206264109302,1,0.272773904851,64,high_d,0.141
8,8-QAM,0.95,0.803526122186,1.81,0.206312076192,1,0.272522885959,64,full_d,0.146
8,8-QAM,0.95,0.803526122186,1.812,0.206406217606,1,0.27202179798,64,high_d,0.140
8,8-QAM,0.95,0.803526122186,1.815,0.206542918835,1,0.271272533656,64,high_d,0.124
8,8-QAM,0.95,0.803526122186,1.818,0.206674157899,1,0.270526099426,64,high_d,0.133
8,8-QAM,0.95,0.803526122186,1.82,0.206758588119,1,0.270030042678,64,full_d,0.153
8,8-QAM,0.95,0.803526122186,1.821,0.20679987806,1,0.269782482721,64,high_d,0.135
8,8-QAM,0.95,0.803526122186,1.824,0.206920020995,1,0.269041670873,64,high_d,0.141
8,8-QAM,0.95,0.803526122186,1.825,0.206958818953,1,0.26879535469,64,full_d,0.136
8,8-QAM,0.95,0.803526122186,1.827,0.207034526847,1,0.268303651131,64,high_d,0.129
8,8-QAM,0.95,0.803526122186,1.83,0.207143334295,1,0.26756841068,64,high_d,0.149
8,8-QAM,0.95,0.803526122186,1.833,0.207246380614,1,0.26683593666,64,high_d,0.131
8,8-QAM,0.95,0.803526122186,1.835,0.207311845951,1,0.266349151188,64,full_d,0.141
8,8-QAM,0.95,0.803526122186,1.836,0.207343601744,1,0.266106216182,64,high_d,0.138
8,8-QAM,0.95,0.803526122186,1.839,0.207434932361,1,0.265379236349,64,high_d,0.148
8,8-QAM,0.95,0.803526122186,1.84,0.207464055432,1,0.265137516541,64,full_d,0.136
8,8-QAM,0.95,0.803526122186,1.842,0.207520305945,1,0.264654984269,64,high_d,0.148
8,8-QAM,0.95,0.803526122186,1.845,0.207599654858,1,0.263933447077,64,high_d,0.127
8,8-QAM,0.95,0.803526122186,1.848,0.207672910416,1,0.26321461195,64,high_d,0.149
8,8-QAM,0.95,0.803526122186,1.85,0.207718327901,1,0.262736883373,64,full_d,0.141
8,8-QAM,0.95,0.803526122186,1.851,0.207740002971,1,0.262498466124,64,high_d,0.150
8,8-QAM,0.95,0.803526122186,1.854,0.207800861984,1,0.261784996911,64,high_d,0.141
8,8-QAM,0.95,0.803526122186,1.855,0.20781975078,1,0.261547766463,64,full_d,0.197
8,8-QAM,0.95,0.803526122186,1.857,0.207855416108,1,0.261074191717,64,high_d,0.137
8,8-QAM,0.95,0.803526122186,1.86,0.207903593273,1,0.260366038054,64,high_d,0.131
8,8-QAM,0.95,0.803526122186,1.863,0.20794532076,1,0.259660523559,64,high_d,0.130
8,8-QAM,0.95,0.803526122186,1.865,0.207969519765,1,0.259191640725,64,full_d,0.193
8,8-QAM,0.95,0.803526122186,1.866,0.207980525293,1,0.258957636008,64,high_d,0.139
8,8-QAM,0.95,0.803526122186,1.869,0.208009133119,1,0.258257363329,64,high_d,0.140
8,8-QAM,0.95,0.803526122186,1.87,0.208017190319,1,0.258024518122,64,full_d,0.206
8,8-QAM,0.95,0.803526122186,1.872,0.208031070089,1,0.257559693616,64,high_d,0.125
8,8-QAM,0.95,0.803526122186,1.875,0.208046261752,1,0.256864615143,64,high_d,0.140
8,8-QAM,0.95,0.803526122186,1.878,0.208054633429,1,0.256172116377,64,high_d,0.143
8,8-QAM,0.95,0.803526122186,1.88,0.208056388725,1,0.255711878101,64,full_d,0.206
8,8-QAM,0.95,0.803526122186,1.881,0.208056110307,1,0.255482185989,64,high_d,0.126
8,8-QAM,0.95,0.803526122186,1.884,0.208050617517,1,0.254794812863,64,high_d,0.130
8,8-QAM,0.95,0.803526122186,1.885,0.208047224835,1,0.254566254879,64,full_d,0.185
8,8-QAM,0.95,0.803526122186,1.887,0.208038080222,1,0.254109986109,64,high_d,0.131
8,8-QAM,0.95,0.803526122186,1.89,0.208018423697,1,0.253427695073,64,high_d,0.143
8,8-QAM,0.95,0.803526122186,1.893,0.207991573412,1,0.252747929344,64,high_d,0.142
8,8-QAM,0.95,0.803526122186,1.895,0.207969640008,1,0.252296150111,64,full_d,0.180
8,8-QAM,0.95,0.803526122186,1.896,0.207957455115,1,0.25207067876,64,high_d,0.130
8,8-QAM,0.95,0.803526122186,1.899,0.207915994907,1,0.251395933422,64,high_d,0.130
8,8-QAM,0.95,0.803526122186,1.9,0.20790053059,1,0.251171573357,64,full_d,0.209
8,8-QAM,0.95,0.803526122186,1.902,0.207867119321,1,0.250723683692,64,high_d,0.150
8,8-QAM,0.95,0.803526122186,1.905,0.207810755395,1,0.250053920204,64,high_d,0.152
8,8-QAM,0.95,0.803526122186,1.908,0.207746830748,1,0.249386633867,64,high_d,0.125
8,8-QAM,0.95,0.803526122186,1.91,0.20769997846,1,0.24894314814,64,full_d,0.198
8,8-QAM,0.95,0.803526122186,1.911,0.207675273639,1,0.248721815868,64,high_d,0.117
8,8-QAM,0.95,0.803526122186,1.914,0.20759601304,1,0.248059457679,64,high_d,0.133
8,8-QAM,0.95,0.803526122186,1.915,0.207567868786,1,0.247839216806,64,full_d,0.212
8,8-QAM,0.95,0.803526122186,1.917,0.207508978688,1,0.247399551051,64,high_d,0.134
8,8-QAM,0.95,0.803526122186,1.92,0.207414101141,1,0.246742088024,64,high_d,0.120
8,8-QAM,0.95,0.803526122186,1.923,0.207311311822,1,0.246087060924,64,high_d,0.159
8,8-QAM,0.95,0.803526122186,1.925,0.207238356721,1,0.245651725821,64,full_d,0.221
8,8-QAM,0.95,0.803526122186,1.926,0.207200543053,1,0.245434462359,64,high_d,0.142
8,8-QAM,0.95,0.803526122186,1.929,0.207081728083,1,0.244784285226,64,high_d,0.159
8,8-QAM,0.95,0.803526122186,1.93,0.207040323646,1,0.244568096424,64,full_d,0.202
8,8-QAM,0.95,0.803526122186,1.932,0.206954801098,1,0.244136522702,64,high_d,0.133
8,8-QAM,0.95,0.803526122186,1.935,0.206819697209,1,0.243491168245,64,high_d,0.143
8,8-QAM,0.95,0.803526122186,1.938,0.20667635243,1,0.242848215591,64,high_d,0.126
8,8-QAM,0.95,0.803526122186,1.94,0.206576179753,1,0.242420911852,64,full_d,0.204
8,8-QAM,0.95,0.803526122186,1.941,0.206524703607,1,0.242207658746,64,high_d,0.143
8,8-QAM,0.95,0.803526122186,1.944,0.206364688327,1,0.241569491988,64,high_d,0.143
8,8-QAM,0.95,0.803526122186,1.945,0.206309479986,1,0.241357299914,64,full_d,0.159
8,8-QAM,0.95,0.803526122186,1.947,0.206196244752,1,0.240933709856,64,high_d,0.140
8,8-QAM,0.95,0.803526122186,1.95,0.206019311391,0.999999999999,0.240300307147,64,high_d,0.140
8,8-QAM,0.95,0.803526122186,1.953,0.205833826757,1,0.239669278908,64,high_d,0.118
8,8-QAM,0.95,0.803526122186,1.955,0.205705389053,1,0.239249910232,64,full_d,0.162
8,8-QAM,0.95,0.803526122186,1.956,0.205639728853,1,0.239040620432,64,high_d,0.132
8,8-QAM,0.95,0.803526122186,1.959,0.205436954424,1,0.238414327247,64,high_d,0.141
8,8-QAM,0.95,0.803526122186,1.96,0.205367423579,1,0.238206087733,64,full_d,0.163
8,8-QAM,0.95,0.803526122186,1.962,0.205225437794,1,0.23779039511,64,high_d,0.130
8,8-QAM,0.95,0.803526122186,1.965,0.205005109038,1,0.237168819999,64,high_d,0.145
8,8-QAM,0.95,0.803526122186,1.968,0.204775890901,1,0.236549598102,64,high_d,0.136
8,8-QAM,0.95,0.803526122186,1.97,0.204618096544,1,0.236138089056,64,full_d,0.149
8,8-QAM,0.95,0.803526122186,1.971,0.204537693203,1,0.235932725812,64,high_d,0.126
8,8-QAM,0.95,0.803526122186,1.974,0.204290400961,1,0.235318199714,64,high_d,0.145
8,8-QAM,0.95,0.803526122186,1.975,0.204205922258,1,0.235113878494,64,full_d,0.141
8,8-QAM,0.95,0.803526122186,1.977,0.204033836369,1,0.234706016577,64,high_d,0.164
8,8-QAM,0.95,0.803526122186,1.98,0.203767710329,1,0.234096173344,64,high_d,0.156
8,8-QAM,0.95,0.803526122186,1.985,0.203303700271,1,0.233084959955,64,full_d,0.150
8,8-QAM,0.95,0.803526122186,1.99,0.202815083741,1,0.232080225863,64,full_d,0.152
8,8-QAM,0.95,0.803526122186,1.995,0.202302681516,1,0.23108195966,64,full_d,0.149
8,8-QAM,0.95,0.803526122186,2,0.201767220557,1,0.230090150859,64,full_d,0.143
8,8-QAM,0.95,0.803526122186,2.005,0.201209394632,1,0.229104789765,64,full_d,0.142
8,8-QAM,0.95,0.803526122186,2.01,0.200629885632,1,0.228125867343,64,full_d,0.140
8,8-QAM,0.95,0.803526122186,2.015,0.200029372109,1,0.227153375093,64,full_d,0.136
8,8-QAM,0.95,0.803526122186,2.02,0.199408532483,1,0.226187304919,64,full_d,0.144
8,8-QAM,0.95,0.803526122186,2.025,0.19876804574,1,0.225227649021,64,full_d,0.151
8,8-QAM,0.95,0.803526122186,2.03,0.198108590853,1,0.224274399772,64,full_d,0.144
8,8-QAM,0.95,0.803526122186,2.035,0.197430845582,1,0.223327549618,64,full_d,0.147
8,8-QAM,0.95,0.803526122186,2.04,0.196735484949,1,0.222387090977,64,full_d,0.141
8,8-QAM,0.95,0.803526122186,2.045,0.196023179596,1,0.221453016147,64,full_d,0.136
8,8-QAM,0.95,0.803526122186,2.05,0.19529459413,1,0.220525317224,64,full_d,0.141
8,8-QAM,0.95,0.803526122186,2.055,0.194550385504,1,0.219603986028,64,full_d,0.144
8,8-QAM,0.95,0.803526122186,2.06,0.193791201495,1,0.218689014035,64,full_d,0.159
8,8-QAM,0.95,0.803526122186,2.065,0.193017679275,1,0.217780392327,64,full_d,0.142
8,8-QAM,0.95,0.803526122186,2.07,0.1922304441,1,0.216878111537,64,full_d,0.143
8,8-QAM,0.95,0.803526122186,2.075,0.19143010812,1,0.215982161815,64,full_d,0.134
8,8-QAM,0.95,0.803526122186,2.08,0.190617269308,1,0.215092532799,64,full_d,0.140
8,8-QAM,0.95,0.803526122186,2.085,0.189792510504,1,0.214209213592,64,full_d,0.119
8,8-QAM,0.95,0.803526122186,2.09,0.188956398579,1,0.213332192751,64,full_d,0.155
8,8-QAM,0.95,0.803526122186,2.095,0.188109483703,1,0.212461458281,64,full_d,0.153
8,8-QAM,0.95,0.803526122186,2.1,0.18725229872,1,0.21159699764,64,full_d,0.146
16,16-QAM,0.9,0.812830516164,0.3,0.192445726661,0.99998941071,0.91951205348,224,full_d,0.524
16,16-QAM,0.9,0.812830516164,0.31,0.198076471277,0.999995202722,0.914320992242,224,full_d,0.496
16,16-QAM,0.9,0.812830516164,0.32,0.203278412979,0.999993796853,0.90899413837,224,full_d,0.483
16,16-QAM,0.9,0.812830516164,0.33,0.208040691128,0.99999713962,0.903534683489,224,full_d,0.465
16,16-QAM,0.9,0.812830516164,0.34,0.212351646522,0.999997896157,0.897945905765,224,low_d,0.604
16,16-QAM,0.9,0.812830516164,0.3425,0.213357680537,0.999996370138,0.896528897084,224,low_d,0.603
16,16-QAM,0.9,0.812830516164,0.345,0.214334918651,0.99999448444,0.895104069055,224,low_d,0.619
16,16-QAM,0.9,0.812830516164,0.3475,0.215284197344,0.999996452935,0.893671475462,224,low_d,0.648
16,16-QAM,0.9,0.812830516164,0.35,0.216204163736,0.999996237873,0.892231170421,224,low_d,0.590
16,16-QAM,0.9,0.812830516164,0.3525,0.217094871588,0.999994323364,0.890783208396,224,low_d,0.605
16,16-QAM,0.9,0.812830516164,0.355,0.217957344224,0.999995590737,0.889327644193,224,low_d,0.624
16,16-QAM,0.9,0.812830516164,0.3575,0.218790702077,0.999996083722,0.887864532963,224,low_d,0.595
16,16-QAM,0.9,0.812830516164,0.36,0.219594864296,0.999995494563,0.886393930198,224,low_d,0.593
16,16-QAM,0.9,0.812830516164,0.3625,0.220369977147,0.999994497449,0.884915891737,224,low_d,0.603
16,16-QAM,0.9,0.812830516164,0.365,0.22111682426,0.999996587018,0.883430473758,224,low_d,0.591
16,16-QAM,0.9,0.812830516164,0.3675,0.221834282643,0.999996565978,0.881937732787,224,low_d,0.617
16,16-QAM,0.9,0.812830516164,0.37,0.222523269512,0.999998420977,0.880437725689,224,low_d,0.637
16,16-QAM,0.9,0.812830516164,0.3725,0.223182734383,0.999997204048,0.87893050966,224,low_d,0.621
16,16-QAM,0.9,0.812830516164,0.375,0.223813374104,0.999995834624,0.877416142269,224,low_d,0.637
16,16-QAM,0.9,0.812830516164,0.3775,0.224414511435,0.999990988111,0.875894681393,224,low_d,0.640
16,16-QAM,0.9,0.812830516164,0.38,0.224989006698,0.999995021262,0.87436618526,224,low_d,0.583
16,16-QAM,0.9,0.812830516164,0.3825,0.225534557013,0.999997267723,0.87283071243,224,low_d,0.635
16,16-QAM,0.9,0.812830516164,0.385,0.226051261768,0.99999773005,0.871288321799,224,low_d,0.616
16,16-QAM,0.9,0.812830516164,0.3875,0.226539730743,0.999998606729,0.869739072604,224,low_d,0.588
16,16-QAM,0.9,0.812830516164,0.39,0.226998774215,0.999994125817,0.868183024391,224,low_d,0.599
16,16-QAM,0.9,0.812830516164,0.3925,0.227430961572,0.999995009868,0.866620237034,224,low_d,0.599
16,16-QAM,0.9,0.812830516164,0.395,0.227835046847,0.999995125915,0.865050770752,224,low_d,0.627
16,16-QAM,0.9,0.812830516164,0.3975,0.228210908079,0.999993259088,0.863474686054,224,low_d,0.611
16,16-QAM,0.9,0.812830516164,0.4,0.228559406712,0.999992453785,0.861892043781,224,low_d,0.627
16,16-QAM,0.9,0.812830516164,0.4025,0.228881477237,0.999996014847,0.860302905078,224,low_d,0.606
16,16-QAM,0.9,0.812830516164,0.405,0.229174520764,0.999991765523,0.858707331393,224,low_d,0.602
16,16-QAM,0.9,0.812830516164,0.4075,0.229441726169,0.999992770839,0.857105384473,224,low_d,0.611
16,16-QAM,0.9,0.812830516164,0.41,0.229682770319,0.999996694334,0.855497126352,224,low_d,0.614
16,16-QAM,0.9,0.812830516164,0.4125,0.229895787004,0.999994461741,0.853882619352,224,low_d,0.636
16,16-QAM,0.9,0.812830516164,0.415,0.230082944645,0.999994520204,0.85226192607,224,low_d,0.596
16,16-QAM,0.9,0.812830516164,0.4175,0.230244304861,0.999996131685,0.850635109286,224,low_d,0.633
16,16-QAM,0.9,0.812830516164,0.42,0.23037883856,0.999993680027,0.849002232289,224,low_d,0.616
16,16-QAM,0.9,0.812830516164,0.4225,0.230488919062,0.99999638203,0.847363358375,224,low_d,0.584
16,16-QAM,0.9,0.812830516164,0.425,0.230571981514,0.999991957681,0.8457185511,224,low_d,0.631
16,16-QAM,0.9,0.812830516164,0.4275,0.230631606773,0.999994718559,0.844067874418,224,low_d,0.584
16,16-QAM,0.9,0.812830516164,0.43,0.230665828834,0.999994911444,0.842411392349,224,low_d,0.603
16,16-QAM,0.9,0.812830516164,0.4325,0.230675338099,0.999994250244,0.840749169157,224,low_d,0.591
16,16-QAM,0.9,0.812830516164,0.435,0.230660836478,0.999994460811,0.839081269298,224,low_d,0.608
16,16-QAM,0.9,0.812830516164,0.4375,0.230622613149,0.999995446377,0.837407757428,224,low_d,0.596
16,16-QAM,0.9,0.812830516164,0.44,0.230560421936,0.999994749293,0.835728698348,224,low_d,0.621
16,16-QAM,0.9,0.812830516164,0.4425,0.230475403497,0.999995892162,0.834044157019,224,low_d,0.622
16,16-QAM,0.9,0.812830516164,0.445,0.230366992719,0.999994972354,0.832354198539,224,low_d,0.578
16,16-QAM,0.9,0.812830516164,0.4475,0.230236387869,0.999995686884,0.830658888146,224,low_d,0.623
16,16-QAM,0.9,0.812830516164,0.45,0.230083497588,0.999996118505,0.828958291099,224,low_d,0.589
16,16-QAM,0.9,0.812830516164,0.4525,0.229908813876,0.999996853241,0.827252472829,224,low_d,0.664
16,16-QAM,0.9,0.812830516164,0.455,0.229711783606,0.999993900789,0.825541498805,224,low_d,0.794
16,16-QAM,0.9,0.812830516164,0.4575,0.229494360208,0.999994150203,0.823825434562,224,low_d,0.805
16,16-QAM,0.9,0.812830516164,0.46,0.229256483637,0.99999569854,0.822104345599,224,low_d,0.853
16,16-QAM,0.9,0.812830516164,0.4625,0.228997761325,0.999995175587,0.820378297489,224,low_d,0.854
16,16-QAM,0.9,0.812830516164,0.465,0.22871924453,0.999995479263,0.818647355787,224,low_d,0.822
16,16-QAM,0.9,0.812830516164,0.4675,0.228421093323,0.999995604995,0.816911585969,224,low_d,0.833
16,16-QAM,0.9,0.812830516164,0.47,0.228102794893,0.999991571163,0.815171053497,224,low_d,0.826
16,16-QAM,0.9,0.812830516164,0.4725,0.227767292967,0.99999448125,0.813425823342,224,low_d,0.825
16,16-QAM,0.9,0.812830516164,0.475,0.227413046773,0.999995920675,0.811675961587,224,low_d,0.825
16,16-QAM,0.9,0.812830516164,0.4775,0.227038848221,0.999988764337,0.809921532798,224,low_d,0.831
16,16-QAM,0.9,0.812830516164,0.48,0.226650357061,0.999996109176,0.808162602272,224,low_d,0.809
16,16-QAM,0.9,0.812830516164,0.4825,0.226242903753,0.999995607135,0.80639923472,224,low_d,0.813
16,16-QAM,0.9,0.812830516164,0.485,0.225818656531,0.999995009199,0.804631494779,224,low_d,0.817
16,16-QAM,0.9,0.812830516164,0.4875,0.225378378828,0.999995888985,0.802859446873,224,low_d,0.832
16,16-QAM,0.9,0.812830516164,0.49,0.224922301889,0.999997458181,0.801083155247,224,low_d,0.833
16,16-QAM,0.9,0.812830516164,0.4925,0.22444958661,0.999994184197,0.799302683722,224,low_d,0.795
16,16-QAM,0.9,0.812830516164,0.495,0.223962365801,0.999993737639,0.797518095934,224,low_d,0.837
16,16-QAM,0.9,0.812830516164,0.4975,0.223461042567,0.999996150102,0.795729455209,224,low_d,0.791
16,16-QAM,0.9,0.812830516164,0.5,0.222944329886,0.999993826845,0.793936824548,224,low_d,0.877
16,16-QAM,0.9,0.812830516164,0.51,0.220744176598,0.999994044611,0.786727648927,224,full_d,0.808
16,16-QAM,0.9,0.812830516164,0.52,0.218346028044,0.999994934344,0.779459569693,224,full_d,0.812
16,16-QAM,0.9,0.812830516164,0.53,0.215773561577,0.999996850597,0.772136408865,224,full_d,0.857
16,16-QAM,0.9,0.812830516164,0.54,0.213047799414,0.999995064372,0.764761852645,224,full_d,0.815
16,16-QAM,0.9,0.812830516164,0.55,0.210190418333,0.999996033718,0.757339440785,224,bridge,0.931
16,16-QAM,0.9,0.812830516164,0.56,0.207219046794,0.999995658367,0.749872566975,224,full_d,0.811
16,16-QAM,0.9,0.812830516164,0.57,0.204150593092,0.99999467197,0.74236449213,224,full_d,0.871
16,16-QAM,0.9,0.812830516164,0.58,0.20100083839,0.999995980834,0.734818371419,224,full_d,0.874
16,16-QAM,0.9,0.812830516164,0.59,0.197782834093,0.999997336096,0.72723729625,224,full_d,0.997
16,16-QAM,0.9,0.812830516164,0.6,0.194508344529,0.999995791082,0.719624344241,224,full_d,1.118
16,16-QAM,0.9,0.812830516164,0.61,0.19118991329,0.999996971828,0.711982631742,224,full_d,1.138
16,16-QAM,0.9,0.812830516164,0.62,0.187836864852,0.999991517761,0.704315363423,224,full_d,1.135
16,16-QAM,0.9,0.812830516164,0.625,0.186152265152,0.999993257637,0.700473181127,224,bridge,1.141
16,16-QAM,0.9,0.812830516164,0.63,0.18446397732,0.99999611625,0.696625869294,224,full_d,1.141
16,16-QAM,0.9,0.812830516164,0.64,0.18108159266,0.999996358702,0.688917619742,224,full_d,1.121
16,16-QAM,0.9,0.812830516164,0.65,0.177817170334,0.999992858317,0.681194224709,220,full_d,1.155
16,16-QAM,0.9,0.812830516164,0.66,0.174690069508,0.999993791865,0.673459410254,216,full_d,1.112
16,16-QAM,0.9,0.812830516164,0.67,0.172137137508,0.999993922093,0.665716983015,208,full_d,1.111
16,16-QAM,0.9,0.812830516164,0.68,0.169979034988,0.999994927542,0.657970785824,200,full_d,1.155
16,16-QAM,0.9,0.812830516164,0.69,0.167998915923,0.9999947474,0.650224654836,196,full_d,1.157
16,16-QAM,0.9,0.812830516164,0.7,0.166174393266,0.999995016669,0.642482379827,192,bridge,1.086
16,16-QAM,0.9,0.812830516164,0.71,0.16443819948,0.999995201141,0.634747668416,192,full_d,1.137
16,16-QAM,0.9,0.812830516164,0.72,0.162833595443,0.999995525231,0.627024129235,196,full_d,1.438
16,16-QAM,0.9,0.812830516164,0.73,0.16172169827,0.999996810389,0.619315248053,196,full_d,1.476
16,16-QAM,0.9,0.812830516164,0.74,0.160653693731,0.999995241931,0.611624379675,196,full_d,1.570
16,16-QAM,0.9,0.812830516164,0.75,0.159808131617,0.999996059133,0.60395474205,198,full_d,1.566
16,16-QAM,0.9,0.812830516164,0.76,0.159187055805,0.999997117995,0.596309416475,202,full_d,1.546
16,16-QAM,0.9,0.812830516164,0.77,0.15872813487,0.999996831811,0.588691346747,202,full_d,1.561
16,16-QAM,0.9,0.812830516164,0.775,0.158516616834,0.999994622787,0.584893417361,206,bridge,1.599
16,16-QAM,0.9,0.812830516164,0.78,0.158384967172,0.999996905928,0.58110334716,206,full_d,1.597
16,16-QAM,0.9,0.812830516164,0.79,0.158177863962,0.999997893683,0.57354810541,204,full_d,1.570
16,16-QAM,0.9,0.812830516164,0.8,0.158018426097,0.999996147132,0.566028190422,204,full_d,1.617
16,16-QAM,0.9,0.812830516164,0.81,0.157860683638,0.999994644977,0.558546055143,204,full_d,1.519
16,16-QAM,0.9,0.812830516164,0.82,0.158044217817,0.999994968577,0.551104039062,196,full_d,1.513
16,16-QAM,0.9,0.812830516164,0.83,0.158663200377,0.999992019997,0.543704364586,202,full_d,1.561
16,16-QAM,0.9,0.812830516164,0.84,0.159266447125,0.999993364402,0.536349130957,202,full_d,1.555
16,16-QAM,0.9,0.812830516164,0.85,0.159740486062,0.999995527082,0.529040319542,202,bridge,1.675
16,16-QAM,0.9,0.812830516164,0.86,0.160094929024,0.999996164465,0.521779771465,200,full_d,2.158
16,16-QAM,0.9,0.812830516164,0.87,0.160353010053,0.999994376107,0.514569178027,200,full_d,2.189
16,16-QAM,0.9,0.812830516164,0.88,0.160458442915,0.999994437978,0.507410070271,200,full_d,2.198
16,16-QAM,0.9,0.812830516164,0.89,0.160416135102,0.999996236553,0.500303807343,204,full_d,2.236
16,16-QAM,0.9,0.812830516164,0.9,0.160345121261,0.999995852631,0.493251564879,204,full_d,2.233
16,16-QAM,0.9,0.812830516164,0.91,0.16044373962,0.999995501183,0.486254328473,208,full_d,2.192
16,16-QAM,0.9,0.812830516164,0.92,0.160400199851,0.999994239385,0.479312890535,208,full_d,2.160
16,16-QAM,0.9,0.812830516164,0.925,0.160310423214,0.999996703315,0.475863288765,208,bridge,2.184
16,16-QAM,0.9,0.812830516164,0.93,0.160176125426,0.999996354414,0.472427844958,208,full_d,2.234
16,16-QAM,0.9,0.812830516164,0.94,0.159895284593,0.999997851781,0.465599599749,212,full_d,2.190
16,16-QAM,0.9,0.812830516164,0.95,0.159592780138,0.999995956261,0.458828379919,212,full_d,2.195
16,16-QAM,0.9,0.812830516164,0.96,0.159137469475,0.999997668789,0.452114242406,212,full_d,2.220
16,16-QAM,0.9,0.812830516164,0.97,0.158538364168,0.999996794436,0.445457092098,212,full_d,2.172
16,16-QAM,0.9,0.812830516164,0.98,0.157806226614,0.99999653549,0.438856700672,212,full_d,2.235
16,16-QAM,0.9,0.812830516164,0.99,0.156951573175,0.999996866978,0.432312731262,212,full_d,2.242
16,16-QAM,0.9,0.812830516164,1,0.156082711558,0.999998422269,0.425824760654,208,bridge,2.154
16,16-QAM,0.9,0.812830516164,1.01,0.15513768274,0.999997566829,0.419392307068,208,full_d,2.278
16,16-QAM,0.9,0.812830516164,1.02,0.154504397718,0.999997446773,0.413014857278,224,full_d,2.254
16,16-QAM,0.9,0.812830516164,1.03,0.154337196693,0.999997124526,0.406691895346,228,full_d,2.982
16,16-QAM,0.9,0.812830516164,1.04,0.154301979652,0.999996466224,0.400422928368,228,full_d,3.043
16,16-QAM,0.9,0.812830516164,1.05,0.154355546295,0.999998750557,0.394207518629,220,full_d,3.019
16,16-QAM,0.9,0.812830516164,1.06,0.154531335511,0.999998568249,0.388045311033,220,full_d,2.980
16,16-QAM,0.9,0.812830516164,1.07,0.154682225827,0.9999986961,0.381936060112,216,full_d,3.081
16,16-QAM,0.9,0.812830516164,1.075,0.154768048178,0.999998017795,0.378901254342,216,bridge,3.113
16,16-QAM,0.9,0.812830516164,1.08,0.154840568003,0.999998788638,0.37587965844,216,full_d,3.034
16,16-QAM,0.9,0.812830516164,1.09,0.155001643159,0.999998754034,0.369876159056,212,full_d,3.057
16,16-QAM,0.9,0.812830516164,1.1,0.155192365415,0.999997989026,0.363925797751,208,full_d,3.083
16,16-QAM,0.9,0.812830516164,1.11,0.155493070409,0.999997626371,0.358029017427,208,full_d,3.102
16,16-QAM,0.9,0.812830516164,1.12,0.155853632791,0.999997978779,0.352186479059,204,full_d,3.049
16,16-QAM,0.9,0.812830516164,1.13,0.156168666758,0.999998139543,0.346399074143,204,full_d,3.085
16,16-QAM,0.9,0.812830516164,1.14,0.156424870595,0.999999065509,0.340667929647,204,full_d,3.041
16,16-QAM,0.9,0.812830516164,1.15,0.156724453648,0.999999596843,0.334994407213,208,bridge,3.162
16,16-QAM,0.9,0.812830516164,1.16,0.15708703973,0.999996971323,0.32938009577,210,full_d,3.093
16,16-QAM,0.9,0.812830516164,1.17,0.157606114651,0.999998590884,0.323826797739,210,full_d,3.082
16,16-QAM,0.9,0.812830516164,1.18,0.158046708982,0.999998294544,0.318336508317,210,full_d,3.094
16,16-QAM,0.9,0.812830516164,1.19,0.15856439419,0.999999527174,0.312911389275,218,full_d,3.079
16,16-QAM,0.9,0.812830516164,1.2,0.159193275027,0.999999560063,0.307553737107,218,full_d,3.211
16,16-QAM,0.9,0.812830516164,1.21,0.159730539924,0.999999855253,0.30226594669,218,full_d,3.258
16,16-QAM,0.9,0.812830516164,1.22,0.160175138672,0.999997086161,0.297050470875,218,full_d,4.063
16,16-QAM,0.9,0.812830516164,1.225,0.160363461091,0.999998444977,0.294470623554,218,bridge,4.136
16,16-QAM,0.9,0.812830516164,1.23,0.160528775708,0.999997906495,0.291909779809,218,full_d,4.123
16,16-QAM,0.9,0.812830516164,1.24,0.160947594558,0.99999930657,0.286846314168,226,full_d,4.283
16,16-QAM,0.9,0.812830516164,1.25,0.161309721328,0.99999960426,0.28186244256,226,full_d,4.312
16,16-QAM,0.9,0.812830516164,1.26,0.161588372345,0.999999778895,0.276960417481,226,full_d,4.331
16,16-QAM,0.9,0.812830516164,1.27,0.161788204515,0.999999644893,0.272142333676,226,full_d,4.237
16,16-QAM,0.9,0.812830516164,1.28,0.161915025746,0.999999921404,0.26741008963,226,full_d,4.233
16,16-QAM,0.9,0.812830516164,1.29,0.161975338948,0.999999959884,0.262765353285,226,full_d,4.200
16,16-QAM,0.9,0.812830516164,1.3,0.162034450623,0.999999906735,0.258209536354,222,bridge,4.127
16,16-QAM,0.9,0.812830516164,1.31,0.16206111329,0.999999898421,0.253743758673,222,full_d,4.308
16,16-QAM,0.9,0.812830516164,1.32,0.162038618755,0.99999988211,0.249368849429,222,full_d,4.280
16,16-QAM,0.9,0.812830516164,1.33,0.161975510871,0.999999079139,0.245085326396,222,full_d,4.301
16,16-QAM,0.9,0.812830516164,1.34,0.161881054465,0.999999564556,0.240893395806,222,full_d,4.275
16,16-QAM,0.9,0.812830516164,1.35,0.161933927715,0.999999934745,0.236792956151,226,full_d,4.364
16,16-QAM,0.9,0.812830516164,1.36,0.162063017689,0.999999965793,0.232783608035,222,full_d,4.418
16,16-QAM,0.9,0.812830516164,1.37,0.162355193262,0.999999994888,0.228864669353,222,full_d,4.472
16,16-QAM,0.9,0.812830516164,1.375,0.162542115594,0.999999995338,0.226938817851,226,bridge,4.529
16,16-QAM,0.9,0.812830516164,1.38,0.162802327074,0.999999958008,0.22503519496,226,full_d,4.350
16,16-QAM,0.9,0.812830516164,1.39,0.163349247226,0.999999996026,0.221293999954,226,full_d,4.346
16,16-QAM,0.9,0.812830516164,1.4,0.163934989195,0.999999995947,0.217639685676,226,full_d,4.322
16,16-QAM,0.9,0.812830516164,1.41,0.164563105598,0.999999995339,0.21407066765,226,full_d,4.421
16,16-QAM,0.9,0.812830516164,1.42,0.165236358194,0.999999985546,0.21058520473,226,full_d,4.430
16,16-QAM,0.9,0.812830516164,1.43,0.166151641986,0.999999998746,0.207181428871,228,full_d,5.875
16,16-QAM,0.9,0.812830516164,1.44,0.167126418804,0.999999998933,0.203857375037,228,full_d,5.747
16,16-QAM,0.9,0.812830516164,1.45,0.168158193008,0.999999999664,0.200611010852,228,bridge,5.744
16,16-QAM,0.9,0.812830516164,1.46,0.1692454252,0.999999995995,0.197440265659,228,full_d,6.061
16,16-QAM,0.9,0.812830516164,1.47,0.170582919017,0.999999999827,0.194343058661,236,full_d,5.974
16,16-QAM,0.9,0.812830516164,1.48,0.1722455469,0.999999999883,0.191317325827,236,full_d,5.937
16,16-QAM,0.9,0.812830516164,1.49,0.173954117153,0.999999999291,0.188361045191,236,full_d,6.052
16,16-QAM,0.9,0.812830516164,1.5,0.175721321929,0.99999999958,0.18547226011,240,full_d,6.014
16,16-QAM,0.9,0.812830516164,1.51,0.177548231622,0.99999999975,0.182649100002,244,full_d,6.052
16,16-QAM,0.9,0.812830516164,1.52,0.17942299364,0.999999999669,0.179889798057,244,full_d,5.937
16,16-QAM,0.9,0.812830516164,1.525,0.180371214113,0.999999999952,0.178533573704,244,bridge,6.182
16,16-QAM,0.9,0.812830516164,1.53,0.181325693554,0.99999999967,0.17719270538,244,full_d,6.001
16,16-QAM,0.9,0.812830516164,1.54,0.183250708337,0.999999999781,0.174556301105,244,full_d,6.052
16,16-QAM,0.9,0.812830516164,1.55,0.185243619903,0.999999999894,0.171979198104,248,full_d,5.985
16,16-QAM,0.9,0.812830516164,1.56,0.187260056244,0.999999999958,0.169460144045,248,full_d,5.992
16,16-QAM,0.9,0.812830516164,1.57,0.189286208445,0.999999999969,0.166998017775,248,full_d,6.113
16,16-QAM,0.9,0.812830516164,1.58,0.191320126192,0.999999999983,0.164591821184,250,full_d,5.879
16,16-QAM,0.9,0.812830516164,1.59,0.193401522375,0.999999999988,0.162240666937,254,full_d,5.979
16,16-QAM,0.9,0.812830516164,1.6,0.195600099365,0.999999999994,0.159943762643,256,bridge,6.136
16,16-QAM,0.9,0.812830516164,1.61,0.197833258881,0.999999999998,0.1577003922,256,full_d,6.168
16,16-QAM,0.9,0.812830516164,1.62,0.200068002572,0.999999999997,0.155509895132,254,full_d,5.967
16,16-QAM,0.9,0.812830516164,1.63,0.202308075467,0.999999999997,0.153371644816,254,full_d,6.215
16,16-QAM,0.9,0.812830516164,1.64,0.204545728072,0.999999999996,0.151285026449,254,full_d,8.061
16,16-QAM,0.9,0.812830516164,1.65,0.206782222532,0.999999999998,0.149249415583,254,full_d,8.191
16,16-QAM,0.9,0.812830516164,1.66,0.209020339836,0.999999999998,0.147264157925,256,full_d,8.156
16,16-QAM,0.9,0.812830516164,1.67,0.211271006068,0.999999999999,0.145328551017,256,full_d,8.289
16,16-QAM,0.9,0.812830516164,1.675,0.212399346169,0.999999999999,0.144379129921,256,bridge,8.142
16,16-QAM,0.9,0.812830516164,1.68,0.213529958803,0.999999999999,0.14344182826,256,full_d,8.341
16,16-QAM,0.9,0.812830516164,1.69,0.215798703734,0.999999999999,0.141603145628,256,full_d,8.312
16,16-QAM,0.9,0.812830516164,1.7,0.218078399923,0.999999999997,0.139811571311,256,full_d,8.242
16,16-QAM,0.9,0.812830516164,1.71,0.220369708158,0.999999999999,0.138066078416,256,full_d,8.169
16,16-QAM,0.9,0.812830516164,1.72,0.222672640375,1,0.136365540788,256,full_d,8.224
16,16-QAM,0.9,0.812830516164,1.73,0.224986412642,1,0.134708731936,256,full_d,8.265
16,16-QAM,0.9,0.812830516164,1.74,0.227309305448,1,0.133094326998,256,full_d,8.172
16,16-QAM,0.9,0.812830516164,1.75,0.229638536138,0.999999999999,0.131520907659,256,bridge,8.180
16,16-QAM,0.9,0.812830516164,1.76,0.231970149341,1,0.129986969862,256,full_d,8.279
16,16-QAM,0.9,0.812830516164,1.77,0.234298931766,1,0.128490934154,256,full_d,8.354
16,16-QAM,0.9,0.812830516164,1.78,0.236618357779,1,0.127031158428,256,full_d,8.187
16,16-QAM,0.9,0.812830516164,1.79,0.238920571639,1,0.125605952807,256,full_d,8.265
16,16-QAM,0.9,0.812830516164,1.8,0.241196411166,1,0.124213596337,256,full_d,8.510
16,16-QAM,0.9,0.812830516164,1.81,0.243435476004,1,0.12285235511,256,full_d,8.358
16,16-QAM,0.9,0.812830516164,1.82,0.245626241515,1,0.121520501354,256,full_d,8.332
16,16-QAM,0.9,0.812830516164,1.83,0.247756216995,1,0.120216333006,256,full_d,8.558
16,16-QAM,0.9,0.812830516164,1.84,0.24981214445,1,0.118938193177,256,high_d,8.390
16,16-QAM,0.9,0.812830516164,1.845,0.250808044067,1,0.11830838318,256,high_d,8.232
16,16-QAM,0.9,0.812830516164,1.85,0.251780231882,0.999999999999,0.117684488945,256,high_d,8.290
16,16-QAM,0.9,0.812830516164,1.855,0.252726943093,1,0.117066324224,256,high_d,8.288
16,16-QAM,0.9,0.812830516164,1.86,0.253646412988,1,0.116453708855,256,high_d,8.328
16,16-QAM,0.9,0.812830516164,1.865,0.25453688582,1,0.1158464692,256,high_d,8.294
16,16-QAM,0.9,0.812830516164,1.87,0.255396623694,1,0.115244438536,256,high_d,8.348
16,16-QAM,0.9,0.812830516164,1.875,0.25622391539,1,0.114647457407,256,high_d,8.357
16,16-QAM,0.9,0.812830516164,1.88,0.257017085026,1,0.114055373919,256,high_d,8.407
16,16-QAM,0.9,0.812830516164,1.885,0.257774500505,0.999999999999,0.113468043994,256,high_d,8.276
16,16-QAM,0.9,0.812830516164,1.89,0.258494581654,1,0.112885331566,256,high_d,8.204
16,16-QAM,0.9,0.812830516164,1.895,0.259175807994,1,0.112307108724,256,high_d,8.360
16,16-QAM,0.9,0.812830516164,1.9,0.259816726102,0.999999999999,0.1117332558,256,high_d,8.193
16,16-QAM,0.9,0.812830516164,1.905,0.26041595649,1,0.111163661405,256,high_d,8.200
16,16-QAM,0.9,0.812830516164,1.91,0.260972199998,0.999999999999,0.110598222402,256,high_d,8.239
16,16-QAM,0.9,0.812830516164,1.915,0.261484243665,0.999999999999,0.110036843842,256,high_d,8.351
16,16-QAM,0.9,0.812830516164,1.92,0.261950966072,1,0.109479438828,256,high_d,8.337
16,16-QAM,0.9,0.812830516164,1.925,0.262371342184,0.999999999999,0.108925928349,256,high_d,8.434
16,16-QAM,0.9,0.812830516164,1.93,0.262744447721,1,0.108376241056,256,high_d,8.287
16,16-QAM,0.9,0.812830516164,1.935,0.263069463106,1,0.107830312998,256,high_d,8.289
16,16-QAM,0.9,0.812830516164,1.94,0.263345677085,1,0.107288087323,256,high_d,8.262
16,16-QAM,0.9,0.812830516164,1.945,0.263572490106,1,0.106749513938,256,high_d,8.372
16,16-QAM,0.9,0.812830516164,1.95,0.263749417611,0.999999999999,0.106214549147,256,high_d,8.292
16,16-QAM,0.9,0.812830516164,1.955,0.263876093394,1,0.105683155255,256,high_d,8.144
16,16-QAM,0.9,0.812830516164,1.96,0.263952273253,1,0.105155300161,256,high_d,8.303
16,16-QAM,0.9,0.812830516164,1.965,0.263977839322,1,0.104630956928,256,high_d,8.233
16,16-QAM,0.9,0.812830516164,1.97,0.2639528307,1,0.104110103349,256,high_d,8.361
16,16-QAM,0.9,0.812830516164,1.975,0.263877626709,1,0.103592721504,256,high_d,8.265
16,16-QAM,0.9,0.812830516164,1.98,0.263752851685,0.999999999999,0.103078797318,256,high_d,8.432
16,16-QAM,0.9,0.812830516164,1.985,0.26357927811,1,0.102568320127,256,high_d,8.320
16,16-QAM,0.9,0.812830516164,1.99,0.263357809852,1,0.102061282245,256,high_d,8.177
16,16-QAM,0.9,0.812830516164,1.995,0.263089466838,1,0.101557678553,256,high_d,8.422
16,16-QAM,0.9,0.812830516164,2,0.262775370293,0.999999999999,0.101057506095,256,high_d,8.399
16,16-QAM,0.9,0.812830516164,2.005,0.262416728426,0.999999999999,0.100560763701,256,high_d,8.377
16,16-QAM,0.9,0.812830516164,2.01,0.262014822604,1,0.100067451626,256,high_d,8.578
16,16-QAM,0.9,0.812830516164,2.015,0.261570994137,1,0.0995775712172,256,high_d,8.597
16,16-QAM,0.9,0.812830516164,2.02,0.261086631734,0.999999999999,0.099091124607,256,high_d,8.624
16,16-QAM,0.9,0.812830516164,2.025,0.260563159715,1,0.0986081144295,256,high_d,8.591
16,16-QAM,0.9,0.812830516164,2.03,0.260002027013,1,0.098128543569,256,high_d,8.332
16,16-QAM,0.9,0.812830516164,2.035,0.259404697013,0.999999999999,0.0976524149352,256,high_d,8.163
16,16-QAM,0.9,0.812830516164,2.04,0.258772638217,0.999999999999,0.0971797312672,256,high_d,7.934
16,16-QAM,0.9,0.812830516164,2.045,0.25810731575,1,0.0967104949658,256,high_d,7.916
16,16-QAM,0.9,0.812830516164,2.05,0.257410183681,1,0.0962447079529,256,high_d,5.891
16,16-QAM,0.9,0.812830516164,2.06,0.255926211233,1,0.0953234864267,256,full_d,8.191
16,16-QAM,0.9,0.812830516164,2.07,0.254331889893,1,0.0944160687768,256,full_d,8.358
16,16-QAM,0.9,0.812830516164,2.08,0.252637848383,0.999999999999,0.0935224446377,256,full_d,8.312
16,16-QAM,0.9,0.812830516164,2.09,0.25085405541,1,0.0926425907632,256,full_d,8.173
16,16-QAM,0.9,0.812830516164,2.1,0.248989736187,0.999999999999,0.0917764716849,256,full_d,8.183
16,16-QAM,0.9,0.812830516164,2.11,0.247053319615,0.999999999999,0.0909240412161,256,full_d,8.235
16,16-QAM,0.9,0.812830516164,2.12,0.245052410886,1,0.0900852445677,256,full_d,8.295
16,16-QAM,0.9,0.812830516164,2.13,0.24299378483,1,0.0892600208547,256,full_d,8.274
16,16-QAM,0.9,0.812830516164,2.14,0.240883396214,1,0.0884483057896,256,full_d,7.168
16,16-QAM,0.9,0.812830516164,2.15,0.238726403284,1,0.087650034385,256,full_d,6.127
16,16-QAM,0.95,0.803526122186,0.3,0.186178139186,0.999989174884,0.915698962368,224,full_d,1.069
16,16-QAM,0.95,0.803526122186,0.31,0.191340232651,0.999992676839,0.910275331603,224,full_d,0.937
16,16-QAM,0.95,0.803526122186,0.32,0.196058603241,0.999993634433,0.904711571205,224,full_d,0.963
16,16-QAM,0.95,0.803526122186,0.33,0.200320937108,0.999994586564,0.899011161092,224,full_d,1.204
16,16-QAM,0.95,0.803526122186,0.34,0.204117795425,0.999996756162,0.893177672582,224,low_d,1.368
16,16-QAM,0.95,0.803526122186,0.3425,0.204993284953,0.999996742148,0.891698934196,224,low_d,1.217
16,16-QAM,0.95,0.803526122186,0.345,0.205838848176,0.999995197669,0.890212165032,224,low_d,1.022
16,16-QAM,0.95,0.803526122186,0.3475,0.206654688655,0.999993417027,0.888717423574,224,low_d,1.004
16,16-QAM,0.95,0.803526122186,0.35,0.207441471206,0.999994847888,0.887214768681,224,low_d,0.971
16,16-QAM,0.95,0.803526122186,0.3525,0.208198355106,0.999995600719,0.885704259558,224,low_d,0.953
16,16-QAM,0.95,0.803526122186,0.355,0.208925499365,0.999996565935,0.884185955775,224,low_d,1.004
16,16-QAM,0.95,0.803526122186,0.3575,0.209622277344,0.999994830042,0.882659917261,224,low_d,0.872
16,16-QAM,0.95,0.803526122186,0.36,0.210289611284,0.999994814881,0.881126204306,224,low_d,0.665
16,16-QAM,0.95,0.803526122186,0.3625,0.210927396869,0.999995968501,0.879584877557,224,low_d,0.612
16,16-QAM,0.95,0.803526122186,0.365,0.211535466947,0.999997395104,0.878035998021,224,low_d,0.610
16,16-QAM,0.95,0.803526122186,0.3675,0.212112899575,0.999994596935,0.876479627064,224,low_d,0.618
16,16-QAM,0.95,0.803526122186,0.37,0.212661766997,0.999997148624,0.874915826408,224,low_d,0.633
16,16-QAM,0.95,0.803526122186,0.3725,0.21318055468,0.999997649567,0.873344658133,224,low_d,0.615
16,16-QAM,0.95,0.803526122186,0.375,0.213669087883,0.999994969441,0.87176618466,224,low_d,0.639
16,16-QAM,0.95,0.803526122186,0.3775,0.214128432527,0.999993783225,0.870180468804,224,low_d,0.616
16,16-QAM,0.95,0.803526122186,0.38,0.214558675654,0.999994072195,0.86858757369,224,low_d,0.667
16,16-QAM,0.95,0.803526122186,0.3825,0.214960147421,0.9999968712,0.866987562816,224,low_d,0.608
16,16-QAM,0.95,0.803526122186,0.385,0.215332114742,0.999998263117,0.865380500016,224,low_d,0.629
16,16-QAM,0.95,0.803526122186,0.3875,0.215673677095,0.999993509682,0.863766449488,224,low_d,0.587
16,16-QAM,0.95,0.803526122186,0.39,0.215987599184,0.99999484067,0.862145475748,224,low_d,0.606
16,16-QAM,0.95,0.803526122186,0.3925,0.216271532611,0.99999069554,0.860517643652,224,low_d,0.653
16,16-QAM,0.95,0.803526122186,0.395,0.216528532535,0.999994494537,0.858883018411,224,low_d,0.619
16,16-QAM,0.95,0.803526122186,0.3975,0.216756307279,0.999994878568,0.857241665563,224,low_d,0.616
16,16-QAM,0.95,0.803526122186,0.4,0.216955708012,0.999994972257,0.855593650955,224,low_d,0.603
16,16-QAM,0.95,0.803526122186,0.4025,0.217125799291,0.999989606644,0.853939040768,224,low_d,0.616
16,16-QAM,0.95,0.803526122186,0.405,0.217270648549,0.999996610413,0.852277901499,224,low_d,0.651
16,16-QAM,0.95,0.803526122186,0.4075,0.217385866868,0.999994821223,0.850610299948,224,low_d,0.608
16,16-QAM,0.95,0.803526122186,0.41,0.217473729999,0.999993716649,0.848936303232,224,low_d,0.647
16,16-QAM,0.95,0.803526122186,0.4125,0.217534479599,0.999993360391,0.84725597874,224,low_d,0.588
16,16-QAM,0.95,0.803526122186,0.415,0.217568559524,0.999994701181,0.845569394163,224,low_d,0.616
16,16-QAM,0.95,0.803526122186,0.4175,0.217575783625,0.999995746374,0.843876617469,224,low_d,0.640
16,16-QAM,0.95,0.803526122186,0.42,0.217556529306,0.999997086512,0.842177716797,224,low_d,0.595
16,16-QAM,0.95,0.803526122186,0.4225,0.217510554409,0.999996311196,0.840472760827,224,low_d,0.643
16,16-QAM,0.95,0.803526122186,0.425,0.217438773738,0.999996389585,0.838761818214,224,low_d,0.646
16,16-QAM,0.95,0.803526122186,0.4275,0.217341205137,0.999996101623,0.837044957872,224,low_d,0.647
16,16-QAM,0.95,0.803526122186,0.43,0.217217375046,0.999991887033,0.835322249134,224,low_d,0.652
16,16-QAM,0.95,0.803526122186,0.4325,0.217069291009,0.999991601782,0.833593761371,224,low_d,0.603
16,16-QAM,0.95,0.803526122186,0.435,0.216897116333,0.99999456398,0.831859564199,224,low_d,0.592
16,16-QAM,0.95,0.803526122186,0.4375,0.216699529736,0.999993202774,0.830119727419,224,low_d,0.593
16,16-QAM,0.95,0.803526122186,0.44,0.21647877212,0.999996338404,0.828374321024,224,low_d,0.644
16,16-QAM,0.95,0.803526122186,0.4425,0.216233373869,0.999995627744,0.826623415142,224,low_d,0.616
16,16-QAM,0.95,0.803526122186,0.445,0.21596500511,0.999997192291,0.824867080046,224,low_d,0.812
16,16-QAM,0.95,0.803526122186,0.4475,0.215673088621,0.999996736246,0.823105386139,224,low_d,0.814
16,16-QAM,0.95,0.803526122186,0.45,0.215357841004,0.999993572569,0.821338403947,224,low_d,0.844
16,16-QAM,0.95,0.803526122186,0.4525,0.215021486045,0.999996326105,0.819566203996,224,low_d,0.831
16,16-QAM,0.95,0.803526122186,0.455,0.21466269722,0.999997107492,0.81778885697,224,low_d,0.822
16,16-QAM,0.95,0.803526122186,0.4575,0.21428208537,0.999996986925,0.816006433576,224,low_d,0.819
16,16-QAM,0.95,0.803526122186,0.46,0.213879755505,0.999994648262,0.814219004564,224,low_d,0.869
16,16-QAM,0.95,0.803526122186,0.4625,0.213457179785,0.999995131607,0.812426640619,224,low_d,0.818
16,16-QAM,0.95,0.803526122186,0.465,0.213014237633,0.999996032506,0.810629412483,224,low_d,0.808
16,16-QAM,0.95,0.803526122186,0.4675,0.212550680807,0.999994297055,0.808827390854,224,low_d,0.805
16,16-QAM,0.95,0.803526122186,0.47,0.212068365056,0.999996749846,0.807020646318,224,low_d,0.809
16,16-QAM,0.95,0.803526122186,0.4725,0.21156609566,0.999995838083,0.805209249423,224,low_d,0.815
16,16-QAM,0.95,0.803526122186,0.475,0.2110452752,0.99999616544,0.803393270151,224,low_d,0.842
16,16-QAM,0.95,0.803526122186,0.4775,0.210505841358,0.99999558745,0.801572779689,224,low_d,0.800
16,16-QAM,0.95,0.803526122186,0.48,0.209948484246,0.999995372226,0.79974784753,224,low_d,0.808
16,16-QAM,0.95,0.803526122186,0.4825,0.209373328759,0.999994074345,0.797918543948,224,low_d,0.817
16,16-QAM,0.95,0.803526122186,0.485,0.208780173977,0.999988725884,0.796084938552,224,low_d,0.816
16,16-QAM,0.95,0.803526122186,0.4875,0.208172001888,0.999991593772,0.794247100852,224,low_d,0.814
16,16-QAM,0.95,0.803526122186,0.49,0.207547797509,0.999995832434,0.792405100102,224,low_d,0.828
16,16-QAM,0.95,0.803526122186,0.4925,0.20690637685,0.999993690252,0.790559005336,224,low_d,0.813
16,16-QAM,0.95,0.803526122186,0.495,0.206250013067,0.999994114099,0.788708885109,224,low_d,0.864
16,16-QAM,0.95,0.803526122186,0.4975,0.205579029663,0.999996661906,0.786854807753,224,low_d,0.816
16,16-QAM,0.95,0.803526122186,0.5,0.204892073134,0.999992718969,0.784996841252,224,low_d,0.919
16,16-QAM,0.95,0.803526122186,0.51,0.20200994015,0.999995913344,0.777527428933,224,full_d,1.376
16,16-QAM,0.95,0.803526122186,0.52,0.198924351372,0.999991142021,0.770001116517,224,full_d,1.242
16,16-QAM,0.95,0.803526122186,0.53,0.195663370027,0.999995886468,0.762422028253,224,full_d,1.186
16,16-QAM,0.95,0.803526122186,0.54,0.192246632161,0.999993173497,0.754794140166,224,full_d,0.902
16,16-QAM,0.95,0.803526122186,0.55,0.188698055237,0.999996819469,0.747121266793,224,bridge,0.886
16,16-QAM,0.95,0.803526122186,0.56,0.185034993028,0.999996465932,0.73940705755,224,full_d,0.895
16,16-QAM,0.95,0.803526122186,0.57,0.181275972956,0.999997326144,0.731655007439,224,full_d,1.023
16,16-QAM,0.95,0.803526122186,0.58,0.177435973621,0.999994643189,0.723868481458,224,full_d,1.040
16,16-QAM,0.95,0.803526122186,0.59,0.173530575306,0.999996405457,0.716050754977,224,full_d,1.125
16,16-QAM,0.95,0.803526122186,0.6,0.169571418284,0.999996060627,0.708205065406,224,full_d,1.133
16,16-QAM,0.95,0.803526122186,0.61,0.165570491112,0.999994891363,0.700334667824,224,full_d,1.148
16,16-QAM,0.95,0.803526122186,0.62,0.161539402106,0.999995609629,0.692442890551,224,full_d,1.122
16,16-QAM,0.95,0.803526122186,0.625,0.159604705358,0.999992842989,0.688490056039,220,bridge,1.181
16,16-QAM,0.95,0.803526122186,0.63,0.157705645298,0.999996229587,0.684533179367,220,full_d,1.118
16,16-QAM,0.95,0.803526122186,0.64,0.154254065873,0.999997056094,0.676609120543,204,full_d,1.136
16,16-QAM,0.95,0.803526122186,0.65,0.151551685164,0.999996415771,0.668674446967,194,full_d,1.126
16,16-QAM,0.95,0.803526122186,0.66,0.149288578306,0.999992920787,0.66073302028,186,full_d,1.139
16,16-QAM,0.95,0.803526122186,0.67,0.147359421714,0.999994102507,0.652788796075,178,full_d,1.185
16,16-QAM,0.95,0.803526122186,0.68,0.145687874668,0.999994478747,0.644845778983,174,full_d,1.190
16,16-QAM,0.95,0.803526122186,0.69,0.143899972592,0.999991631147,0.636907976684,178,full_d,1.241
16,16-QAM,0.95,0.803526122186,0.7,0.142039116081,0.999991244435,0.628979353644,178,bridge,1.413
16,16-QAM,0.95,0.803526122186,0.71,0.14006386138,0.999993873387,0.621063794841,178,full_d,1.493
16,16-QAM,0.95,0.803526122186,0.72,0.137989298923,0.999995989009,0.613165075989,178,full_d,1.544
16,16-QAM,0.95,0.803526122186,0.73,0.135832048891,0.999997183966,0.605286843997,178,full_d,1.564
16,16-QAM,0.95,0.803526122186,0.74,0.133608832231,0.9999961857,0.597432602594,178,full_d,1.536
16,16-QAM,0.95,0.803526122186,0.75,0.131623673999,0.999997271474,0.589605703636,178,full_d,1.506
16,16-QAM,0.95,0.803526122186,0.76,0.129817173279,0.999995295043,0.581809345676,180,full_d,1.574
16,16-QAM,0.95,0.803526122186,0.77,0.12840831457,0.999995798696,0.574046575717,176,full_d,1.565
16,16-QAM,0.95,0.803526122186,0.775,0.127772753349,0.999992626842,0.570178697814,176,bridge,1.596
16,16-QAM,0.95,0.803526122186,0.78,0.127181335434,0.999994985206,0.566320292712,178,full_d,1.550
16,16-QAM,0.95,0.803526122186,0.79,0.126087659735,0.999998250339,0.558633253289,178,full_d,1.562
16,16-QAM,0.95,0.803526122186,0.8,0.125203686643,0.999997553104,0.550988080018,182,full_d,1.499
16,16-QAM,0.95,0.803526122186,0.81,0.124989547368,0.999995927303,0.543387266324,174,full_d,1.510
16,16-QAM,0.95,0.803526122186,0.82,0.125003985711,0.999992507743,0.535833179944,176,full_d,1.566
16,16-QAM,0.95,0.803526122186,0.83,0.125034599112,0.999995545819,0.528328056828,176,full_d,1.600
16,16-QAM,0.95,0.803526122186,0.84,0.124912839259,0.999993964999,0.520874022232,176,full_d,2.113
16,16-QAM,0.95,0.803526122186,0.85,0.124896881036,0.999995857245,0.513473048451,178,bridge,2.120
16,16-QAM,0.95,0.803526122186,0.86,0.124698811353,0.999993311335,0.506126983231,182,full_d,2.143
16,16-QAM,0.95,0.803526122186,0.87,0.124337963102,0.999995281647,0.498837512369,182,full_d,2.155
16,16-QAM,0.95,0.803526122186,0.88,0.123780934187,0.999994335666,0.49160616135,182,full_d,2.180
16,16-QAM,0.95,0.803526122186,0.89,0.123032497545,0.999995572527,0.484434279661,182,full_d,2.114
16,16-QAM,0.95,0.803526122186,0.9,0.122098971368,0.999997115131,0.477323028639,182,full_d,2.186
16,16-QAM,0.95,0.803526122186,0.91,0.121056842311,0.999998010016,0.470273373507,178,full_d,2.165
16,16-QAM,0.95,0.803526122186,0.92,0.120066356992,0.999994167532,0.463286080163,184,full_d,2.194
16,16-QAM,0.95,0.803526122186,0.925,0.119610322776,0.999992759298,0.459816002306,184,bridge,2.152
16,16-QAM,0.95,0.803526122186,0.93,0.11912568879,0.999996911325,0.456361709019,184,full_d,2.224
16,16-QAM,0.95,0.803526122186,0.94,0.118075588519,0.999994871275,0.449500621996,188,full_d,2.220
16,16-QAM,0.95,0.803526122186,0.95,0.117100925509,0.999996962212,0.442702988996,192,full_d,2.153
16,16-QAM,0.95,0.803526122186,0.96,0.11611517797,0.999998204947,0.435968798879,196,full_d,2.157
16,16-QAM,0.95,0.803526122186,0.97,0.11514164455,0.999995453496,0.429297876459,196,full_d,2.211
16,16-QAM,0.95,0.803526122186,0.98,0.114061087696,0.999995495632,0.422689896494,196,full_d,2.190
16,16-QAM,0.95,0.803526122186,0.99,0.113039006151,0.999998973722,0.416144414627,200,full_d,2.330
16,16-QAM,0.95,0.803526122186,1,0.11201117484,0.999995615053,0.4096608848,196,bridge,2.237
16,16-QAM,0.95,0.803526122186,1.01,0.111170826953,0.999997317641,0.403238687351,188,full_d,3.010
16,16-QAM,0.95,0.803526122186,1.02,0.110345095964,0.9999972687,0.396877158324,188,full_d,3.074
16,16-QAM,0.95,0.803526122186,1.03,0.109437574206,0.999998434385,0.390575617145,188,full_d,3.157
16,16-QAM,0.95,0.803526122186,1.04,0.108457311953,0.999997983467,0.384333396837,188,full_d,3.057
16,16-QAM,0.95,0.803526122186,1.05,0.107475197184,0.999997232546,0.378149870005,186,full_d,3.100
16,16-QAM,0.95,0.803526122186,1.06,0.106834604751,0.999998342762,0.372024482158,190,full_d,3.201
16,16-QAM,0.95,0.803526122186,1.07,0.106752176184,0.99999746242,0.365956779177,196,full_d,3.198
16,16-QAM,0.95,0.803526122186,1.075,0.106796098911,0.999996802696,0.362944451848,196,bridge,3.106
16,16-QAM,0.95,0.803526122186,1.08,0.106828003686,0.999998550017,0.359946435633,196,full_d,3.163
16,16-QAM,0.95,0.803526122186,1.09,0.106883435359,0.99999791188,0.353993277685,200,full_d,3.243
16,16-QAM,0.95,0.803526122186,1.1,0.107011111369,0.999998074991,0.348097313947,204,full_d,3.117
16,16-QAM,0.95,0.803526122186,1.11,0.107197120722,0.999998917873,0.342258747556,204,full_d,3.101
16,16-QAM,0.95,0.803526122186,1.12,0.107326598342,0.999997869143,0.336478003805,204,full_d,3.098
16,16-QAM,0.95,0.803526122186,1.13,0.107400229946,0.999997517862,0.330755737326,204,full_d,3.054
16,16-QAM,0.95,0.803526122186,1.14,0.10742735298,0.999998046638,0.325092842141,200,full_d,3.063
16,16-QAM,0.95,0.803526122186,1.15,0.10741461784,0.999999352754,0.319490453421,200,bridge,3.191
16,16-QAM,0.95,0.803526122186,1.16,0.10734480236,0.999999217281,0.313949942895,200,full_d,3.068
16,16-QAM,0.95,0.803526122186,1.17,0.107219145426,0.999998403864,0.308472909949,200,full_d,3.109
16,16-QAM,0.95,0.803526122186,1.18,0.107221803634,0.999998337784,0.303061159952,198,full_d,3.193
16,16-QAM,0.95,0.803526122186,1.19,0.107339798891,0.999998845984,0.297716684367,198,full_d,4.272
16,16-QAM,0.95,0.803526122186,1.2,0.107391028797,0.999999194631,0.292441629086,198,full_d,4.250
16,16-QAM,0.95,0.803526122186,1.21,0.107441050763,0.999999609416,0.287238260138,194,full_d,4.245
16,16-QAM,0.95,0.803526122186,1.22,0.107507449369,0.999999817633,0.282108924908,190,full_d,4.389
16,16-QAM,0.95,0.803526122186,1.225,0.107552365329,0.999999769811,0.279572765488,190,bridge,4.218
16,16-QAM,0.95,0.803526122186,1.23,0.107580830683,0.999999380714,0.27705600984,190,full_d,4.347
16,16-QAM,0.95,0.803526122186,1.24,0.107589469982,0.999999084114,0.272081898407,190,full_d,4.489
16,16-QAM,0.95,0.803526122186,1.25,0.107693662302,0.999998255968,0.267188923651,194,full_d,4.431
16,16-QAM,0.95,0.803526122186,1.26,0.107750436395,0.999999466819,0.2623793255,194,full_d,4.458
16,16-QAM,0.95,0.803526122186,1.27,0.107755008861,0.999999242877,0.257655207269,198,full_d,4.327
16,16-QAM,0.95,0.803526122186,1.28,0.107746031688,0.999999879397,0.253018495158,202,full_d,4.371
16,16-QAM,0.95,0.803526122186,1.29,0.107713577783,0.999999886396,0.248470901453,202,full_d,4.316
16,16-QAM,0.95,0.803526122186,1.3,0.107617974772,0.999999607851,0.244013895402,202,bridge,4.265
16,16-QAM,0.95,0.803526122186,1.31,0.107500475468,0.999999464819,0.23964866566,204,full_d,4.386
16,16-QAM,0.95,0.803526122186,1.32,0.107441264949,0.999999952089,0.235376115658,194,full_d,4.432
16,16-QAM,0.95,0.803526122186,1.33,0.107392956225,0.999999966457,0.231196840324,194,full_d,4.310
16,16-QAM,0.95,0.803526122186,1.34,0.107304116232,0.999999956782,0.227111121792,198,full_d,4.319
16,16-QAM,0.95,0.803526122186,1.35,0.107265014802,0.999999900341,0.223118929539,194,full_d,4.266
16,16-QAM,0.95,0.803526122186,1.36,0.107216072423,0.999999871788,0.219219926887,194,full_d,4.395
16,16-QAM,0.95,0.803526122186,1.37,0.107139699395,0.999999981554,0.215413483234,194,full_d,4.410
16,16-QAM,0.95,0.803526122186,1.375,0.107093807805,0.999999997617,0.21354469775,194,bridge,4.654
16,16-QAM,0.95,0.803526122186,1.38,0.10704414536,0.999999970868,0.211698691277,194,full_d,4.394
16,16-QAM,0.95,0.803526122186,1.39,0.106937560083,0.999999996531,0.208074388327,194,full_d,5.833
16,16-QAM,0.95,0.803526122186,1.4,0.107085193799,0.999999995891,0.204539180854,200,full_d,6.608
16,16-QAM,0.95,0.803526122186,1.41,0.10732204117,0.999999998801,0.201091471386,200,full_d,6.651
16,16-QAM,0.95,0.803526122186,1.42,0.107601826506,0.999999996137,0.197729487009,198,full_d,6.722
16,16-QAM,0.95,0.803526122186,1.43,0.107982861063,0.999999980314,0.194451308787,190,full_d,6.567
16,16-QAM,0.95,0.803526122186,1.44,0.108496115808,0.999999999394,0.191254901558,186,full_d,6.254
16,16-QAM,0.95,0.803526122186,1.45,0.109355155944,0.999999998561,0.188138143672,194,bridge,5.977
16,16-QAM,0.95,0.803526122186,1.46,0.11050401027,0.999999998337,0.1850988563,194,full_d,6.183
16,16-QAM,0.95,0.803526122186,1.47,0.111780641751,0.999999999756,0.182134832012,194,full_d,6.228
16,16-QAM,0.95,0.803526122186,1.48,0.113097276563,0.999999997371,0.179243862335,194,full_d,6.200
16,16-QAM,0.95,0.803526122186,1.49,0.114451348605,0.999999999953,0.176423763964,192,full_d,5.976
16,16-QAM,0.95,0.803526122186,1.5,0.115839375512,0.999999999892,0.173672403278,194,full_d,6.018
16,16-QAM,0.95,0.803526122186,1.51,0.117258524075,0.999999999819,0.170987718744,194,full_d,5.960
16,16-QAM,0.95,0.803526122186,1.52,0.118837458923,0.999999999845,0.168367740732,202,full_d,6.030
16,16-QAM,0.95,0.803526122186,1.525,0.1197975209,0.999999999896,0.167081430483,202,bridge,6.269
16,16-QAM,0.95,0.803526122186,1.53,0.120760448269,0.999999999481,0.165810608255,202,full_d,6.125
16,16-QAM,0.95,0.803526122186,1.54,0.122692180471,0.999999999765,0.163314582126,202,full_d,6.167
16,16-QAM,0.95,0.803526122186,1.55,0.124627477961,0.999999999958,0.160878054098,202,full_d,6.018
16,16-QAM,0.95,0.803526122186,1.56,0.126561644575,0.999999999981,0.158499551645,202,full_d,6.076
16,16-QAM,0.95,0.803526122186,1.57,0.128498825057,0.999999999953,0.156177738189,206,full_d,6.068
16,16-QAM,0.95,0.803526122186,1.58,0.130451385732,0.999999999956,0.153911408773,206,full_d,6.294
16,16-QAM,0.95,0.803526122186,1.59,0.132405965966,0.999999999963,0.151699481383,208,full_d,6.214
16,16-QAM,0.95,0.803526122186,1.6,0.134357977333,0.999999999993,0.149540984327,208,bridge,7.967
16,16-QAM,0.95,0.803526122186,1.61,0.136294852096,0.999999999997,0.147435040249,208,full_d,8.536
16,16-QAM,0.95,0.803526122186,1.62,0.138215689801,0.999999999996,0.145380847523,208,full_d,8.413
16,16-QAM,0.95,0.803526122186,1.63,0.140120303699,0.999999999994,0.143377659842,208,full_d,8.508
16,16-QAM,0.95,0.803526122186,1.64,0.142009136253,0.999999999995,0.141424764865,208,full_d,8.497
16,16-QAM,0.95,0.803526122186,1.65,0.143883158022,0.999999999998,0.13952146276,208,full_d,8.428
16,16-QAM,0.95,0.803526122186,1.66,0.145743755522,0.999999999994,0.137667045424,208,full_d,8.516
16,16-QAM,0.95,0.803526122186,1.67,0.147592612296,0.999999999996,0.135860777059,208,full_d,8.450
16,16-QAM,0.95,0.803526122186,1.675,0.148513215047,0.999999999999,0.134975456877,208,bridge,8.179
16,16-QAM,0.95,0.803526122186,1.68,0.149431586044,0.999999999997,0.13410187667,208,full_d,8.459
16,16-QAM,0.95,0.803526122186,1.69,0.151262583664,1,0.132389502926,208,full_d,8.291
16,16-QAM,0.95,0.803526122186,1.7,0.153128093876,1,0.130722741698,216,full_d,8.404
16,16-QAM,0.95,0.803526122186,1.71,0.155161626064,0.999999999999,0.12910059649,220,full_d,8.528
16,16-QAM,0.95,0.803526122186,1.72,0.157360250557,1,0.127521981873,232,full_d,8.515
16,16-QAM,0.95,0.803526122186,1.73,0.159649255567,0.999999999999,0.125985719958,232,full_d,8.997
16,16-QAM,0.95,0.803526122186,1.74,0.161940255474,1,0.124490539894,232,full_d,8.734
16,16-QAM,0.95,0.803526122186,1.75,0.164232621161,1,0.123035080314,232,bridge,8.282
16,16-QAM,0.95,0.803526122186,1.76,0.166524801794,0.999999999999,0.121617894617,232,full_d,8.685
16,16-QAM,0.95,0.803526122186,1.77,0.168814211917,1,0.120237458948,232,full_d,8.649
16,16-QAM,0.95,0.803526122186,1.78,0.171097141441,0.999999999999,0.118892182692,232,full_d,8.532
16,16-QAM,0.95,0.803526122186,1.79,0.173368694499,0.999999999999,0.117580421254,232,full_d,8.435
16,16-QAM,0.95,0.803526122186,1.8,0.175690604592,0.999999999999,0.116300490863,242,full_d,8.461
16,16-QAM,0.95,0.803526122186,1.81,0.178288977414,0.999999999999,0.115050685078,252,full_d,8.388
16,16-QAM,0.95,0.803526122186,1.82,0.180932892786,1,0.113829292611,256,full_d,8.267
16,16-QAM,0.95,0.803526122186,1.83,0.183543449637,1,0.112634616025,256,full_d,8.441
16,16-QAM,0.95,0.803526122186,1.84,0.186105676901,1,0.111464990818,256,high_d,8.346
16,16-QAM,0.95,0.803526122186,1.845,0.187364253776,1,0.110889065999,256,high_d,8.240
16,16-QAM,0.95,0.803526122186,1.85,0.188605367239,1,0.110318804343,256,high_d,8.307
16,16-QAM,0.95,0.803526122186,1.855,0.189827149064,1,0.109754015354,256,high_d,8.249
16,16-QAM,0.95,0.803526122186,1.86,0.191027710129,0.999999999999,0.109194513984,256,high_d,8.155
16,16-QAM,0.95,0.803526122186,1.865,0.192205149365,0.999999999999,0.108640121115,256,high_d,8.317
16,16-QAM,0.95,0.803526122186,1.87,0.193357562868,0.999999999999,0.108090664016,256,high_d,8.368
16,16-QAM,0.95,0.803526122186,1.875,0.194483053115,1,0.107545976756,256,high_d,8.419
16,16-QAM,0.95,0.803526122186,1.88,0.195579738181,1,0.10700590058,256,high_d,8.511
16,16-QAM,0.95,0.803526122186,1.885,0.196645760891,1,0.106470284233,256,high_d,8.358
16,16-QAM,0.95,0.803526122186,1.89,0.197679297799,1,0.105938984248,256,high_d,8.269
16,16-QAM,0.95,0.803526122186,1.895,0.198678567937,0.999999999999,0.105411865175,256,high_d,8.335
16,16-QAM,0.95,0.803526122186,1.9,0.199641841261,1,0.104888799761,256,high_d,8.337
16,16-QAM,0.95,0.803526122186,1.905,0.200567446711,1,0.104369669076,256,high_d,8.260
16,16-QAM,0.95,0.803526122186,1.91,0.201453779853,1,0.103854362591,256,high_d,8.463
16,16-QAM,0.95,0.803526122186,1.915,0.202299310036,1,0.103342778194,256,high_d,8.364
16,16-QAM,0.95,0.803526122186,1.92,0.20310258704,0.999999999999,0.102834822156,256,high_d,8.743
16,16-QAM,0.95,0.803526122186,1.925,0.203862247188,1,0.102330409049,256,high_d,8.643
16,16-QAM,0.95,0.803526122186,1.93,0.204577018931,1,0.101829461609,256,high_d,8.399
16,16-QAM,0.95,0.803526122186,1.935,0.205245727895,1,0.101331910553,256,high_d,8.530
16,16-QAM,0.95,0.803526122186,1.94,0.205867301436,0.999999999999,0.100837694349,256,high_d,8.231
16,16-QAM,0.95,0.803526122186,1.945,0.206440772753,1,0.100346758949,256,high_d,8.352
16,16-QAM,0.95,0.803526122186,1.95,0.206965284618,1,0.0998590574753,256,high_d,8.361
16,16-QAM,0.95,0.803526122186,1.955,0.207440092831,1,0.0993745498854,256,high_d,8.308
16,16-QAM,0.95,0.803526122186,1.96,0.207864569482,1,0.0988932025959,256,high_d,8.394
16,16-QAM,0.95,0.803526122186,1.965,0.208238206127,1,0.0984149880889,256,high_d,8.285
16,16-QAM,0.95,0.803526122186,1.97,0.208560616927,1,0.0979398844959,256,high_d,8.289
16,16-QAM,0.95,0.803526122186,1.975,0.208831541464,0.999999999999,0.0974678751678,256,high_d,8.361
16,16-QAM,0.95,0.803526122186,1.98,0.209050855113,1,0.0969989482349,256,high_d,8.225
16,16-QAM,0.95,0.803526122186,1.985,0.209218795711,1,0.0965330961614,256,high_d,8.360
16,16-QAM,0.95,0.803526122186,1.99,0.209335969316,1,0.0960703153003,256,high_d,8.476
16,16-QAM,0.95,0.803526122186,1.995,0.209403145635,0.999999999999,0.0956106054523,256,high_d,8.545
16,16-QAM,0.95,0.803526122186,2,0.209421236249,1,0.0951539694326,256,high_d,8.661
16,16-QAM,0.95,0.803526122186,2.005,0.209391278545,1,0.0947004126506,256,high_d,8.571
16,16-QAM,0.95,0.803526122186,2.01,0.209314419919,0.999999999999,0.0942499427046,256,high_d,8.588
16,16-QAM,0.95,0.803526122186,2.015,0.209191902359,1,0.0938025689963,256,high_d,8.507
16,16-QAM,0.95,0.803526122186,2.02,0.209025047527,1,0.0933583023656,256,high_d,8.496
16,16-QAM,0.95,0.803526122186,2.025,0.208815242493,1,0.0929171547497,256,high_d,8.407
16,16-QAM,0.95,0.803526122186,2.03,0.208563926195,1,0.0924791388679,256,high_d,8.592
16,16-QAM,0.95,0.803526122186,2.035,0.208272576729,1,0.092044267932,256,high_d,8.454
16,16-QAM,0.95,0.803526122186,2.04,0.207942699508,1,0.0916125553851,256,high_d,8.016
16,16-QAM,0.95,0.803526122186,2.045,0.207575816335,1,0.0911840146684,256,high_d,7.141
16,16-QAM,0.95,0.803526122186,2.05,0.207173455374,1,0.0907586590153,256,high_d,5.275
16,16-QAM,0.95,0.803526122186,2.06,0.206268390764,1,0.0899175537569,256,full_d,8.414
16,16-QAM,0.95,0.803526122186,2.07,0.205239533931,1,0.0890893352415,256,full_d,8.562
16,16-QAM,0.95,0.803526122186,2.08,0.204098521546,1,0.0882740871321,256,full_d,8.418
16,16-QAM,0.95,0.803526122186,2.09,0.202856426265,1,0.0874718790279,256,full_d,8.638
16,16-QAM,0.95,0.803526122186,2.1,0.201523629134,1,0.0866827656785,256,full_d,8.692
16,16-QAM,0.95,0.803526122186,2.11,0.200109730723,1,0.0859067872831,256,full_d,8.693
16,16-QAM,0.95,0.803526122186,2.12,0.198623494912,1,0.0851439706437,256,full_d,8.830
16,16-QAM,0.95,0.803526122186,2.13,0.197072819633,0.999999999999,0.0843943309442,256,full_d,8.002
16,16-QAM,0.95,0.803526122186,2.14,0.195464729463,1,0.0836578739398,256,full_d,7.632
16,16-QAM,0.95,0.803526122186,2.15,0.193805386031,0.999999999999,0.0829345983606,256,full_d,7.487
